order_id,order_date,hour,day_of_week,weekend,distance_km,order_value_eur,weight_kg,stock_available,preparation_time_min,carrier_capacity,weather,delivery_zone,customer_type,express_eligible
CMD-000001,2025-01-01 00:00:00.000000,8,2,0,13.75,89.21,16.11,1,43.6,0.98,normal,centre,standard,1
CMD-000002,2025-01-01 01:27:22.473745,19,2,0,17.03,238.79,24.7,1,5.0,0.52,normal,centre,premium,0
CMD-000003,2025-01-01 02:54:44.947491,17,2,0,3.49,18.75,4.03,1,18.4,0.9,normal,rurale,premium,1
CMD-000004,2025-01-01 04:22:07.421236,14,2,0,15.57,94.8,11.41,0,27.6,0.53,normal,rurale,standard,0
CMD-000005,2025-01-01 05:49:29.894982,13,2,0,5.26,218.19,22.66,1,25.0,0.29,pluie,proche_banlieue,standard,1
CMD-000006,2025-01-01 07:16:52.368728,20,2,0,7.91,75.77,18.19,1,34.4,0.75,normal,banlieue,premium,1
CMD-000007,2025-01-01 08:44:14.842473,8,2,0,9.09,76.15,15.42,0,25.8,0.35,normal,centre,standard,0
CMD-000008,2025-01-01 10:11:37.316219,18,2,0,14.71,225.7,6.58,1,19.7,0.84,normal,centre,premium,1
CMD-000009,2025-01-01 11:38:59.789964,10,2,0,11.37,209.34,4.84,0,14.8,0.47,normal,proche_banlieue,premium,1
CMD-000010,2025-01-01 13:06:22.263710,8,2,0,5.11,35.39,9.48,1,13.1,0.81,normal,banlieue,standard,1
CMD-000011,2025-01-01 14:33:44.737456,15,2,0,0.61,149.24,6.53,1,17.6,0.59,normal,banlieue,standard,1
CMD-000012,2025-01-01 16:01:07.211201,22,2,0,9.8,63.61,20.25,0,19.3,0.63,pluie,banlieue,standard,0
CMD-000013,2025-01-01 17:28:29.684947,18,2,0,7.66,61.63,18.07,1,28.8,0.79,normal,rurale,standard,1
CMD-000014,2025-01-01 18:55:52.158693,19,2,0,2.03,157.7,20.91,0,23.4,0.73,normal,centre,premium,1
CMD-000015,2025-01-01 20:23:14.632438,18,2,0,8.37,39.73,4.44,1,18.5,0.73,normal,centre,standard,1
CMD-000016,2025-01-01 21:50:37.106184,19,2,0,6.81,122.75,7.89,1,14.9,0.73,normal,centre,standard,1
CMD-000017,2025-01-01 23:17:59.579929,15,2,0,16.92,71.4,19.26,1,18.0,0.67,normal,rurale,premium,0
CMD-000018,2025-01-02 00:45:22.053675,9,3,0,23.62,214.94,4.26,1,19.4,0.85,normal,proche_banlieue,standard,0
CMD-000019,2025-01-02 02:12:44.527421,20,3,0,13.51,143.08,3.81,0,17.5,0.44,normal,proche_banlieue,standard,0
CMD-000020,2025-01-02 03:40:07.001166,14,3,0,6.51,61.63,9.7,1,31.7,0.35,neige,rurale,standard,1
CMD-000021,2025-01-02 05:07:29.474912,15,3,0,7.3,232.35,4.82,1,38.7,0.79,normal,proche_banlieue,standard,1
CMD-000022,2025-01-02 06:34:51.948658,12,3,0,3.38,207.5,2.16,0,13.2,0.63,normal,proche_banlieue,standard,1
CMD-000023,2025-01-02 08:02:14.422403,9,3,0,3.99,73.67,7.96,1,36.2,0.92,orage,centre,standard,1
CMD-000024,2025-01-02 09:29:36.896149,21,3,0,6.21,240.65,21.91,1,31.9,0.97,normal,proche_banlieue,standard,1
CMD-000025,2025-01-02 10:56:59.369894,19,3,0,5.71,74.26,1.6,0,26.8,0.89,normal,banlieue,standard,1
CMD-000026,2025-01-02 12:24:21.843640,17,3,0,1.91,80.23,14.24,1,40.3,0.64,pluie,rurale,premium,1
CMD-000027,2025-01-02 13:51:44.317386,13,3,0,17.04,102.63,14.16,1,23.3,0.8,normal,centre,premium,0
CMD-000028,2025-01-02 15:19:06.791131,20,3,0,18.67,49.55,13.36,1,29.0,0.47,normal,banlieue,standard,0
CMD-000029,2025-01-02 16:46:29.264877,15,3,0,16.67,174.88,12.74,1,26.2,0.21,pluie,centre,standard,1
CMD-000030,2025-01-02 18:13:51.738623,14,3,0,19.1,143.76,0.63,1,25.5,0.82,normal,banlieue,standard,0
CMD-000031,2025-01-02 19:41:14.212368,14,3,0,28.19,224.67,1.38,1,29.6,0.83,normal,centre,standard,0
CMD-000032,2025-01-02 21:08:36.686114,10,3,0,3.44,67.81,12.88,1,25.5,0.21,normal,centre,premium,1
CMD-000033,2025-01-02 22:35:59.159859,8,3,0,27.4,50.86,24.21,1,29.7,0.89,normal,proche_banlieue,standard,0
CMD-000034,2025-01-03 00:03:21.633605,15,4,0,5.09,96.07,10.32,1,18.3,0.91,neige,rurale,premium,1
CMD-000035,2025-01-03 01:30:44.107351,21,4,0,10.89,45.07,11.91,0,18.6,0.46,neige,centre,standard,1
CMD-000036,2025-01-03 02:58:06.581096,8,4,0,1.44,237.08,24.56,1,18.3,0.21,neige,centre,standard,1
CMD-000037,2025-01-03 04:25:29.054842,20,4,0,4.55,182.19,19.52,1,21.4,0.9,normal,centre,premium,1
CMD-000038,2025-01-03 05:52:51.528588,20,4,0,13.78,201.09,19.3,0,35.1,0.26,orage,rurale,standard,0
CMD-000039,2025-01-03 07:20:14.002333,11,4,0,11.26,189.53,12.72,1,20.4,0.39,pluie,proche_banlieue,standard,1
CMD-000040,2025-01-03 08:47:36.476079,17,4,0,5.0,68.28,22.47,0,31.5,0.63,normal,rurale,standard,0
CMD-000041,2025-01-03 10:14:58.949824,9,4,0,7.3,43.76,14.61,0,27.7,0.85,pluie,centre,standard,0
CMD-000042,2025-01-03 11:42:21.423570,19,4,0,4.15,113.06,16.49,1,20.6,0.83,pluie,proche_banlieue,standard,1
CMD-000043,2025-01-03 13:09:43.897316,18,4,0,13.75,208.96,19.73,1,38.1,0.74,normal,proche_banlieue,standard,1
CMD-000044,2025-01-03 14:37:06.371061,12,4,0,17.81,89.32,10.28,1,32.4,0.86,normal,centre,standard,1
CMD-000045,2025-01-03 16:04:28.844807,8,4,0,3.45,12.3,23.84,1,25.0,0.75,normal,proche_banlieue,standard,1
CMD-000046,2025-01-03 17:31:51.318553,22,4,0,6.74,168.41,24.7,1,24.2,0.71,normal,proche_banlieue,standard,1
CMD-000047,2025-01-03 18:59:13.792298,14,4,0,1.82,58.02,14.76,1,25.9,0.33,normal,centre,standard,1
CMD-000048,2025-01-03 20:26:36.266044,21,4,0,8.18,140.28,5.71,1,9.7,0.55,normal,proche_banlieue,standard,1
CMD-000049,2025-01-03 21:53:58.739789,17,4,0,10.08,13.57,19.42,1,16.8,0.56,normal,banlieue,standard,1
CMD-000050,2025-01-03 23:21:21.213535,19,4,0,8.69,132.12,8.19,1,29.6,0.21,pluie,proche_banlieue,standard,1
CMD-000051,2025-01-04 00:48:43.687281,19,5,1,9.51,104.47,14.51,1,9.2,0.52,pluie,proche_banlieue,premium,1
CMD-000052,2025-01-04 02:16:06.161026,10,5,1,6.18,221.3,2.35,1,17.5,0.38,normal,rurale,standard,1
CMD-000053,2025-01-04 03:43:28.634772,12,5,1,6.3,183.24,20.22,1,21.1,0.27,normal,banlieue,standard,1
CMD-000054,2025-01-04 05:10:51.108518,14,5,1,6.07,18.65,23.99,1,54.0,0.64,normal,banlieue,premium,1
CMD-000055,2025-01-04 06:38:13.582263,14,5,1,4.43,199.49,2.54,1,31.7,0.39,normal,centre,standard,1
CMD-000056,2025-01-04 08:05:36.056009,7,5,1,4.92,199.89,18.34,1,36.0,0.35,pluie,banlieue,premium,1
CMD-000057,2025-01-04 09:32:58.529754,15,5,1,9.75,169.22,21.55,1,16.9,0.83,normal,centre,standard,0
CMD-000058,2025-01-04 11:00:21.003500,9,5,1,17.05,233.03,2.92,1,28.6,0.85,neige,centre,standard,0
CMD-000059,2025-01-04 12:27:43.477246,18,5,1,2.91,202.78,6.32,0,7.4,0.73,normal,proche_banlieue,standard,1
CMD-000060,2025-01-04 13:55:05.950991,17,5,1,6.28,62.54,9.92,1,21.7,0.35,pluie,rurale,standard,1
CMD-000061,2025-01-04 15:22:28.424737,21,5,1,2.35,101.57,20.95,1,30.1,0.71,normal,centre,standard,1
CMD-000062,2025-01-04 16:49:50.898483,18,5,1,4.5,93.98,12.44,1,10.8,0.77,normal,proche_banlieue,standard,1
CMD-000063,2025-01-04 18:17:13.372228,12,5,1,5.17,131.18,3.6,1,28.9,0.39,normal,centre,standard,1
CMD-000064,2025-01-04 19:44:35.845974,22,5,1,7.75,238.89,6.56,1,29.8,0.31,normal,centre,standard,1
CMD-000065,2025-01-04 21:11:58.319719,13,5,1,7.59,157.74,11.79,1,19.0,0.55,normal,proche_banlieue,standard,1
CMD-000066,2025-01-04 22:39:20.793465,12,5,1,6.69,85.11,1.17,1,16.7,0.54,normal,centre,premium,1
CMD-000067,2025-01-05 00:06:43.267211,21,6,1,9.18,235.96,15.85,1,17.8,0.32,normal,banlieue,standard,1
CMD-000068,2025-01-05 01:34:05.740956,12,6,1,3.18,178.07,0.83,1,21.5,0.35,normal,centre,premium,1
CMD-000069,2025-01-05 03:01:28.214702,8,6,1,7.8,73.86,19.57,0,21.8,0.6,normal,proche_banlieue,standard,0
CMD-000070,2025-01-05 04:28:50.688448,14,6,1,11.49,227.56,18.4,1,30.1,0.62,normal,centre,premium,1
CMD-000071,2025-01-05 05:56:13.162193,19,6,1,3.15,92.61,21.66,0,19.7,0.63,normal,centre,premium,1
CMD-000072,2025-01-05 07:23:35.635939,10,6,1,1.14,133.89,4.11,1,41.0,0.99,normal,proche_banlieue,premium,1
CMD-000073,2025-01-05 08:50:58.109684,14,6,1,13.68,125.01,15.14,1,40.9,0.23,normal,proche_banlieue,premium,0
CMD-000074,2025-01-05 10:18:20.583430,9,6,1,2.42,231.67,19.57,1,27.4,0.83,normal,centre,premium,1
CMD-000075,2025-01-05 11:45:43.057176,17,6,1,4.32,73.76,12.99,1,21.6,0.48,normal,centre,standard,1
CMD-000076,2025-01-05 13:13:05.530921,14,6,1,11.26,89.99,3.44,1,19.7,0.8,normal,centre,premium,0
CMD-000077,2025-01-05 14:40:28.004667,12,6,1,3.0,168.44,2.65,1,28.2,0.79,normal,banlieue,standard,1
CMD-000078,2025-01-05 16:07:50.478413,10,6,1,13.03,222.79,15.23,1,29.9,0.7,normal,rurale,premium,0
CMD-000079,2025-01-05 17:35:12.952158,16,6,1,3.79,37.57,12.54,1,23.0,0.7,normal,centre,standard,1
CMD-000080,2025-01-05 19:02:35.425904,17,6,1,3.38,60.37,23.25,1,21.1,0.73,normal,centre,standard,1
CMD-000081,2025-01-05 20:29:57.899649,22,6,1,2.36,237.53,20.88,0,28.5,0.8,normal,proche_banlieue,standard,1
CMD-000082,2025-01-05 21:57:20.373395,13,6,1,3.82,196.55,18.15,1,25.7,0.31,normal,banlieue,standard,1
CMD-000083,2025-01-05 23:24:42.847141,9,6,1,10.21,93.06,24.56,1,19.3,0.49,normal,centre,standard,1
CMD-000084,2025-01-06 00:52:05.320886,20,0,0,4.32,95.83,17.43,1,26.1,0.87,normal,centre,standard,1
CMD-000085,2025-01-06 02:19:27.794632,17,0,0,13.71,122.69,2.49,1,18.9,0.64,pluie,proche_banlieue,standard,1
CMD-000086,2025-01-06 03:46:50.268378,18,0,0,6.9,171.71,2.12,1,17.5,0.31,pluie,banlieue,standard,1
CMD-000087,2025-01-06 05:14:12.742123,8,0,0,7.37,144.65,20.43,1,25.0,0.97,normal,proche_banlieue,standard,1
CMD-000088,2025-01-06 06:41:35.215869,11,0,0,3.29,196.27,9.15,1,19.3,0.99,pluie,banlieue,standard,1
CMD-000089,2025-01-06 08:08:57.689614,19,0,0,15.12,23.0,23.12,1,17.7,0.61,neige,centre,standard,0
CMD-000090,2025-01-06 09:36:20.163360,20,0,0,11.56,206.57,3.13,0,35.5,0.63,neige,proche_banlieue,standard,0
CMD-000091,2025-01-06 11:03:42.637106,13,0,0,11.33,23.93,5.13,1,21.1,0.43,normal,banlieue,standard,0
CMD-000092,2025-01-06 12:31:05.110851,19,0,0,5.91,221.43,19.37,1,43.4,0.61,neige,banlieue,standard,1
CMD-000093,2025-01-06 13:58:27.584597,20,0,0,2.07,20.38,21.22,1,31.3,0.98,normal,centre,premium,1
CMD-000094,2025-01-06 15:25:50.058343,13,0,0,7.67,40.68,21.71,1,16.8,0.4,normal,proche_banlieue,premium,1
CMD-000095,2025-01-06 16:53:12.532088,21,0,0,9.9,53.24,2.66,1,36.6,0.44,normal,centre,standard,1
CMD-000096,2025-01-06 18:20:35.005834,11,0,0,9.97,63.53,9.67,1,17.8,0.92,normal,rurale,premium,1
CMD-000097,2025-01-06 19:47:57.479579,10,0,0,9.03,106.42,16.23,1,44.7,0.51,normal,centre,standard,1
CMD-000098,2025-01-06 21:15:19.953325,17,0,0,8.76,167.32,22.99,1,27.3,0.98,normal,rurale,standard,1
CMD-000099,2025-01-06 22:42:42.427071,17,0,0,3.77,224.22,6.13,1,30.4,0.48,pluie,rurale,standard,1
CMD-000100,2025-01-07 00:10:04.900816,9,1,0,3.94,135.88,15.09,1,25.3,0.2,normal,proche_banlieue,standard,1
CMD-000101,2025-01-07 01:37:27.374562,20,1,0,2.38,137.8,3.76,1,27.7,0.96,normal,rurale,premium,1
CMD-000102,2025-01-07 03:04:49.848308,10,1,0,13.82,86.63,18.73,1,22.7,0.39,normal,centre,premium,0
CMD-000103,2025-01-07 04:32:12.322053,19,1,0,22.92,202.16,3.36,1,15.7,0.76,normal,centre,standard,1
CMD-000104,2025-01-07 05:59:34.795799,7,1,0,37.78,36.52,25.0,1,28.4,0.24,normal,proche_banlieue,standard,0
CMD-000105,2025-01-07 07:26:57.269544,19,1,0,8.07,82.26,2.49,1,35.2,0.8,pluie,banlieue,standard,1
CMD-000106,2025-01-07 08:54:19.743290,19,1,0,8.78,33.28,17.2,0,13.1,0.38,normal,rurale,premium,0
CMD-000107,2025-01-07 10:21:42.217036,19,1,0,6.1,61.4,19.47,1,40.4,0.84,orage,proche_banlieue,standard,1
CMD-000108,2025-01-07 11:49:04.690781,17,1,0,7.98,150.78,6.6,1,31.0,0.97,normal,centre,standard,1
CMD-000109,2025-01-07 13:16:27.164527,14,1,0,2.99,40.23,6.52,1,20.6,0.24,normal,centre,premium,1
CMD-000110,2025-01-07 14:43:49.638273,18,1,0,6.0,34.15,14.98,1,20.5,0.49,normal,proche_banlieue,standard,1
CMD-000111,2025-01-07 16:11:12.112018,11,1,0,3.41,208.22,15.84,0,43.6,0.77,pluie,banlieue,standard,0
CMD-000112,2025-01-07 17:38:34.585764,19,1,0,5.4,38.39,18.07,1,34.4,1.0,pluie,proche_banlieue,premium,1
CMD-000113,2025-01-07 19:05:57.059509,15,1,0,3.67,155.93,14.59,1,36.4,0.49,pluie,rurale,standard,1
CMD-000114,2025-01-07 20:33:19.533255,14,1,0,9.91,94.48,4.53,1,22.5,1.0,normal,centre,standard,1
CMD-000115,2025-01-07 22:00:42.007001,15,1,0,10.81,225.13,23.12,0,30.6,0.92,normal,proche_banlieue,standard,0
CMD-000116,2025-01-07 23:28:04.480746,16,1,0,8.58,179.81,4.33,1,28.5,0.78,normal,centre,standard,1
CMD-000117,2025-01-08 00:55:26.954492,7,2,0,3.95,24.26,14.22,1,23.3,0.51,orage,banlieue,premium,1
CMD-000118,2025-01-08 02:22:49.428238,9,2,0,2.22,224.91,23.02,1,26.1,0.63,normal,banlieue,standard,1
CMD-000119,2025-01-08 03:50:11.901983,10,2,0,10.89,109.34,22.84,1,36.1,0.78,normal,proche_banlieue,standard,1
CMD-000120,2025-01-08 05:17:34.375729,8,2,0,6.87,81.57,4.36,1,41.0,0.75,normal,proche_banlieue,standard,1
CMD-000121,2025-01-08 06:44:56.849474,14,2,0,1.08,171.47,6.12,1,22.5,0.43,normal,centre,standard,1
CMD-000122,2025-01-08 08:12:19.323220,17,2,0,7.62,182.31,15.13,1,11.9,0.65,neige,rurale,premium,1
CMD-000123,2025-01-08 09:39:41.796966,17,2,0,8.83,82.78,8.56,1,41.4,0.87,pluie,banlieue,standard,1
CMD-000124,2025-01-08 11:07:04.270711,14,2,0,1.54,94.4,18.33,1,41.6,0.58,normal,banlieue,standard,1
CMD-000125,2025-01-08 12:34:26.744457,20,2,0,10.03,47.52,13.16,1,29.0,0.65,pluie,centre,standard,1
CMD-000126,2025-01-08 14:01:49.218203,16,2,0,1.8,152.43,6.8,1,42.9,0.46,neige,centre,standard,1
CMD-000127,2025-01-08 15:29:11.691948,8,2,0,3.59,239.66,10.39,1,28.3,0.33,pluie,proche_banlieue,premium,1
CMD-000128,2025-01-08 16:56:34.165694,19,2,0,1.82,109.99,17.34,1,15.9,0.25,normal,proche_banlieue,standard,1
CMD-000129,2025-01-08 18:23:56.639439,16,2,0,3.26,249.09,19.67,1,11.9,0.52,pluie,proche_banlieue,standard,1
CMD-000130,2025-01-08 19:51:19.113185,17,2,0,2.24,52.34,9.37,1,11.8,0.71,pluie,proche_banlieue,premium,1
CMD-000131,2025-01-08 21:18:41.586931,16,2,0,13.76,201.06,2.8,0,25.0,0.81,neige,proche_banlieue,standard,1
CMD-000132,2025-01-08 22:46:04.060676,15,2,0,5.66,232.75,8.96,1,20.3,0.27,pluie,proche_banlieue,standard,1
CMD-000133,2025-01-09 00:13:26.534422,8,3,0,4.73,175.13,15.84,1,19.2,0.45,normal,centre,standard,1
CMD-000134,2025-01-09 01:40:49.008168,15,3,0,14.66,36.24,19.04,1,23.9,0.85,normal,banlieue,standard,1
CMD-000135,2025-01-09 03:08:11.481913,19,3,0,14.15,88.37,22.02,1,33.6,0.29,normal,banlieue,standard,1
CMD-000136,2025-01-09 04:35:33.955659,11,3,0,5.05,30.56,24.06,0,19.5,0.99,normal,proche_banlieue,premium,0
CMD-000137,2025-01-09 06:02:56.429404,16,3,0,8.46,154.42,13.33,1,17.8,0.71,pluie,rurale,standard,1
CMD-000138,2025-01-09 07:30:18.903150,7,3,0,4.22,249.56,22.03,0,20.2,0.95,orage,rurale,standard,1
CMD-000139,2025-01-09 08:57:41.376896,12,3,0,6.35,99.94,6.7,1,34.2,0.78,normal,proche_banlieue,standard,1
CMD-000140,2025-01-09 10:25:03.850641,13,3,0,2.65,49.11,14.08,1,24.3,0.97,normal,banlieue,premium,1
CMD-000141,2025-01-09 11:52:26.324387,22,3,0,9.38,74.47,13.58,1,27.8,0.73,pluie,proche_banlieue,standard,0
CMD-000142,2025-01-09 13:19:48.798133,10,3,0,15.06,146.99,19.26,1,40.5,0.41,normal,centre,standard,1
CMD-000143,2025-01-09 14:47:11.271878,11,3,0,13.29,146.55,19.37,1,53.4,0.84,normal,centre,standard,1
CMD-000144,2025-01-09 16:14:33.745624,13,3,0,7.12,65.16,7.28,0,31.4,0.38,pluie,proche_banlieue,standard,0
CMD-000145,2025-01-09 17:41:56.219369,22,3,0,0.96,190.17,22.17,1,30.4,0.65,normal,centre,standard,1
CMD-000146,2025-01-09 19:09:18.693115,20,3,0,4.05,31.12,22.31,1,13.2,0.5,pluie,rurale,standard,1
CMD-000147,2025-01-09 20:36:41.166861,7,3,0,6.35,159.53,23.72,1,28.7,0.84,normal,rurale,standard,1
CMD-000148,2025-01-09 22:04:03.640606,10,3,0,1.96,112.17,11.55,1,25.6,0.81,pluie,proche_banlieue,standard,1
CMD-000149,2025-01-09 23:31:26.114352,20,3,0,1.63,40.52,24.69,1,33.9,0.89,normal,proche_banlieue,standard,1
CMD-000150,2025-01-10 00:58:48.588098,7,4,0,17.9,162.25,19.67,0,21.1,0.4,normal,rurale,premium,1
CMD-000151,2025-01-10 02:26:11.061843,20,4,0,12.24,171.53,16.4,1,27.0,1.0,normal,banlieue,standard,1
CMD-000152,2025-01-10 03:53:33.535589,11,4,0,9.9,115.6,10.92,1,31.1,0.84,normal,centre,standard,1
CMD-000153,2025-01-10 05:20:56.009334,21,4,0,11.27,201.52,21.09,0,44.0,0.51,normal,rurale,standard,0
CMD-000154,2025-01-10 06:48:18.483080,11,4,0,2.31,132.24,19.15,1,40.6,0.3,pluie,proche_banlieue,standard,1
CMD-000155,2025-01-10 08:15:40.956826,13,4,0,3.16,78.58,14.72,0,37.7,0.48,normal,centre,standard,0
CMD-000156,2025-01-10 09:43:03.430571,17,4,0,8.09,238.86,24.93,1,32.3,0.28,pluie,centre,standard,1
CMD-000157,2025-01-10 11:10:25.904317,9,4,0,8.56,236.57,6.39,1,20.7,0.69,pluie,banlieue,standard,0
CMD-000158,2025-01-10 12:37:48.378063,15,4,0,1.84,32.95,16.12,1,32.3,0.29,normal,centre,standard,1
CMD-000159,2025-01-10 14:05:10.851808,15,4,0,7.67,237.06,8.16,1,17.3,0.54,normal,rurale,standard,1
CMD-000160,2025-01-10 15:32:33.325554,19,4,0,6.44,196.12,11.55,1,22.9,0.73,normal,banlieue,standard,1
CMD-000161,2025-01-10 16:59:55.799299,22,4,0,13.0,35.59,8.61,1,42.8,0.56,pluie,centre,premium,0
CMD-000162,2025-01-10 18:27:18.273045,17,4,0,8.59,134.64,8.5,1,30.4,0.91,normal,proche_banlieue,standard,1
CMD-000163,2025-01-10 19:54:40.746791,13,4,0,19.27,18.39,9.55,1,27.3,0.39,normal,proche_banlieue,standard,1
CMD-000164,2025-01-10 21:22:03.220536,13,4,0,5.07,151.33,1.61,1,28.6,0.62,pluie,centre,standard,1
CMD-000165,2025-01-10 22:49:25.694282,13,4,0,2.47,233.97,1.19,1,24.1,0.93,normal,proche_banlieue,premium,1
CMD-000166,2025-01-11 00:16:48.168028,20,5,1,18.94,98.37,18.18,1,5.0,0.48,normal,rurale,standard,1
CMD-000167,2025-01-11 01:44:10.641773,12,5,1,8.92,132.07,7.91,1,12.4,0.58,normal,banlieue,standard,1
CMD-000168,2025-01-11 03:11:33.115519,9,5,1,6.47,64.61,0.73,1,31.2,0.95,normal,proche_banlieue,standard,1
CMD-000169,2025-01-11 04:38:55.589264,12,5,1,3.27,139.83,2.22,1,15.8,0.6,pluie,rurale,standard,1
CMD-000170,2025-01-11 06:06:18.063010,7,5,1,5.12,202.62,5.06,1,23.9,0.89,pluie,rurale,standard,1
CMD-000171,2025-01-11 07:33:40.536756,8,5,1,4.9,61.66,1.4,0,12.7,0.95,normal,rurale,standard,1
CMD-000172,2025-01-11 09:01:03.010501,8,5,1,2.36,142.84,23.66,1,17.8,0.4,pluie,centre,premium,1
CMD-000173,2025-01-11 10:28:25.484247,19,5,1,0.63,95.11,14.3,1,25.0,0.83,normal,centre,standard,1
CMD-000174,2025-01-11 11:55:47.957992,18,5,1,4.81,189.49,9.97,1,34.2,0.72,normal,banlieue,standard,1
CMD-000175,2025-01-11 13:23:10.431738,18,5,1,11.48,178.49,13.41,1,36.2,0.99,normal,centre,standard,0
CMD-000176,2025-01-11 14:50:32.905484,14,5,1,15.93,177.71,3.0,1,17.7,0.67,normal,proche_banlieue,premium,1
CMD-000177,2025-01-11 16:17:55.379229,18,5,1,13.35,100.67,17.61,1,28.1,0.83,pluie,banlieue,standard,0
CMD-000178,2025-01-11 17:45:17.852975,9,5,1,13.89,153.83,24.25,1,10.7,0.48,normal,rurale,premium,1
CMD-000179,2025-01-11 19:12:40.326721,21,5,1,2.64,166.26,3.44,1,25.6,0.69,normal,proche_banlieue,standard,1
CMD-000180,2025-01-11 20:40:02.800466,15,5,1,8.2,173.4,3.98,1,34.5,0.82,normal,banlieue,standard,1
CMD-000181,2025-01-11 22:07:25.274212,22,5,1,9.96,148.06,15.79,1,24.3,0.97,pluie,proche_banlieue,standard,1
CMD-000182,2025-01-11 23:34:47.747957,9,5,1,10.41,218.03,3.97,1,38.2,0.4,normal,banlieue,standard,1
CMD-000183,2025-01-12 01:02:10.221703,14,6,1,6.36,69.71,3.33,1,33.4,0.26,pluie,centre,premium,1
CMD-000184,2025-01-12 02:29:32.695449,18,6,1,7.48,23.39,16.83,1,27.4,0.98,normal,centre,standard,1
CMD-000185,2025-01-12 03:56:55.169194,14,6,1,13.08,241.0,15.54,1,22.5,0.68,normal,banlieue,standard,0
CMD-000186,2025-01-12 05:24:17.642940,14,6,1,9.7,24.58,5.6,1,19.7,0.21,pluie,proche_banlieue,standard,1
CMD-000187,2025-01-12 06:51:40.116686,9,6,1,11.0,226.71,20.61,1,10.4,0.62,normal,banlieue,standard,1
CMD-000188,2025-01-12 08:19:02.590431,13,6,1,4.63,156.95,2.81,1,12.0,0.95,normal,centre,standard,1
CMD-000189,2025-01-12 09:46:25.064177,10,6,1,10.6,230.5,8.45,1,34.9,0.99,normal,centre,standard,1
CMD-000190,2025-01-12 11:13:47.537922,11,6,1,7.41,145.59,18.52,1,40.1,0.46,normal,centre,standard,1
CMD-000191,2025-01-12 12:41:10.011668,17,6,1,12.19,207.04,15.42,1,14.2,0.83,normal,banlieue,premium,1
CMD-000192,2025-01-12 14:08:32.485414,17,6,1,3.77,183.11,15.08,1,25.7,0.57,pluie,banlieue,standard,1
CMD-000193,2025-01-12 15:35:54.959159,16,6,1,11.51,136.03,17.22,1,9.3,0.52,normal,proche_banlieue,premium,1
CMD-000194,2025-01-12 17:03:17.432905,12,6,1,5.18,97.2,16.23,1,15.2,0.81,pluie,centre,premium,1
CMD-000195,2025-01-12 18:30:39.906651,22,6,1,11.55,10.69,21.88,1,27.6,0.42,normal,centre,standard,0
CMD-000196,2025-01-12 19:58:02.380396,8,6,1,8.24,70.22,14.31,1,19.8,0.54,pluie,centre,standard,1
CMD-000197,2025-01-12 21:25:24.854142,12,6,1,7.0,238.42,10.15,1,5.8,0.4,pluie,centre,standard,1
CMD-000198,2025-01-12 22:52:47.327887,8,6,1,5.41,76.11,19.2,1,42.2,0.31,neige,rurale,standard,1
CMD-000199,2025-01-13 00:20:09.801633,12,0,0,6.49,190.44,6.63,1,24.5,0.5,pluie,centre,premium,1
CMD-000200,2025-01-13 01:47:32.275379,22,0,0,4.82,132.04,19.04,1,14.0,0.97,pluie,centre,standard,1
CMD-000201,2025-01-13 03:14:54.749124,12,0,0,5.32,84.04,7.14,1,26.3,0.54,orage,banlieue,standard,1
CMD-000202,2025-01-13 04:42:17.222870,21,0,0,9.52,247.86,12.11,1,24.2,0.75,pluie,rurale,standard,1
CMD-000203,2025-01-13 06:09:39.696616,14,0,0,1.3,21.27,18.53,1,29.2,0.43,pluie,banlieue,standard,1
CMD-000204,2025-01-13 07:37:02.170361,18,0,0,11.44,149.7,15.77,1,21.6,0.89,normal,centre,standard,1
CMD-000205,2025-01-13 09:04:24.644107,14,0,0,11.58,120.76,2.33,1,28.1,0.7,pluie,proche_banlieue,standard,1
CMD-000206,2025-01-13 10:31:47.117852,11,0,0,5.54,28.37,11.27,0,34.4,0.96,normal,centre,standard,1
CMD-000207,2025-01-13 11:59:09.591598,19,0,0,7.63,61.38,20.33,1,11.8,0.46,orage,centre,standard,1
CMD-000208,2025-01-13 13:26:32.065344,22,0,0,2.96,176.62,24.92,1,18.1,0.63,pluie,banlieue,standard,1
CMD-000209,2025-01-13 14:53:54.539089,11,0,0,9.08,36.0,11.78,1,33.4,0.35,normal,banlieue,standard,1
CMD-000210,2025-01-13 16:21:17.012835,19,0,0,3.31,202.25,2.33,0,19.5,0.31,normal,centre,standard,1
CMD-000211,2025-01-13 17:48:39.486581,11,0,0,0.18,160.01,9.28,1,24.2,0.67,normal,banlieue,standard,1
CMD-000212,2025-01-13 19:16:01.960326,18,0,0,15.52,34.21,12.35,1,20.3,0.84,normal,banlieue,standard,1
CMD-000213,2025-01-13 20:43:24.434072,19,0,0,2.67,78.84,2.02,1,20.9,0.36,pluie,proche_banlieue,premium,1
CMD-000214,2025-01-13 22:10:46.907817,14,0,0,6.38,42.92,21.63,1,20.1,0.76,normal,centre,standard,1
CMD-000215,2025-01-13 23:38:09.381563,18,0,0,7.84,201.42,13.56,1,12.4,0.74,normal,rurale,standard,1
CMD-000216,2025-01-14 01:05:31.855309,11,1,0,9.5,137.91,10.52,1,29.6,0.59,normal,centre,standard,1
CMD-000217,2025-01-14 02:32:54.329054,8,1,0,6.82,10.68,10.05,1,35.6,0.81,pluie,centre,standard,1
CMD-000218,2025-01-14 04:00:16.802800,8,1,0,8.36,140.3,0.9,1,23.2,0.68,normal,centre,premium,1
CMD-000219,2025-01-14 05:27:39.276546,14,1,0,5.43,125.87,13.07,0,34.5,0.96,normal,banlieue,standard,0
CMD-000220,2025-01-14 06:55:01.750291,21,1,0,1.58,164.34,11.99,0,20.1,0.81,normal,rurale,standard,1
CMD-000221,2025-01-14 08:22:24.224037,9,1,0,6.62,18.36,8.78,1,19.5,0.91,normal,centre,standard,1
CMD-000222,2025-01-14 09:49:46.697782,14,1,0,10.44,18.5,16.54,1,29.1,0.49,pluie,centre,premium,1
CMD-000223,2025-01-14 11:17:09.171528,18,1,0,2.82,93.85,10.39,0,29.3,0.85,pluie,rurale,standard,0
CMD-000224,2025-01-14 12:44:31.645274,10,1,0,7.9,175.25,14.38,1,23.9,0.99,normal,banlieue,standard,1
CMD-000225,2025-01-14 14:11:54.119019,18,1,0,21.83,169.97,22.15,0,31.8,0.33,pluie,rurale,standard,0
CMD-000226,2025-01-14 15:39:16.592765,11,1,0,6.29,76.78,9.22,1,12.1,0.61,pluie,banlieue,premium,1
CMD-000227,2025-01-14 17:06:39.066511,19,1,0,6.55,61.86,10.07,1,22.0,0.89,normal,banlieue,standard,1
CMD-000228,2025-01-14 18:34:01.540256,16,1,0,1.44,173.95,21.67,1,34.6,0.52,normal,proche_banlieue,premium,1
CMD-000229,2025-01-14 20:01:24.014002,15,1,0,2.52,16.51,9.08,1,34.6,0.61,normal,centre,premium,1
CMD-000230,2025-01-14 21:28:46.487747,9,1,0,3.34,143.63,11.1,1,33.4,0.8,normal,proche_banlieue,standard,1
CMD-000231,2025-01-14 22:56:08.961493,14,1,0,10.16,111.78,20.06,1,35.2,0.86,normal,proche_banlieue,standard,1
CMD-000232,2025-01-15 00:23:31.435239,20,2,0,3.0,67.38,14.88,1,21.3,0.36,neige,proche_banlieue,premium,1
CMD-000233,2025-01-15 01:50:53.908984,7,2,0,8.95,134.87,23.36,1,7.9,0.51,normal,proche_banlieue,standard,1
CMD-000234,2025-01-15 03:18:16.382730,19,2,0,3.62,62.12,11.87,1,22.4,0.52,neige,centre,standard,1
CMD-000235,2025-01-15 04:45:38.856476,14,2,0,1.5,145.44,12.08,1,31.4,0.32,normal,banlieue,standard,1
CMD-000236,2025-01-15 06:13:01.330221,18,2,0,11.04,45.75,1.26,1,33.0,0.27,normal,proche_banlieue,standard,0
CMD-000237,2025-01-15 07:40:23.803967,17,2,0,4.95,107.37,5.09,1,19.7,0.8,pluie,banlieue,premium,1
CMD-000238,2025-01-15 09:07:46.277712,13,2,0,9.55,132.5,13.59,1,15.3,0.88,pluie,centre,premium,1
CMD-000239,2025-01-15 10:35:08.751458,11,2,0,1.45,17.61,4.84,1,16.3,0.96,orage,proche_banlieue,standard,1
CMD-000240,2025-01-15 12:02:31.225204,17,2,0,0.54,156.57,11.45,1,19.6,0.97,normal,proche_banlieue,standard,1
CMD-000241,2025-01-15 13:29:53.698949,9,2,0,7.36,190.08,7.23,1,6.0,1.0,normal,centre,premium,1
CMD-000242,2025-01-15 14:57:16.172695,16,2,0,2.43,239.46,0.72,1,19.7,0.27,normal,proche_banlieue,standard,1
CMD-000243,2025-01-15 16:24:38.646441,8,2,0,7.28,58.75,11.98,1,25.5,0.52,normal,proche_banlieue,standard,1
CMD-000244,2025-01-15 17:52:01.120186,17,2,0,7.4,60.09,16.23,1,24.0,0.27,normal,banlieue,standard,1
CMD-000245,2025-01-15 19:19:23.593932,17,2,0,6.71,83.16,8.59,1,21.7,0.74,pluie,centre,standard,1
CMD-000246,2025-01-15 20:46:46.067677,8,2,0,13.81,223.78,19.46,1,18.1,0.98,normal,banlieue,standard,1
CMD-000247,2025-01-15 22:14:08.541423,19,2,0,8.83,107.65,3.82,1,19.3,0.23,pluie,centre,standard,1
CMD-000248,2025-01-15 23:41:31.015169,13,2,0,21.82,82.43,2.46,1,19.4,0.62,pluie,proche_banlieue,premium,1
CMD-000249,2025-01-16 01:08:53.488914,19,3,0,5.06,187.88,23.38,1,32.1,0.63,normal,banlieue,premium,1
CMD-000250,2025-01-16 02:36:15.962660,7,3,0,2.0,19.12,23.06,1,25.0,0.33,normal,centre,standard,1
CMD-000251,2025-01-16 04:03:38.436406,9,3,0,3.84,141.72,10.28,1,56.7,0.87,pluie,centre,standard,1
CMD-000252,2025-01-16 05:31:00.910151,14,3,0,5.3,118.05,10.61,1,21.7,0.52,normal,centre,standard,1
CMD-000253,2025-01-16 06:58:23.383897,10,3,0,23.04,159.97,21.31,1,29.4,0.54,normal,proche_banlieue,standard,0
CMD-000254,2025-01-16 08:25:45.857642,12,3,0,7.0,185.46,13.36,1,21.9,0.97,normal,proche_banlieue,standard,1
CMD-000255,2025-01-16 09:53:08.331388,17,3,0,14.16,88.0,3.1,1,21.7,0.4,normal,rurale,premium,1
CMD-000256,2025-01-16 11:20:30.805134,9,3,0,4.72,162.74,3.05,1,40.6,0.51,normal,centre,standard,1
CMD-000257,2025-01-16 12:47:53.278879,17,3,0,4.26,135.84,3.45,1,35.0,0.82,normal,rurale,standard,1
CMD-000258,2025-01-16 14:15:15.752625,8,3,0,1.38,42.15,19.56,1,7.5,0.58,normal,rurale,standard,1
CMD-000259,2025-01-16 15:42:38.226371,9,3,0,22.55,221.61,15.13,0,14.8,0.68,pluie,centre,standard,0
CMD-000260,2025-01-16 17:10:00.700116,16,3,0,17.42,191.1,7.63,1,23.6,0.58,normal,banlieue,standard,1
CMD-000261,2025-01-16 18:37:23.173862,19,3,0,7.96,231.2,4.22,0,19.8,0.43,normal,rurale,standard,1
CMD-000262,2025-01-16 20:04:45.647607,9,3,0,5.56,182.9,3.26,1,9.9,0.33,normal,centre,standard,1
CMD-000263,2025-01-16 21:32:08.121353,11,3,0,7.21,68.75,18.59,1,26.2,0.88,normal,proche_banlieue,standard,1
CMD-000264,2025-01-16 22:59:30.595099,21,3,0,1.92,113.33,22.17,1,6.2,0.42,normal,banlieue,premium,1
CMD-000265,2025-01-17 00:26:53.068844,22,4,0,9.54,102.85,13.37,0,26.3,1.0,normal,banlieue,standard,1
CMD-000266,2025-01-17 01:54:15.542590,16,4,0,16.47,18.6,19.36,1,32.3,0.21,pluie,banlieue,standard,0
CMD-000267,2025-01-17 03:21:38.016336,14,4,0,17.03,108.53,7.22,1,33.7,0.91,normal,proche_banlieue,standard,0
CMD-000268,2025-01-17 04:49:00.490081,12,4,0,1.45,92.94,14.72,1,23.6,0.96,pluie,centre,standard,1
CMD-000269,2025-01-17 06:16:22.963827,16,4,0,14.08,10.94,11.06,0,40.1,0.25,normal,banlieue,premium,0
CMD-000270,2025-01-17 07:43:45.437572,16,4,0,1.93,213.31,2.37,1,28.3,0.7,normal,proche_banlieue,premium,1
CMD-000271,2025-01-17 09:11:07.911318,11,4,0,0.6,44.53,12.29,1,33.5,0.83,neige,banlieue,standard,1
CMD-000272,2025-01-17 10:38:30.385064,7,4,0,14.44,130.23,21.2,1,17.6,0.69,pluie,proche_banlieue,standard,1
CMD-000273,2025-01-17 12:05:52.858809,9,4,0,4.41,198.32,1.48,1,40.2,0.9,normal,proche_banlieue,standard,1
CMD-000274,2025-01-17 13:33:15.332555,22,4,0,13.07,155.08,12.03,0,25.0,0.31,normal,rurale,standard,1
CMD-000275,2025-01-17 15:00:37.806301,13,4,0,12.28,50.64,21.86,1,40.8,0.96,normal,banlieue,standard,0
CMD-000276,2025-01-17 16:28:00.280046,14,4,0,11.21,158.37,19.79,1,38.6,0.64,pluie,banlieue,standard,1
CMD-000277,2025-01-17 17:55:22.753792,14,4,0,7.14,191.82,12.44,0,27.6,0.48,normal,rurale,standard,0
CMD-000278,2025-01-17 19:22:45.227537,19,4,0,2.16,215.14,4.45,1,29.1,0.62,normal,centre,standard,1
CMD-000279,2025-01-17 20:50:07.701283,8,4,0,5.31,86.48,21.24,1,23.2,0.47,normal,banlieue,standard,1
CMD-000280,2025-01-17 22:17:30.175029,8,4,0,17.22,18.14,4.0,1,16.8,0.56,pluie,proche_banlieue,premium,1
CMD-000281,2025-01-17 23:44:52.648774,11,4,0,13.31,155.91,7.07,1,31.0,0.33,normal,proche_banlieue,premium,1
CMD-000282,2025-01-18 01:12:15.122520,14,5,1,5.54,64.18,3.28,1,30.4,0.88,normal,banlieue,standard,1
CMD-000283,2025-01-18 02:39:37.596266,17,5,1,5.49,197.41,11.58,1,8.8,0.51,neige,rurale,standard,0
CMD-000284,2025-01-18 04:07:00.070011,14,5,1,10.52,173.17,15.8,0,24.2,0.57,neige,proche_banlieue,standard,1
CMD-000285,2025-01-18 05:34:22.543757,14,5,1,7.54,195.56,20.71,1,33.7,0.93,pluie,banlieue,standard,1
CMD-000286,2025-01-18 07:01:45.017502,22,5,1,5.77,242.21,11.64,1,39.7,0.93,normal,proche_banlieue,standard,1
CMD-000287,2025-01-18 08:29:07.491248,9,5,1,9.9,150.29,24.27,1,32.3,0.83,normal,banlieue,premium,0
CMD-000288,2025-01-18 09:56:29.964994,16,5,1,9.67,227.04,14.98,0,9.8,0.22,normal,rurale,standard,1
CMD-000289,2025-01-18 11:23:52.438739,15,5,1,3.93,164.05,15.19,1,14.5,0.93,pluie,banlieue,standard,1
CMD-000290,2025-01-18 12:51:14.912485,14,5,1,8.68,53.62,4.55,1,21.5,0.35,normal,banlieue,standard,1
CMD-000291,2025-01-18 14:18:37.386231,19,5,1,9.25,201.83,4.91,0,39.0,0.55,normal,banlieue,standard,1
CMD-000292,2025-01-18 15:45:59.859976,11,5,1,6.73,176.49,14.5,1,18.9,0.92,neige,centre,premium,1
CMD-000293,2025-01-18 17:13:22.333722,22,5,1,3.57,244.71,18.08,0,35.6,0.28,normal,banlieue,standard,0
CMD-000294,2025-01-18 18:40:44.807467,12,5,1,5.18,68.42,5.28,1,18.8,0.31,neige,banlieue,premium,1
CMD-000295,2025-01-18 20:08:07.281213,15,5,1,2.95,89.95,12.2,1,30.3,0.66,normal,proche_banlieue,standard,1
CMD-000296,2025-01-18 21:35:29.754959,15,5,1,8.86,207.16,9.03,1,15.6,0.57,normal,rurale,standard,0
CMD-000297,2025-01-18 23:02:52.228704,20,5,1,1.46,25.09,11.08,0,23.1,0.51,normal,proche_banlieue,standard,1
CMD-000298,2025-01-19 00:30:14.702450,14,6,1,18.41,161.97,5.71,1,13.7,0.85,normal,centre,standard,0
CMD-000299,2025-01-19 01:57:37.176196,11,6,1,15.95,138.51,3.69,1,39.4,0.92,orage,banlieue,standard,0
CMD-000300,2025-01-19 03:24:59.649941,7,6,1,9.41,50.52,8.15,1,18.1,0.99,pluie,centre,standard,1
CMD-000301,2025-01-19 04:52:22.123687,12,6,1,12.77,49.63,21.75,1,9.5,0.3,normal,banlieue,standard,0
CMD-000302,2025-01-19 06:19:44.597432,20,6,1,12.19,204.45,20.17,1,8.7,0.74,normal,rurale,standard,0
CMD-000303,2025-01-19 07:47:07.071178,7,6,1,7.62,13.71,2.72,0,24.1,0.9,normal,banlieue,standard,1
CMD-000304,2025-01-19 09:14:29.544924,21,6,1,5.9,189.24,2.38,1,20.4,0.39,pluie,banlieue,standard,0
CMD-000305,2025-01-19 10:41:52.018669,15,6,1,5.38,185.84,12.43,1,31.5,0.58,normal,rurale,standard,1
CMD-000306,2025-01-19 12:09:14.492415,9,6,1,18.87,165.92,7.08,1,22.6,0.21,normal,proche_banlieue,premium,0
CMD-000307,2025-01-19 13:36:36.966161,11,6,1,3.46,108.28,20.62,1,36.7,0.31,normal,centre,premium,1
CMD-000308,2025-01-19 15:03:59.439906,15,6,1,3.52,16.8,12.26,1,21.1,0.3,normal,banlieue,standard,1
CMD-000309,2025-01-19 16:31:21.913652,12,6,1,13.56,202.43,21.35,1,35.3,0.77,normal,banlieue,standard,1
CMD-000310,2025-01-19 17:58:44.387397,8,6,1,12.69,40.17,2.88,1,15.5,0.7,orage,rurale,standard,1
CMD-000311,2025-01-19 19:26:06.861143,17,6,1,5.63,77.39,24.26,1,10.0,0.23,pluie,proche_banlieue,standard,1
CMD-000312,2025-01-19 20:53:29.334889,17,6,1,10.14,237.23,19.22,1,16.8,0.68,orage,centre,premium,1
CMD-000313,2025-01-19 22:20:51.808634,8,6,1,11.1,82.45,18.35,1,13.7,0.25,normal,centre,standard,0
CMD-000314,2025-01-19 23:48:14.282380,11,6,1,2.06,71.23,23.52,0,12.6,0.36,normal,proche_banlieue,standard,0
CMD-000315,2025-01-20 01:15:36.756126,10,0,0,16.65,243.61,11.86,1,29.1,0.92,orage,banlieue,premium,0
CMD-000316,2025-01-20 02:42:59.229871,17,0,0,11.1,30.62,3.89,1,22.4,0.56,normal,proche_banlieue,standard,1
CMD-000317,2025-01-20 04:10:21.703617,18,0,0,9.53,48.57,12.52,0,26.4,0.83,neige,centre,standard,1
CMD-000318,2025-01-20 05:37:44.177362,18,0,0,11.16,115.2,20.42,1,30.3,0.45,normal,centre,premium,1
CMD-000319,2025-01-20 07:05:06.651108,22,0,0,8.72,199.04,21.52,0,8.1,0.29,pluie,proche_banlieue,standard,1
CMD-000320,2025-01-20 08:32:29.124854,19,0,0,6.44,222.25,12.32,1,30.7,0.91,pluie,proche_banlieue,standard,1
CMD-000321,2025-01-20 09:59:51.598599,12,0,0,7.67,191.35,18.36,0,12.9,0.33,pluie,banlieue,standard,1
CMD-000322,2025-01-20 11:27:14.072345,8,0,0,1.87,244.28,6.32,1,19.2,0.48,pluie,rurale,standard,1
CMD-000323,2025-01-20 12:54:36.546091,16,0,0,23.9,14.04,5.92,1,6.1,0.76,normal,proche_banlieue,standard,1
CMD-000324,2025-01-20 14:21:59.019836,21,0,0,6.35,158.68,14.74,0,31.5,0.67,normal,proche_banlieue,standard,1
CMD-000325,2025-01-20 15:49:21.493582,22,0,0,23.63,37.92,10.66,1,8.1,0.94,normal,centre,standard,1
CMD-000326,2025-01-20 17:16:43.967327,10,0,0,7.77,228.49,4.19,0,13.0,0.99,orage,proche_banlieue,premium,1
CMD-000327,2025-01-20 18:44:06.441073,10,0,0,4.22,234.47,19.08,1,13.7,0.32,normal,banlieue,standard,1
CMD-000328,2025-01-20 20:11:28.914819,7,0,0,16.33,82.73,13.4,1,23.7,0.38,normal,proche_banlieue,standard,0
CMD-000329,2025-01-20 21:38:51.388564,9,0,0,9.26,208.65,13.11,1,23.4,0.71,normal,proche_banlieue,standard,0
CMD-000330,2025-01-20 23:06:13.862310,15,0,0,29.6,161.27,4.89,1,33.1,0.32,pluie,banlieue,standard,0
CMD-000331,2025-01-21 00:33:36.336056,15,1,0,4.13,34.12,6.18,1,24.0,0.63,neige,banlieue,standard,1
CMD-000332,2025-01-21 02:00:58.809801,12,1,0,16.79,154.66,17.38,1,34.7,0.5,neige,proche_banlieue,premium,1
CMD-000333,2025-01-21 03:28:21.283547,11,1,0,17.39,244.25,21.33,1,28.8,0.91,normal,proche_banlieue,standard,0
CMD-000334,2025-01-21 04:55:43.757292,20,1,0,11.76,83.94,4.59,1,15.5,0.93,pluie,proche_banlieue,standard,1
CMD-000335,2025-01-21 06:23:06.231038,14,1,0,17.48,10.27,20.35,1,18.3,0.41,normal,centre,standard,0
CMD-000336,2025-01-21 07:50:28.704784,19,1,0,6.47,244.43,19.74,0,40.1,0.28,pluie,rurale,standard,0
CMD-000337,2025-01-21 09:17:51.178529,22,1,0,3.44,109.36,20.41,1,37.3,0.99,pluie,centre,standard,1
CMD-000338,2025-01-21 10:45:13.652275,12,1,0,4.55,113.42,14.63,1,33.2,0.32,normal,centre,standard,0
CMD-000339,2025-01-21 12:12:36.126021,10,1,0,7.38,181.03,8.93,0,34.6,0.34,normal,proche_banlieue,premium,1
CMD-000340,2025-01-21 13:39:58.599766,22,1,0,12.18,155.05,19.32,1,29.7,0.4,normal,proche_banlieue,standard,1
CMD-000341,2025-01-21 15:07:21.073512,17,1,0,3.66,82.48,12.1,1,28.4,0.47,normal,proche_banlieue,standard,1
CMD-000342,2025-01-21 16:34:43.547257,11,1,0,5.39,33.99,5.7,0,25.5,0.32,normal,rurale,premium,1
CMD-000343,2025-01-21 18:02:06.021003,16,1,0,3.92,208.57,10.18,1,42.0,0.46,normal,centre,standard,1
CMD-000344,2025-01-21 19:29:28.494749,15,1,0,13.71,126.01,11.55,1,20.4,0.22,normal,centre,standard,1
CMD-000345,2025-01-21 20:56:50.968494,21,1,0,23.51,171.39,12.73,1,27.4,0.84,normal,centre,standard,0
CMD-000346,2025-01-21 22:24:13.442240,11,1,0,2.94,216.52,22.46,1,7.9,0.41,normal,centre,standard,1
CMD-000347,2025-01-21 23:51:35.915985,22,1,0,10.48,14.25,10.4,1,10.7,0.85,normal,banlieue,premium,1
CMD-000348,2025-01-22 01:18:58.389731,21,2,0,14.9,216.25,7.26,1,43.2,0.72,neige,proche_banlieue,standard,1
CMD-000349,2025-01-22 02:46:20.863477,9,2,0,6.03,190.43,24.07,1,31.2,0.58,normal,centre,standard,1
CMD-000350,2025-01-22 04:13:43.337222,9,2,0,1.98,237.24,6.2,1,22.9,0.98,pluie,banlieue,standard,1
CMD-000351,2025-01-22 05:41:05.810968,15,2,0,16.22,66.06,0.48,1,25.8,0.51,orage,banlieue,standard,0
CMD-000352,2025-01-22 07:08:28.284714,7,2,0,1.85,87.38,21.28,0,11.4,0.34,normal,rurale,standard,1
CMD-000353,2025-01-22 08:35:50.758459,11,2,0,19.49,168.75,23.87,1,20.7,0.66,pluie,proche_banlieue,standard,1
CMD-000354,2025-01-22 10:03:13.232205,13,2,0,3.85,232.19,17.12,1,10.4,0.31,orage,banlieue,premium,1
CMD-000355,2025-01-22 11:30:35.705950,22,2,0,1.58,248.24,10.31,1,22.0,0.42,pluie,centre,standard,1
CMD-000356,2025-01-22 12:57:58.179696,22,2,0,4.84,110.02,13.69,1,31.8,0.93,normal,rurale,standard,1
CMD-000357,2025-01-22 14:25:20.653442,9,2,0,6.94,139.42,20.83,0,29.5,0.91,normal,rurale,standard,0
CMD-000358,2025-01-22 15:52:43.127187,21,2,0,8.08,50.93,22.16,1,40.9,0.57,normal,banlieue,standard,0
CMD-000359,2025-01-22 17:20:05.600933,8,2,0,11.11,176.55,2.74,1,27.9,0.58,pluie,banlieue,standard,1
CMD-000360,2025-01-22 18:47:28.074679,18,2,0,8.63,210.97,21.73,0,5.0,0.65,pluie,banlieue,premium,0
CMD-000361,2025-01-22 20:14:50.548424,20,2,0,22.26,201.68,15.51,1,44.5,0.27,normal,proche_banlieue,standard,0
CMD-000362,2025-01-22 21:42:13.022170,21,2,0,6.69,93.0,1.0,1,16.6,0.4,normal,proche_banlieue,premium,1
CMD-000363,2025-01-22 23:09:35.495915,10,2,0,8.97,241.18,2.89,1,26.6,0.66,normal,banlieue,standard,1
CMD-000364,2025-01-23 00:36:57.969661,21,3,0,8.43,38.88,1.33,0,26.0,0.46,pluie,rurale,standard,0
CMD-000365,2025-01-23 02:04:20.443407,8,3,0,1.38,128.55,23.72,1,27.4,0.37,normal,banlieue,standard,1
CMD-000366,2025-01-23 03:31:42.917152,15,3,0,2.45,143.1,10.78,1,25.5,0.72,normal,proche_banlieue,premium,1
CMD-000367,2025-01-23 04:59:05.390898,14,3,0,7.4,138.76,17.95,1,25.7,0.65,normal,proche_banlieue,standard,1
CMD-000368,2025-01-23 06:26:27.864644,12,3,0,9.77,191.89,0.24,1,11.8,0.46,normal,proche_banlieue,standard,1
CMD-000369,2025-01-23 07:53:50.338389,7,3,0,0.84,156.31,19.87,1,50.9,0.95,pluie,centre,standard,1
CMD-000370,2025-01-23 09:21:12.812135,19,3,0,22.93,28.51,12.15,1,31.5,0.82,normal,proche_banlieue,standard,1
CMD-000371,2025-01-23 10:48:35.285880,12,3,0,10.34,53.16,23.11,1,25.5,0.68,normal,centre,standard,1
CMD-000372,2025-01-23 12:15:57.759626,17,3,0,7.09,137.74,13.12,1,43.4,0.37,pluie,proche_banlieue,premium,1
CMD-000373,2025-01-23 13:43:20.233372,13,3,0,10.01,176.69,19.76,1,14.3,0.72,normal,centre,premium,1
CMD-000374,2025-01-23 15:10:42.707117,12,3,0,4.61,133.4,15.81,1,33.7,0.75,normal,proche_banlieue,standard,1
CMD-000375,2025-01-23 16:38:05.180863,21,3,0,8.15,95.32,13.11,0,19.4,0.67,neige,rurale,premium,1
CMD-000376,2025-01-23 18:05:27.654609,8,3,0,9.13,22.27,23.72,1,29.0,0.71,pluie,centre,standard,1
CMD-000377,2025-01-23 19:32:50.128354,18,3,0,16.35,198.61,12.49,1,29.2,0.33,normal,centre,premium,1
CMD-000378,2025-01-23 21:00:12.602100,18,3,0,6.23,129.33,22.33,1,5.0,0.47,pluie,proche_banlieue,standard,1
CMD-000379,2025-01-23 22:27:35.075845,13,3,0,1.9,139.31,1.09,1,10.7,0.91,normal,proche_banlieue,standard,1
CMD-000380,2025-01-23 23:54:57.549591,11,3,0,3.36,122.55,16.5,1,40.9,0.31,normal,rurale,standard,1
CMD-000381,2025-01-24 01:22:20.023337,7,4,0,5.85,73.68,22.81,1,22.5,0.67,pluie,banlieue,premium,1
CMD-000382,2025-01-24 02:49:42.497082,21,4,0,2.13,76.33,22.5,1,45.0,0.92,normal,rurale,standard,1
CMD-000383,2025-01-24 04:17:04.970828,22,4,0,3.04,25.24,12.23,0,38.1,0.21,normal,centre,standard,1
CMD-000384,2025-01-24 05:44:27.444574,10,4,0,3.39,179.82,11.91,1,22.8,0.97,normal,centre,standard,1
CMD-000385,2025-01-24 07:11:49.918319,7,4,0,5.54,75.25,20.3,1,21.9,0.91,normal,rurale,standard,1
CMD-000386,2025-01-24 08:39:12.392065,8,4,0,10.25,81.65,8.51,1,41.5,0.77,normal,centre,standard,1
CMD-000387,2025-01-24 10:06:34.865810,8,4,0,5.33,248.44,23.44,1,46.0,0.77,neige,proche_banlieue,standard,1
CMD-000388,2025-01-24 11:33:57.339556,20,4,0,10.75,102.6,6.42,0,22.1,0.89,normal,proche_banlieue,premium,0
CMD-000389,2025-01-24 13:01:19.813302,21,4,0,7.09,132.57,2.05,1,40.4,0.34,pluie,rurale,standard,1
CMD-000390,2025-01-24 14:28:42.287047,9,4,0,3.14,102.75,19.34,1,35.3,0.76,normal,proche_banlieue,standard,1
CMD-000391,2025-01-24 15:56:04.760793,18,4,0,9.24,79.65,10.24,1,37.0,0.47,normal,rurale,standard,0
CMD-000392,2025-01-24 17:23:27.234539,9,4,0,8.22,11.4,9.02,1,26.0,0.9,pluie,proche_banlieue,premium,1
CMD-000393,2025-01-24 18:50:49.708284,12,4,0,10.95,215.17,8.16,1,18.3,0.63,normal,centre,standard,1
CMD-000394,2025-01-24 20:18:12.182030,16,4,0,12.57,123.56,24.51,1,14.5,0.81,orage,centre,standard,1
CMD-000395,2025-01-24 21:45:34.655775,18,4,0,16.7,182.77,14.38,1,12.0,0.33,pluie,proche_banlieue,standard,1
CMD-000396,2025-01-24 23:12:57.129521,20,4,0,10.49,240.08,24.8,1,44.1,0.39,neige,centre,standard,1
CMD-000397,2025-01-25 00:40:19.603267,7,5,1,8.03,10.68,8.72,1,25.1,0.87,normal,proche_banlieue,premium,1
CMD-000398,2025-01-25 02:07:42.077012,10,5,1,10.98,172.01,10.47,1,13.6,0.52,normal,proche_banlieue,standard,1
CMD-000399,2025-01-25 03:35:04.550758,11,5,1,4.91,38.47,5.45,1,35.0,0.62,normal,proche_banlieue,standard,1
CMD-000400,2025-01-25 05:02:27.024504,11,5,1,4.62,119.91,10.87,1,20.2,0.78,orage,proche_banlieue,standard,1
CMD-000401,2025-01-25 06:29:49.498249,22,5,1,18.25,213.23,1.74,0,18.5,0.34,normal,rurale,standard,0
CMD-000402,2025-01-25 07:57:11.971995,19,5,1,4.51,27.16,0.21,0,45.7,0.44,pluie,centre,standard,1
CMD-000403,2025-01-25 09:24:34.445740,12,5,1,3.47,247.51,11.44,1,11.7,0.46,normal,rurale,premium,1
CMD-000404,2025-01-25 10:51:56.919486,22,5,1,10.49,149.4,18.7,1,27.4,0.93,neige,banlieue,standard,0
CMD-000405,2025-01-25 12:19:19.393232,14,5,1,4.95,104.8,11.04,1,19.1,0.31,orage,banlieue,standard,1
CMD-000406,2025-01-25 13:46:41.866977,15,5,1,12.48,14.68,13.05,1,17.5,0.5,pluie,banlieue,standard,0
CMD-000407,2025-01-25 15:14:04.340723,13,5,1,15.88,150.84,11.25,1,10.4,0.97,normal,centre,standard,1
CMD-000408,2025-01-25 16:41:26.814469,9,5,1,3.91,128.77,13.26,1,25.6,0.87,pluie,banlieue,standard,0
CMD-000409,2025-01-25 18:08:49.288214,21,5,1,11.4,61.68,19.43,1,16.3,0.74,normal,banlieue,premium,0
CMD-000410,2025-01-25 19:36:11.761960,7,5,1,4.42,127.71,20.13,1,30.9,0.64,pluie,banlieue,standard,1
CMD-000411,2025-01-25 21:03:34.235705,9,5,1,5.95,13.07,20.98,1,24.5,0.87,normal,rurale,premium,1
CMD-000412,2025-01-25 22:30:56.709451,10,5,1,8.93,249.87,5.47,1,21.9,0.96,pluie,centre,standard,1
CMD-000413,2025-01-25 23:58:19.183197,11,5,1,4.63,89.71,11.55,1,16.3,0.94,normal,rurale,standard,1
CMD-000414,2025-01-26 01:25:41.656942,9,6,1,8.36,125.25,20.81,1,39.3,0.71,pluie,rurale,standard,0
CMD-000415,2025-01-26 02:53:04.130688,7,6,1,6.34,198.35,23.56,1,32.4,0.78,normal,rurale,standard,0
CMD-000416,2025-01-26 04:20:26.604434,17,6,1,12.67,181.07,13.67,0,18.2,0.82,normal,banlieue,standard,0
CMD-000417,2025-01-26 05:47:49.078179,22,6,1,12.7,223.25,12.43,1,11.4,0.85,normal,banlieue,premium,1
CMD-000418,2025-01-26 07:15:11.551925,8,6,1,4.65,235.92,19.16,1,6.1,0.79,normal,banlieue,standard,1
CMD-000419,2025-01-26 08:42:34.025670,11,6,1,9.08,55.4,24.79,1,36.4,0.34,orage,proche_banlieue,standard,0
CMD-000420,2025-01-26 10:09:56.499416,15,6,1,14.03,103.7,10.76,1,34.1,0.81,pluie,rurale,standard,0
CMD-000421,2025-01-26 11:37:18.973162,21,6,1,3.0,174.84,4.29,0,35.5,0.51,normal,centre,standard,0
CMD-000422,2025-01-26 13:04:41.446907,18,6,1,6.31,20.81,20.89,1,23.8,0.36,normal,rurale,standard,1
CMD-000423,2025-01-26 14:32:03.920653,19,6,1,8.8,182.07,17.82,1,33.1,0.28,pluie,proche_banlieue,standard,1
CMD-000424,2025-01-26 15:59:26.394399,16,6,1,2.88,11.17,3.8,1,35.3,0.39,normal,centre,standard,0
CMD-000425,2025-01-26 17:26:48.868144,13,6,1,5.11,229.38,8.22,1,24.3,0.61,normal,proche_banlieue,standard,1
CMD-000426,2025-01-26 18:54:11.341890,10,6,1,20.74,182.36,13.92,1,21.4,0.4,pluie,banlieue,standard,0
CMD-000427,2025-01-26 20:21:33.815635,20,6,1,4.49,145.72,18.34,1,15.2,0.73,normal,centre,standard,1
CMD-000428,2025-01-26 21:48:56.289381,19,6,1,4.91,112.94,19.56,1,29.3,0.97,normal,banlieue,standard,1
CMD-000429,2025-01-26 23:16:18.763127,7,6,1,10.41,247.13,4.06,1,30.6,0.24,normal,proche_banlieue,standard,1
CMD-000430,2025-01-27 00:43:41.236872,18,0,0,2.57,186.76,5.58,1,20.9,0.3,normal,banlieue,standard,1
CMD-000431,2025-01-27 02:11:03.710618,8,0,0,6.41,203.75,18.65,1,22.1,0.4,normal,centre,standard,1
CMD-000432,2025-01-27 03:38:26.184364,18,0,0,3.5,208.09,3.08,1,22.8,0.84,normal,centre,standard,1
CMD-000433,2025-01-27 05:05:48.658109,20,0,0,8.35,15.25,12.55,1,32.9,0.42,orage,centre,standard,0
CMD-000434,2025-01-27 06:33:11.131855,9,0,0,0.22,23.12,13.74,1,11.3,0.35,neige,centre,standard,1
CMD-000435,2025-01-27 08:00:33.605600,13,0,0,7.52,57.61,8.62,1,13.9,0.32,neige,banlieue,premium,1
CMD-000436,2025-01-27 09:27:56.079346,8,0,0,8.97,167.25,19.95,1,14.1,0.32,pluie,proche_banlieue,standard,1
CMD-000437,2025-01-27 10:55:18.553092,16,0,0,5.21,159.75,1.57,1,23.5,0.78,normal,banlieue,standard,1
CMD-000438,2025-01-27 12:22:41.026837,21,0,0,5.48,88.04,19.48,1,28.2,0.77,normal,banlieue,standard,1
CMD-000439,2025-01-27 13:50:03.500583,8,0,0,4.71,243.52,16.22,1,14.3,0.45,normal,centre,standard,1
CMD-000440,2025-01-27 15:17:25.974329,13,0,0,6.35,32.35,12.78,1,34.1,0.56,normal,rurale,standard,1
CMD-000441,2025-01-27 16:44:48.448074,22,0,0,18.41,196.41,21.83,1,39.6,0.7,normal,banlieue,standard,0
CMD-000442,2025-01-27 18:12:10.921820,11,0,0,12.94,125.41,5.22,1,29.1,0.98,normal,centre,standard,1
CMD-000443,2025-01-27 19:39:33.395565,9,0,0,6.34,110.52,20.06,1,36.2,0.79,normal,proche_banlieue,premium,1
CMD-000444,2025-01-27 21:06:55.869311,14,0,0,5.11,16.14,4.86,1,15.8,0.84,normal,proche_banlieue,standard,1
CMD-000445,2025-01-27 22:34:18.343057,15,0,0,12.12,184.67,24.76,1,16.1,0.98,pluie,proche_banlieue,standard,0
CMD-000446,2025-01-28 00:01:40.816802,17,1,0,7.96,195.18,1.01,1,30.1,0.5,neige,proche_banlieue,standard,1
CMD-000447,2025-01-28 01:29:03.290548,12,1,0,2.81,86.55,13.92,0,24.6,0.26,normal,proche_banlieue,standard,1
CMD-000448,2025-01-28 02:56:25.764294,22,1,0,5.79,134.07,4.37,0,16.1,0.8,normal,proche_banlieue,premium,1
CMD-000449,2025-01-28 04:23:48.238039,15,1,0,17.12,155.55,10.32,0,39.3,0.3,normal,proche_banlieue,standard,0
CMD-000450,2025-01-28 05:51:10.711785,11,1,0,10.12,98.23,3.87,0,28.0,0.55,pluie,proche_banlieue,premium,1
CMD-000451,2025-01-28 07:18:33.185530,22,1,0,5.15,157.74,5.01,1,32.0,0.79,normal,banlieue,standard,1
CMD-000452,2025-01-28 08:45:55.659276,21,1,0,1.77,114.19,1.71,1,18.3,0.65,pluie,centre,premium,1
CMD-000453,2025-01-28 10:13:18.133022,14,1,0,8.32,220.74,0.4,1,41.8,0.49,normal,centre,standard,0
CMD-000454,2025-01-28 11:40:40.606767,7,1,0,7.12,182.44,18.04,1,23.4,0.61,pluie,proche_banlieue,premium,1
CMD-000455,2025-01-28 13:08:03.080513,16,1,0,6.19,36.52,11.45,1,35.2,0.4,pluie,proche_banlieue,standard,1
CMD-000456,2025-01-28 14:35:25.554259,15,1,0,12.22,201.9,1.33,0,19.2,0.26,normal,proche_banlieue,standard,0
CMD-000457,2025-01-28 16:02:48.028004,9,1,0,10.21,91.0,23.49,1,26.7,0.53,neige,banlieue,standard,1
CMD-000458,2025-01-28 17:30:10.501750,17,1,0,1.83,234.54,16.71,0,30.6,0.25,normal,centre,standard,1
CMD-000459,2025-01-28 18:57:32.975495,20,1,0,7.15,154.81,6.75,1,45.0,0.98,normal,banlieue,standard,1
CMD-000460,2025-01-28 20:24:55.449241,8,1,0,2.32,16.62,11.08,1,20.6,0.56,normal,proche_banlieue,standard,1
CMD-000461,2025-01-28 21:52:17.922987,18,1,0,4.77,186.25,12.33,1,27.0,0.91,normal,proche_banlieue,standard,1
CMD-000462,2025-01-28 23:19:40.396732,9,1,0,2.16,41.38,14.33,0,30.9,0.96,neige,proche_banlieue,standard,0
CMD-000463,2025-01-29 00:47:02.870478,18,2,0,2.23,220.54,21.46,1,10.9,0.56,normal,banlieue,standard,1
CMD-000464,2025-01-29 02:14:25.344224,13,2,0,9.06,237.6,14.83,1,5.0,0.54,neige,banlieue,premium,1
CMD-000465,2025-01-29 03:41:47.817969,7,2,0,8.43,176.86,24.47,1,15.0,0.91,pluie,banlieue,standard,1
CMD-000466,2025-01-29 05:09:10.291715,22,2,0,6.76,137.89,18.22,1,34.7,0.23,pluie,proche_banlieue,standard,1
CMD-000467,2025-01-29 06:36:32.765460,9,2,0,4.44,154.5,24.72,1,42.2,0.59,normal,rurale,standard,0
CMD-000468,2025-01-29 08:03:55.239206,16,2,0,2.0,112.93,13.86,1,15.8,0.41,normal,rurale,standard,1
CMD-000469,2025-01-29 09:31:17.712952,9,2,0,4.79,30.06,17.03,0,12.8,0.8,neige,proche_banlieue,standard,1
CMD-000470,2025-01-29 10:58:40.186697,21,2,0,8.46,232.92,18.5,1,40.3,0.87,normal,rurale,premium,1
CMD-000471,2025-01-29 12:26:02.660443,18,2,0,8.32,89.0,18.92,0,19.3,0.7,orage,proche_banlieue,standard,1
CMD-000472,2025-01-29 13:53:25.134189,19,2,0,16.89,85.08,0.81,1,21.3,0.53,normal,rurale,standard,1
CMD-000473,2025-01-29 15:20:47.607934,13,2,0,15.3,55.92,3.36,1,39.6,0.64,normal,rurale,standard,0
CMD-000474,2025-01-29 16:48:10.081680,14,2,0,6.96,248.18,5.85,0,37.9,0.66,orage,proche_banlieue,standard,1
CMD-000475,2025-01-29 18:15:32.555425,17,2,0,4.75,236.22,6.93,1,34.3,0.71,pluie,proche_banlieue,standard,1
CMD-000476,2025-01-29 19:42:55.029171,19,2,0,3.58,93.86,22.65,1,7.9,0.94,normal,banlieue,standard,1
CMD-000477,2025-01-29 21:10:17.502917,20,2,0,1.71,72.4,18.12,0,12.4,0.4,pluie,proche_banlieue,standard,1
CMD-000478,2025-01-29 22:37:39.976662,7,2,0,2.56,203.29,3.75,1,36.2,0.36,normal,banlieue,standard,1
CMD-000479,2025-01-30 00:05:02.450408,17,3,0,8.47,111.43,10.77,1,28.2,0.35,normal,proche_banlieue,standard,1
CMD-000480,2025-01-30 01:32:24.924154,8,3,0,10.71,242.27,6.23,1,17.2,0.76,normal,proche_banlieue,premium,1
CMD-000481,2025-01-30 02:59:47.397899,11,3,0,5.54,226.29,20.78,1,21.6,0.92,orage,proche_banlieue,premium,1
CMD-000482,2025-01-30 04:27:09.871645,20,3,0,28.96,192.27,22.96,1,36.1,0.46,neige,banlieue,standard,0
CMD-000483,2025-01-30 05:54:32.345390,11,3,0,2.59,31.58,4.27,1,40.3,0.54,neige,banlieue,standard,1
CMD-000484,2025-01-30 07:21:54.819136,19,3,0,1.54,178.51,10.53,1,24.9,0.97,normal,banlieue,premium,1
CMD-000485,2025-01-30 08:49:17.292882,14,3,0,28.63,246.94,23.83,1,18.1,0.32,pluie,banlieue,standard,0
CMD-000486,2025-01-30 10:16:39.766627,10,3,0,1.91,99.59,16.5,1,22.2,0.9,normal,banlieue,standard,1
CMD-000487,2025-01-30 11:44:02.240373,12,3,0,5.48,221.58,21.73,1,38.4,0.97,normal,proche_banlieue,standard,1
CMD-000488,2025-01-30 13:11:24.714119,15,3,0,3.84,107.95,9.07,1,38.2,0.84,pluie,centre,standard,1
CMD-000489,2025-01-30 14:38:47.187864,19,3,0,8.92,243.12,5.4,1,26.9,0.47,normal,proche_banlieue,standard,0
CMD-000490,2025-01-30 16:06:09.661610,16,3,0,5.16,166.86,17.34,1,19.7,0.72,normal,proche_banlieue,standard,1
CMD-000491,2025-01-30 17:33:32.135355,21,3,0,10.73,33.16,3.61,1,35.8,0.43,pluie,centre,standard,0
CMD-000492,2025-01-30 19:00:54.609101,20,3,0,12.39,124.97,21.03,1,41.2,0.3,pluie,banlieue,premium,1
CMD-000493,2025-01-30 20:28:17.082847,19,3,0,1.69,21.93,18.92,0,10.5,0.29,normal,centre,standard,1
CMD-000494,2025-01-30 21:55:39.556592,16,3,0,3.48,104.82,7.76,0,22.7,0.21,pluie,proche_banlieue,standard,1
CMD-000495,2025-01-30 23:23:02.030338,11,3,0,11.38,229.69,12.57,1,36.6,0.98,neige,banlieue,premium,1
CMD-000496,2025-01-31 00:50:24.504084,13,4,0,14.11,65.73,20.02,1,25.7,0.72,normal,banlieue,premium,0
CMD-000497,2025-01-31 02:17:46.977829,8,4,0,7.8,238.14,23.39,1,20.1,0.46,pluie,proche_banlieue,standard,1
CMD-000498,2025-01-31 03:45:09.451575,12,4,0,9.4,33.98,8.93,1,26.9,0.66,normal,banlieue,standard,0
CMD-000499,2025-01-31 05:12:31.925320,21,4,0,17.61,169.55,19.79,1,28.7,0.7,normal,rurale,standard,0
CMD-000500,2025-01-31 06:39:54.399066,13,4,0,5.22,241.76,5.02,1,13.7,0.35,normal,centre,standard,1
CMD-000501,2025-01-31 08:07:16.872812,8,4,0,7.74,167.0,22.61,1,25.9,0.43,normal,rurale,premium,1
CMD-000502,2025-01-31 09:34:39.346557,17,4,0,15.31,225.76,17.22,1,28.7,0.64,pluie,proche_banlieue,standard,1
CMD-000503,2025-01-31 11:02:01.820303,22,4,0,15.96,247.85,3.99,0,20.1,0.87,normal,proche_banlieue,standard,1
CMD-000504,2025-01-31 12:29:24.294049,20,4,0,6.38,164.04,18.55,1,17.2,0.3,normal,banlieue,standard,1
CMD-000505,2025-01-31 13:56:46.767794,11,4,0,3.57,197.74,18.16,1,19.6,0.89,normal,banlieue,standard,1
CMD-000506,2025-01-31 15:24:09.241540,14,4,0,6.33,17.68,18.61,0,15.3,0.69,pluie,banlieue,premium,1
CMD-000507,2025-01-31 16:51:31.715285,15,4,0,6.8,112.55,8.75,1,33.5,0.59,normal,proche_banlieue,standard,1
CMD-000508,2025-01-31 18:18:54.189031,10,4,0,3.46,79.18,18.55,1,15.2,0.32,normal,centre,standard,1
CMD-000509,2025-01-31 19:46:16.662777,11,4,0,3.92,207.8,20.7,1,26.9,0.64,orage,proche_banlieue,standard,1
CMD-000510,2025-01-31 21:13:39.136522,10,4,0,15.97,172.62,8.81,1,21.3,0.48,normal,proche_banlieue,standard,0
CMD-000511,2025-01-31 22:41:01.610268,22,4,0,9.71,157.46,5.36,1,17.9,0.35,pluie,proche_banlieue,standard,1
CMD-000512,2025-02-01 00:08:24.084014,18,5,1,5.5,233.57,22.22,1,38.7,0.9,normal,rurale,standard,1
CMD-000513,2025-02-01 01:35:46.557759,20,5,1,2.74,31.33,15.59,1,23.7,0.57,normal,proche_banlieue,standard,1
CMD-000514,2025-02-01 03:03:09.031505,20,5,1,3.96,238.92,11.62,1,18.3,0.26,normal,banlieue,standard,1
CMD-000515,2025-02-01 04:30:31.505250,22,5,1,1.41,34.18,22.02,1,17.3,0.44,neige,banlieue,standard,1
CMD-000516,2025-02-01 05:57:53.978996,8,5,1,7.95,93.28,3.57,1,28.4,0.35,pluie,banlieue,standard,1
CMD-000517,2025-02-01 07:25:16.452742,21,5,1,3.78,161.27,20.3,1,33.3,0.95,normal,rurale,standard,1
CMD-000518,2025-02-01 08:52:38.926487,8,5,1,8.42,91.95,12.37,1,37.7,0.39,pluie,banlieue,standard,1
CMD-000519,2025-02-01 10:20:01.400233,14,5,1,11.3,173.81,1.25,1,23.3,0.61,pluie,centre,standard,1
CMD-000520,2025-02-01 11:47:23.873978,16,5,1,8.5,196.1,24.32,1,22.7,0.8,normal,banlieue,standard,1
CMD-000521,2025-02-01 13:14:46.347724,12,5,1,4.99,208.84,19.5,1,26.3,0.33,normal,rurale,standard,1
CMD-000522,2025-02-01 14:42:08.821470,9,5,1,3.31,53.04,5.53,1,26.7,0.55,normal,centre,premium,1
CMD-000523,2025-02-01 16:09:31.295215,10,5,1,2.38,53.7,23.11,1,17.3,0.72,normal,proche_banlieue,standard,1
CMD-000524,2025-02-01 17:36:53.768961,20,5,1,14.95,22.56,23.4,1,39.6,0.91,pluie,proche_banlieue,premium,0
CMD-000525,2025-02-01 19:04:16.242707,12,5,1,8.24,127.8,20.05,1,25.2,0.72,pluie,proche_banlieue,premium,1
CMD-000526,2025-02-01 20:31:38.716452,11,5,1,5.21,43.01,3.35,1,30.3,0.26,pluie,rurale,standard,1
CMD-000527,2025-02-01 21:59:01.190198,21,5,1,10.28,86.46,4.82,1,29.2,0.46,pluie,banlieue,premium,1
CMD-000528,2025-02-01 23:26:23.663943,9,5,1,13.37,211.7,18.9,1,29.0,0.48,pluie,centre,standard,1
CMD-000529,2025-02-02 00:53:46.137689,21,6,1,3.84,237.68,22.86,0,15.0,0.51,pluie,centre,standard,1
CMD-000530,2025-02-02 02:21:08.611435,21,6,1,8.06,207.3,5.53,1,24.9,0.95,neige,centre,premium,1
CMD-000531,2025-02-02 03:48:31.085180,16,6,1,8.18,10.16,11.63,1,47.8,0.23,normal,rurale,standard,0
CMD-000532,2025-02-02 05:15:53.558926,9,6,1,17.11,146.33,4.04,0,40.9,0.44,pluie,centre,standard,0
CMD-000533,2025-02-02 06:43:16.032672,9,6,1,5.16,50.0,12.05,1,26.6,0.59,pluie,banlieue,standard,1
CMD-000534,2025-02-02 08:10:38.506417,11,6,1,3.21,100.18,16.13,1,21.3,0.27,normal,banlieue,premium,1
CMD-000535,2025-02-02 09:38:00.980163,16,6,1,8.71,112.7,0.66,1,5.0,0.59,normal,centre,premium,0
CMD-000536,2025-02-02 11:05:23.453908,9,6,1,10.88,236.31,16.14,1,20.0,0.29,pluie,centre,standard,1
CMD-000537,2025-02-02 12:32:45.927654,14,6,1,7.59,162.1,16.07,1,24.2,0.87,normal,banlieue,standard,1
CMD-000538,2025-02-02 14:00:08.401400,8,6,1,17.89,74.24,11.48,1,21.8,0.42,normal,proche_banlieue,standard,1
CMD-000539,2025-02-02 15:27:30.875145,15,6,1,5.14,164.27,22.41,1,22.5,0.62,normal,proche_banlieue,premium,1
CMD-000540,2025-02-02 16:54:53.348891,7,6,1,7.73,238.45,3.54,1,31.2,0.69,normal,proche_banlieue,standard,1
CMD-000541,2025-02-02 18:22:15.822637,18,6,1,1.83,24.2,1.47,1,15.0,0.44,normal,centre,standard,1
CMD-000542,2025-02-02 19:49:38.296382,7,6,1,3.05,205.84,12.5,1,27.7,0.48,normal,proche_banlieue,standard,1
CMD-000543,2025-02-02 21:17:00.770128,10,6,1,3.86,62.06,13.42,1,23.9,0.61,pluie,centre,standard,1
CMD-000544,2025-02-02 22:44:23.243873,9,6,1,5.83,46.75,6.81,1,16.2,0.84,normal,proche_banlieue,standard,1
CMD-000545,2025-02-03 00:11:45.717619,20,0,0,2.13,225.73,24.05,1,41.7,0.56,normal,centre,standard,1
CMD-000546,2025-02-03 01:39:08.191365,7,0,0,10.18,10.44,6.49,1,32.5,0.59,normal,banlieue,standard,1
CMD-000547,2025-02-03 03:06:30.665110,13,0,0,3.58,187.86,6.9,1,17.1,0.68,normal,centre,standard,1
CMD-000548,2025-02-03 04:33:53.138856,16,0,0,25.69,30.93,20.31,1,30.2,0.54,normal,centre,standard,1
CMD-000549,2025-02-03 06:01:15.612602,15,0,0,3.69,158.32,23.09,0,11.1,0.78,pluie,banlieue,standard,1
CMD-000550,2025-02-03 07:28:38.086347,17,0,0,7.15,159.02,13.5,1,18.4,0.2,normal,proche_banlieue,standard,1
CMD-000551,2025-02-03 08:56:00.560093,19,0,0,6.51,217.07,0.67,1,38.3,0.59,normal,rurale,standard,1
CMD-000552,2025-02-03 10:23:23.033838,13,0,0,2.83,207.43,9.01,1,28.5,0.94,normal,banlieue,standard,1
CMD-000553,2025-02-03 11:50:45.507584,20,0,0,5.85,174.44,5.75,1,27.7,0.69,orage,proche_banlieue,standard,1
CMD-000554,2025-02-03 13:18:07.981330,12,0,0,5.79,101.33,12.87,1,34.9,0.59,neige,proche_banlieue,standard,1
CMD-000555,2025-02-03 14:45:30.455075,22,0,0,12.4,49.94,17.13,1,31.1,0.82,pluie,rurale,standard,0
CMD-000556,2025-02-03 16:12:52.928821,15,0,0,8.95,162.56,9.93,1,22.3,0.51,normal,proche_banlieue,standard,1
CMD-000557,2025-02-03 17:40:15.402567,18,0,0,10.08,129.27,13.53,1,34.4,0.57,normal,centre,standard,1
CMD-000558,2025-02-03 19:07:37.876312,21,0,0,12.21,28.71,19.04,1,8.1,0.36,normal,centre,premium,1
CMD-000559,2025-02-03 20:35:00.350058,19,0,0,10.19,239.33,6.3,1,18.3,0.3,normal,rurale,premium,1
CMD-000560,2025-02-03 22:02:22.823803,20,0,0,8.01,85.46,5.06,1,24.0,0.22,pluie,centre,standard,1
CMD-000561,2025-02-03 23:29:45.297549,15,0,0,3.83,10.51,20.18,1,30.5,0.79,normal,rurale,standard,1
CMD-000562,2025-02-04 00:57:07.771295,7,1,0,7.65,226.41,1.12,1,21.8,0.57,neige,proche_banlieue,standard,1
CMD-000563,2025-02-04 02:24:30.245040,14,1,0,3.25,148.49,3.93,1,7.2,0.95,pluie,proche_banlieue,standard,1
CMD-000564,2025-02-04 03:51:52.718786,9,1,0,6.19,185.93,0.51,1,5.8,0.34,orage,proche_banlieue,premium,1
CMD-000565,2025-02-04 05:19:15.192532,21,1,0,5.6,46.64,13.97,1,24.3,0.4,neige,proche_banlieue,standard,0
CMD-000566,2025-02-04 06:46:37.666277,10,1,0,5.87,107.11,15.08,1,20.2,0.71,normal,proche_banlieue,standard,1
CMD-000567,2025-02-04 08:14:00.140023,10,1,0,2.15,164.81,13.37,1,15.9,0.24,pluie,banlieue,standard,1
CMD-000568,2025-02-04 09:41:22.613768,10,1,0,0.23,70.23,10.47,1,14.2,0.6,pluie,banlieue,standard,1
CMD-000569,2025-02-04 11:08:45.087514,17,1,0,4.83,178.36,13.32,1,26.3,0.3,normal,proche_banlieue,standard,1
CMD-000570,2025-02-04 12:36:07.561260,16,1,0,14.18,66.07,5.01,1,38.0,0.33,normal,proche_banlieue,standard,0
CMD-000571,2025-02-04 14:03:30.035005,22,1,0,7.08,60.19,20.69,0,26.3,0.61,normal,banlieue,standard,1
CMD-000572,2025-02-04 15:30:52.508751,13,1,0,13.49,12.79,24.52,1,38.2,0.66,normal,proche_banlieue,standard,0
CMD-000573,2025-02-04 16:58:14.982497,11,1,0,3.27,77.66,13.61,1,21.3,0.37,normal,banlieue,standard,1
CMD-000574,2025-02-04 18:25:37.456242,7,1,0,4.64,69.22,9.48,1,29.4,0.42,normal,centre,standard,1
CMD-000575,2025-02-04 19:52:59.929988,7,1,0,26.69,193.45,19.84,1,38.5,0.43,normal,rurale,standard,0
CMD-000576,2025-02-04 21:20:22.403733,12,1,0,3.44,146.73,4.99,1,23.4,0.31,normal,proche_banlieue,standard,1
CMD-000577,2025-02-04 22:47:44.877479,21,1,0,9.94,52.68,8.16,1,25.3,0.97,pluie,proche_banlieue,premium,1
CMD-000578,2025-02-05 00:15:07.351225,15,2,0,9.93,146.35,23.51,1,21.3,0.75,normal,proche_banlieue,standard,1
CMD-000579,2025-02-05 01:42:29.824970,21,2,0,9.18,64.11,4.82,1,30.9,0.29,pluie,proche_banlieue,standard,1
CMD-000580,2025-02-05 03:09:52.298716,8,2,0,10.03,112.12,2.98,1,34.0,0.49,neige,centre,premium,1
CMD-000581,2025-02-05 04:37:14.772462,8,2,0,3.4,223.17,13.75,1,28.5,0.34,normal,proche_banlieue,standard,1
CMD-000582,2025-02-05 06:04:37.246207,20,2,0,5.01,182.62,14.77,1,22.7,0.39,normal,proche_banlieue,premium,1
CMD-000583,2025-02-05 07:31:59.719953,8,2,0,0.35,166.26,15.01,1,10.0,0.95,normal,centre,standard,0
CMD-000584,2025-02-05 08:59:22.193698,7,2,0,17.49,77.56,4.28,1,24.5,0.31,pluie,centre,standard,0
CMD-000585,2025-02-05 10:26:44.667444,13,2,0,9.99,39.9,18.08,1,23.1,0.9,neige,rurale,standard,1
CMD-000586,2025-02-05 11:54:07.141190,21,2,0,3.87,190.71,6.21,1,27.4,0.87,normal,rurale,standard,1
CMD-000587,2025-02-05 13:21:29.614935,18,2,0,3.3,146.29,23.71,0,26.2,0.79,pluie,proche_banlieue,standard,1
CMD-000588,2025-02-05 14:48:52.088681,8,2,0,14.34,159.46,5.85,1,40.7,0.6,normal,centre,premium,1
CMD-000589,2025-02-05 16:16:14.562427,20,2,0,3.64,244.03,0.63,1,18.0,0.41,pluie,proche_banlieue,premium,1
CMD-000590,2025-02-05 17:43:37.036172,20,2,0,3.86,93.6,14.28,1,9.2,0.86,normal,rurale,standard,1
CMD-000591,2025-02-05 19:10:59.509918,19,2,0,2.72,202.18,5.23,1,13.6,0.87,normal,banlieue,standard,1
CMD-000592,2025-02-05 20:38:21.983663,21,2,0,11.31,144.15,15.79,1,18.7,0.62,neige,banlieue,standard,1
CMD-000593,2025-02-05 22:05:44.457409,10,2,0,13.36,66.46,5.88,1,35.8,0.24,normal,banlieue,standard,1
CMD-000594,2025-02-05 23:33:06.931155,22,2,0,5.62,22.69,10.82,1,12.0,0.35,normal,banlieue,standard,1
CMD-000595,2025-02-06 01:00:29.404900,12,3,0,13.42,157.84,4.65,1,13.4,0.24,pluie,centre,standard,1
CMD-000596,2025-02-06 02:27:51.878646,19,3,0,8.64,81.43,10.83,1,29.1,0.34,normal,proche_banlieue,standard,1
CMD-000597,2025-02-06 03:55:14.352392,16,3,0,2.57,176.91,3.59,1,33.5,0.61,neige,banlieue,premium,1
CMD-000598,2025-02-06 05:22:36.826137,19,3,0,16.66,178.17,8.58,0,9.5,0.88,normal,centre,standard,0
CMD-000599,2025-02-06 06:49:59.299883,17,3,0,2.7,119.31,5.13,1,7.3,0.72,normal,centre,standard,1
CMD-000600,2025-02-06 08:17:21.773628,17,3,0,5.94,138.74,20.44,1,17.1,0.68,normal,banlieue,standard,1
CMD-000601,2025-02-06 09:44:44.247374,16,3,0,5.63,160.37,18.29,1,31.6,0.8,normal,banlieue,standard,1
CMD-000602,2025-02-06 11:12:06.721120,19,3,0,4.89,122.47,4.34,1,26.4,0.71,normal,centre,standard,1
CMD-000603,2025-02-06 12:39:29.194865,18,3,0,0.96,220.57,2.26,1,17.5,0.55,normal,proche_banlieue,standard,1
CMD-000604,2025-02-06 14:06:51.668611,9,3,0,23.18,28.22,0.84,1,32.4,0.85,pluie,centre,premium,1
CMD-000605,2025-02-06 15:34:14.142357,20,3,0,1.12,245.16,5.82,0,26.2,0.45,normal,centre,standard,1
CMD-000606,2025-02-06 17:01:36.616102,15,3,0,17.35,18.03,12.11,1,23.9,0.94,pluie,centre,standard,0
CMD-000607,2025-02-06 18:28:59.089848,12,3,0,3.21,59.94,10.12,1,8.9,0.29,normal,banlieue,standard,1
CMD-000608,2025-02-06 19:56:21.563593,15,3,0,4.17,179.99,24.29,1,17.3,0.71,pluie,proche_banlieue,standard,1
CMD-000609,2025-02-06 21:23:44.037339,22,3,0,16.24,30.39,19.85,0,44.6,0.6,pluie,banlieue,standard,0
CMD-000610,2025-02-06 22:51:06.511085,20,3,0,9.31,72.92,2.14,1,21.6,0.54,pluie,centre,standard,0
CMD-000611,2025-02-07 00:18:28.984830,20,4,0,1.89,46.95,4.14,0,15.4,0.54,normal,centre,standard,1
CMD-000612,2025-02-07 01:45:51.458576,14,4,0,1.85,183.66,0.86,1,21.2,0.23,pluie,centre,standard,1
CMD-000613,2025-02-07 03:13:13.932322,19,4,0,8.36,148.94,3.63,1,26.2,0.8,pluie,banlieue,standard,1
CMD-000614,2025-02-07 04:40:36.406067,13,4,0,2.65,25.47,13.33,1,33.8,0.48,orage,rurale,standard,1
CMD-000615,2025-02-07 06:07:58.879813,17,4,0,9.62,120.43,2.1,1,31.2,0.58,normal,proche_banlieue,standard,0
CMD-000616,2025-02-07 07:35:21.353558,17,4,0,10.32,60.04,1.68,1,18.2,0.88,pluie,proche_banlieue,standard,1
CMD-000617,2025-02-07 09:02:43.827304,10,4,0,3.51,242.25,3.13,1,37.7,0.66,normal,centre,standard,0
CMD-000618,2025-02-07 10:30:06.301050,11,4,0,4.36,35.9,16.8,1,33.1,0.88,orage,centre,standard,1
CMD-000619,2025-02-07 11:57:28.774795,7,4,0,8.56,153.53,0.68,0,20.5,0.31,normal,centre,standard,1
CMD-000620,2025-02-07 13:24:51.248541,9,4,0,3.38,125.64,24.25,1,23.7,0.43,normal,centre,standard,1
CMD-000621,2025-02-07 14:52:13.722287,13,4,0,7.08,148.74,9.64,1,31.0,0.38,neige,rurale,standard,1
CMD-000622,2025-02-07 16:19:36.196032,14,4,0,27.73,239.56,8.55,1,35.7,0.91,normal,banlieue,standard,0
CMD-000623,2025-02-07 17:46:58.669778,9,4,0,8.85,91.91,11.98,1,9.8,0.83,pluie,rurale,standard,1
CMD-000624,2025-02-07 19:14:21.143523,13,4,0,4.94,189.7,13.04,1,25.7,0.87,normal,banlieue,premium,1
CMD-000625,2025-02-07 20:41:43.617269,16,4,0,24.72,117.39,10.62,1,24.7,0.65,neige,banlieue,standard,0
CMD-000626,2025-02-07 22:09:06.091015,10,4,0,11.88,168.58,12.26,1,19.3,0.38,normal,proche_banlieue,standard,0
CMD-000627,2025-02-07 23:36:28.564760,12,4,0,2.71,97.76,8.63,0,19.2,0.5,normal,centre,premium,1
CMD-000628,2025-02-08 01:03:51.038506,12,5,1,3.19,64.51,8.19,1,35.5,0.64,pluie,centre,standard,1
CMD-000629,2025-02-08 02:31:13.512252,15,5,1,1.28,30.07,0.88,1,30.3,0.22,normal,centre,premium,1
CMD-000630,2025-02-08 03:58:35.985997,12,5,1,8.45,34.42,16.86,0,46.1,0.71,normal,centre,standard,1
CMD-000631,2025-02-08 05:25:58.459743,18,5,1,0.77,240.26,15.51,0,19.3,0.88,pluie,centre,premium,1
CMD-000632,2025-02-08 06:53:20.933488,12,5,1,24.7,199.23,16.79,1,26.4,0.46,normal,banlieue,standard,0
CMD-000633,2025-02-08 08:20:43.407234,13,5,1,5.42,68.79,23.54,1,28.1,0.74,normal,proche_banlieue,standard,1
CMD-000634,2025-02-08 09:48:05.880980,13,5,1,12.38,137.0,11.93,1,34.0,0.59,normal,proche_banlieue,standard,0
CMD-000635,2025-02-08 11:15:28.354725,9,5,1,5.05,181.42,22.07,1,38.6,0.2,normal,proche_banlieue,standard,1
CMD-000636,2025-02-08 12:42:50.828471,17,5,1,8.34,94.61,11.21,1,25.9,0.43,orage,centre,standard,1
CMD-000637,2025-02-08 14:10:13.302217,10,5,1,6.0,115.6,12.04,1,14.1,0.62,pluie,centre,standard,1
CMD-000638,2025-02-08 15:37:35.775962,11,5,1,6.93,182.41,15.9,1,17.9,0.78,neige,proche_banlieue,standard,1
CMD-000639,2025-02-08 17:04:58.249708,19,5,1,15.07,64.59,5.55,1,26.4,0.52,pluie,rurale,standard,0
CMD-000640,2025-02-08 18:32:20.723453,22,5,1,20.07,136.32,5.59,0,36.2,0.35,neige,banlieue,standard,0
CMD-000641,2025-02-08 19:59:43.197199,17,5,1,19.05,60.42,12.84,0,10.5,0.25,normal,rurale,standard,0
CMD-000642,2025-02-08 21:27:05.670945,21,5,1,41.84,10.74,1.9,1,13.3,0.77,pluie,proche_banlieue,standard,0
CMD-000643,2025-02-08 22:54:28.144690,20,5,1,3.7,175.66,6.07,1,32.6,0.49,neige,banlieue,standard,1
CMD-000644,2025-02-09 00:21:50.618436,14,6,1,8.94,179.74,19.88,1,12.1,0.72,pluie,banlieue,standard,1
CMD-000645,2025-02-09 01:49:13.092182,19,6,1,3.78,248.97,11.7,1,13.7,0.38,orage,rurale,premium,1
CMD-000646,2025-02-09 03:16:35.565927,12,6,1,14.65,53.44,0.86,1,36.4,0.8,neige,centre,standard,0
CMD-000647,2025-02-09 04:43:58.039673,14,6,1,2.83,187.5,1.71,1,22.8,0.48,normal,banlieue,standard,0
CMD-000648,2025-02-09 06:11:20.513418,15,6,1,15.24,237.51,23.0,1,22.0,0.24,normal,proche_banlieue,standard,0
CMD-000649,2025-02-09 07:38:42.987164,22,6,1,7.78,164.7,23.93,1,38.7,0.61,normal,proche_banlieue,standard,0
CMD-000650,2025-02-09 09:06:05.460910,20,6,1,6.27,241.15,16.1,1,14.4,0.79,neige,proche_banlieue,standard,0
CMD-000651,2025-02-09 10:33:27.934655,14,6,1,6.83,248.67,4.79,1,12.4,0.95,neige,proche_banlieue,standard,1
CMD-000652,2025-02-09 12:00:50.408401,17,6,1,2.39,202.39,9.33,1,41.3,0.98,normal,rurale,standard,1
CMD-000653,2025-02-09 13:28:12.882147,10,6,1,2.59,249.83,7.78,1,27.3,0.57,normal,rurale,standard,1
CMD-000654,2025-02-09 14:55:35.355892,19,6,1,7.88,160.2,19.67,1,31.8,0.69,normal,banlieue,premium,1
CMD-000655,2025-02-09 16:22:57.829638,15,6,1,7.84,129.29,13.52,0,21.9,0.65,normal,centre,standard,1
CMD-000656,2025-02-09 17:50:20.303383,15,6,1,3.92,230.23,19.54,1,23.9,0.63,normal,proche_banlieue,standard,1
CMD-000657,2025-02-09 19:17:42.777129,19,6,1,5.38,209.43,9.14,1,18.0,0.29,orage,proche_banlieue,standard,1
CMD-000658,2025-02-09 20:45:05.250875,17,6,1,9.48,36.43,21.76,1,28.2,0.74,normal,banlieue,standard,1
CMD-000659,2025-02-09 22:12:27.724620,8,6,1,3.36,82.65,10.84,0,33.3,0.97,pluie,centre,standard,1
CMD-000660,2025-02-09 23:39:50.198366,11,6,1,1.12,72.55,10.55,1,27.0,0.3,pluie,banlieue,standard,1
CMD-000661,2025-02-10 01:07:12.672112,9,0,0,17.91,215.26,12.33,1,35.6,0.45,pluie,proche_banlieue,standard,0
CMD-000662,2025-02-10 02:34:35.145857,18,0,0,8.29,65.98,14.88,1,31.6,0.26,normal,centre,standard,1
CMD-000663,2025-02-10 04:01:57.619603,7,0,0,4.54,82.97,22.37,1,14.5,0.52,normal,centre,premium,1
CMD-000664,2025-02-10 05:29:20.093348,10,0,0,3.77,134.51,11.55,0,23.6,0.59,normal,centre,standard,1
CMD-000665,2025-02-10 06:56:42.567094,16,0,0,3.33,28.27,23.27,1,20.5,0.49,normal,rurale,premium,0
CMD-000666,2025-02-10 08:24:05.040840,18,0,0,14.61,240.7,9.96,1,32.5,0.58,normal,proche_banlieue,standard,1
CMD-000667,2025-02-10 09:51:27.514585,15,0,0,2.02,127.86,8.25,0,29.6,0.84,normal,proche_banlieue,standard,0
CMD-000668,2025-02-10 11:18:49.988331,20,0,0,8.92,55.7,7.52,1,26.3,0.37,pluie,centre,standard,0
CMD-000669,2025-02-10 12:46:12.462077,21,0,0,8.91,75.0,0.72,1,35.1,0.81,normal,banlieue,standard,1
CMD-000670,2025-02-10 14:13:34.935822,9,0,0,11.46,201.54,21.26,1,6.3,0.83,normal,centre,standard,1
CMD-000671,2025-02-10 15:40:57.409568,22,0,0,4.9,162.16,2.16,1,19.0,0.66,normal,proche_banlieue,premium,1
CMD-000672,2025-02-10 17:08:19.883313,16,0,0,16.91,121.51,8.49,0,19.8,0.45,normal,banlieue,standard,0
CMD-000673,2025-02-10 18:35:42.357059,17,0,0,11.69,89.58,6.41,1,27.5,0.95,normal,centre,premium,1
CMD-000674,2025-02-10 20:03:04.830805,8,0,0,4.76,226.16,18.66,1,30.5,0.49,normal,banlieue,standard,1
CMD-000675,2025-02-10 21:30:27.304550,16,0,0,3.62,195.42,23.33,0,25.0,0.24,normal,banlieue,standard,1
CMD-000676,2025-02-10 22:57:49.778296,18,0,0,6.02,182.35,20.45,1,11.9,0.31,normal,proche_banlieue,standard,1
CMD-000677,2025-02-11 00:25:12.252042,16,1,0,4.64,117.04,8.14,1,29.1,0.91,normal,proche_banlieue,standard,1
CMD-000678,2025-02-11 01:52:34.725787,8,1,0,3.12,245.48,11.5,1,26.3,0.32,normal,centre,standard,1
CMD-000679,2025-02-11 03:19:57.199533,15,1,0,7.06,180.42,6.33,1,10.3,0.56,normal,banlieue,standard,1
CMD-000680,2025-02-11 04:47:19.673278,21,1,0,5.41,111.67,23.11,1,22.0,0.75,normal,proche_banlieue,standard,1
CMD-000681,2025-02-11 06:14:42.147024,18,1,0,19.62,240.53,3.14,1,28.7,0.66,pluie,banlieue,standard,1
CMD-000682,2025-02-11 07:42:04.620770,9,1,0,4.63,224.97,23.81,1,41.5,0.72,pluie,banlieue,standard,1
CMD-000683,2025-02-11 09:09:27.094515,22,1,0,3.59,187.59,20.38,1,14.1,0.48,pluie,proche_banlieue,standard,1
CMD-000684,2025-02-11 10:36:49.568261,22,1,0,6.72,194.08,17.85,1,32.9,0.73,normal,centre,premium,1
CMD-000685,2025-02-11 12:04:12.042007,9,1,0,8.1,111.67,19.4,1,14.2,0.21,normal,proche_banlieue,standard,1
CMD-000686,2025-02-11 13:31:34.515752,19,1,0,8.56,131.76,8.62,1,12.3,0.41,normal,proche_banlieue,standard,0
CMD-000687,2025-02-11 14:58:56.989498,13,1,0,8.5,55.97,7.54,1,12.9,0.3,normal,rurale,standard,1
CMD-000688,2025-02-11 16:26:19.463243,16,1,0,6.89,152.9,9.66,1,31.1,0.56,pluie,banlieue,standard,1
CMD-000689,2025-02-11 17:53:41.936989,14,1,0,6.52,98.78,4.7,1,26.3,0.32,pluie,banlieue,standard,1
CMD-000690,2025-02-11 19:21:04.410735,19,1,0,10.36,93.39,18.71,0,21.9,0.64,pluie,centre,standard,1
CMD-000691,2025-02-11 20:48:26.884480,22,1,0,2.87,237.57,11.98,0,29.6,0.34,pluie,proche_banlieue,standard,1
CMD-000692,2025-02-11 22:15:49.358226,19,1,0,3.61,49.55,22.17,1,25.4,0.53,pluie,proche_banlieue,standard,1
CMD-000693,2025-02-11 23:43:11.831971,21,1,0,1.54,209.19,21.98,0,26.1,0.26,pluie,rurale,premium,1
CMD-000694,2025-02-12 01:10:34.305717,22,2,0,2.92,77.55,4.07,1,22.0,0.55,neige,banlieue,standard,1
CMD-000695,2025-02-12 02:37:56.779463,8,2,0,13.65,16.88,5.63,0,14.7,0.85,normal,centre,premium,0
CMD-000696,2025-02-12 04:05:19.253208,11,2,0,10.05,19.71,10.38,0,41.9,0.45,normal,rurale,standard,0
CMD-000697,2025-02-12 05:32:41.726954,18,2,0,21.36,113.0,3.15,1,39.0,0.77,normal,centre,standard,0
CMD-000698,2025-02-12 07:00:04.200700,16,2,0,18.09,119.07,17.3,1,40.9,0.54,normal,banlieue,premium,1
CMD-000699,2025-02-12 08:27:26.674445,7,2,0,10.11,86.86,18.49,1,19.6,0.39,normal,rurale,standard,1
CMD-000700,2025-02-12 09:54:49.148191,8,2,0,7.48,170.51,18.09,1,18.2,0.44,pluie,banlieue,standard,1
CMD-000701,2025-02-12 11:22:11.621936,15,2,0,6.82,126.48,11.86,1,20.9,0.44,normal,rurale,standard,1
CMD-000702,2025-02-12 12:49:34.095682,16,2,0,0.71,27.79,21.11,1,35.7,0.79,normal,banlieue,standard,0
CMD-000703,2025-02-12 14:16:56.569428,9,2,0,6.26,93.54,15.22,1,25.0,0.36,normal,centre,premium,0
CMD-000704,2025-02-12 15:44:19.043173,9,2,0,4.17,34.47,24.84,1,19.6,0.98,normal,banlieue,standard,1
CMD-000705,2025-02-12 17:11:41.516919,9,2,0,3.03,25.1,20.42,0,28.6,0.75,normal,banlieue,premium,1
CMD-000706,2025-02-12 18:39:03.990665,16,2,0,9.0,59.99,18.11,1,17.6,0.52,normal,proche_banlieue,standard,1
CMD-000707,2025-02-12 20:06:26.464410,7,2,0,5.69,178.14,3.26,1,11.4,1.0,normal,rurale,standard,1
CMD-000708,2025-02-12 21:33:48.938156,16,2,0,7.14,177.04,20.85,1,26.3,0.37,normal,banlieue,standard,1
CMD-000709,2025-02-12 23:01:11.411901,14,2,0,2.64,216.73,7.78,1,19.8,0.81,neige,proche_banlieue,standard,1
CMD-000710,2025-02-13 00:28:33.885647,14,3,0,12.04,191.54,10.59,0,24.9,0.42,normal,centre,standard,0
CMD-000711,2025-02-13 01:55:56.359393,17,3,0,4.61,138.52,11.68,1,5.0,0.63,normal,centre,standard,1
CMD-000712,2025-02-13 03:23:18.833138,15,3,0,8.66,85.03,8.42,1,16.1,0.24,normal,centre,standard,1
CMD-000713,2025-02-13 04:50:41.306884,18,3,0,4.93,11.39,2.89,1,24.5,0.88,normal,proche_banlieue,standard,1
CMD-000714,2025-02-13 06:18:03.780630,19,3,0,0.55,165.31,5.14,1,9.8,0.49,pluie,banlieue,standard,1
CMD-000715,2025-02-13 07:45:26.254375,21,3,0,9.26,79.53,20.13,1,10.2,0.67,normal,centre,premium,1
CMD-000716,2025-02-13 09:12:48.728121,19,3,0,5.98,70.02,16.38,1,25.4,0.94,normal,proche_banlieue,standard,1
CMD-000717,2025-02-13 10:40:11.201866,15,3,0,1.43,243.96,23.58,1,32.0,0.22,neige,centre,standard,1
CMD-000718,2025-02-13 12:07:33.675612,14,3,0,2.35,51.82,20.56,1,16.1,0.97,normal,rurale,premium,1
CMD-000719,2025-02-13 13:34:56.149358,10,3,0,12.29,17.78,10.18,1,22.4,0.62,normal,rurale,standard,1
CMD-000720,2025-02-13 15:02:18.623103,16,3,0,1.51,237.85,19.7,1,22.6,0.82,neige,centre,premium,1
CMD-000721,2025-02-13 16:29:41.096849,9,3,0,4.51,83.44,14.5,1,9.4,0.58,normal,centre,standard,1
CMD-000722,2025-02-13 17:57:03.570595,21,3,0,22.6,104.42,7.3,1,36.8,0.85,normal,rurale,standard,0
CMD-000723,2025-02-13 19:24:26.044340,20,3,0,9.43,29.42,24.38,1,23.2,0.9,normal,centre,standard,1
CMD-000724,2025-02-13 20:51:48.518086,8,3,0,11.14,106.98,23.23,1,23.3,0.51,neige,banlieue,standard,0
CMD-000725,2025-02-13 22:19:10.991831,19,3,0,5.31,243.33,2.98,0,28.7,0.78,neige,centre,standard,1
CMD-000726,2025-02-13 23:46:33.465577,8,3,0,1.3,176.56,21.02,1,9.4,1.0,normal,proche_banlieue,standard,1
CMD-000727,2025-02-14 01:13:55.939323,18,4,0,7.65,123.72,2.13,1,34.2,0.81,normal,banlieue,standard,1
CMD-000728,2025-02-14 02:41:18.413068,8,4,0,2.51,83.79,23.23,0,35.5,0.97,normal,proche_banlieue,standard,0
CMD-000729,2025-02-14 04:08:40.886814,14,4,0,2.29,97.85,15.68,1,26.4,0.79,normal,banlieue,standard,1
CMD-000730,2025-02-14 05:36:03.360560,17,4,0,7.01,156.69,4.33,1,29.6,0.46,neige,rurale,standard,1
CMD-000731,2025-02-14 07:03:25.834305,18,4,0,2.68,71.07,20.47,1,21.7,0.86,normal,proche_banlieue,standard,1
CMD-000732,2025-02-14 08:30:48.308051,13,4,0,6.42,46.47,12.99,1,33.6,0.73,normal,proche_banlieue,standard,1
CMD-000733,2025-02-14 09:58:10.781796,21,4,0,3.72,177.09,1.68,1,16.8,0.23,normal,banlieue,standard,1
CMD-000734,2025-02-14 11:25:33.255542,19,4,0,6.25,218.67,20.0,1,24.7,0.34,neige,banlieue,premium,1
CMD-000735,2025-02-14 12:52:55.729288,10,4,0,4.27,226.37,19.75,1,25.3,0.41,pluie,centre,standard,1
CMD-000736,2025-02-14 14:20:18.203033,17,4,0,6.38,211.94,12.16,1,24.6,0.79,pluie,proche_banlieue,standard,1
CMD-000737,2025-02-14 15:47:40.676779,18,4,0,17.1,137.34,18.33,1,35.7,0.84,pluie,proche_banlieue,standard,1
CMD-000738,2025-02-14 17:15:03.150525,12,4,0,11.31,199.32,1.2,1,46.9,0.86,pluie,proche_banlieue,standard,1
CMD-000739,2025-02-14 18:42:25.624270,18,4,0,5.85,232.33,8.09,1,23.9,0.25,orage,banlieue,premium,1
CMD-000740,2025-02-14 20:09:48.098016,21,4,0,15.3,15.61,16.9,1,29.7,0.26,pluie,rurale,standard,1
CMD-000741,2025-02-14 21:37:10.571761,20,4,0,8.75,108.9,5.92,1,17.0,0.44,normal,banlieue,standard,1
CMD-000742,2025-02-14 23:04:33.045507,19,4,0,14.6,58.99,11.37,1,35.3,0.74,neige,banlieue,standard,0
CMD-000743,2025-02-15 00:31:55.519253,17,5,1,1.69,249.22,23.31,1,19.8,0.87,normal,banlieue,standard,1
CMD-000744,2025-02-15 01:59:17.992998,11,5,1,2.71,233.1,20.7,1,56.5,0.9,normal,centre,standard,1
CMD-000745,2025-02-15 03:26:40.466744,19,5,1,7.59,202.52,14.04,1,8.3,0.37,neige,centre,standard,1
CMD-000746,2025-02-15 04:54:02.940490,12,5,1,5.74,81.01,14.5,1,46.5,0.81,orage,proche_banlieue,standard,1
CMD-000747,2025-02-15 06:21:25.414235,15,5,1,6.4,238.5,22.2,1,34.9,0.71,normal,proche_banlieue,standard,1
CMD-000748,2025-02-15 07:48:47.887981,12,5,1,9.79,17.02,21.6,1,13.8,0.94,normal,rurale,premium,0
CMD-000749,2025-02-15 09:16:10.361726,12,5,1,7.64,55.13,2.39,1,48.2,0.82,pluie,banlieue,premium,1
CMD-000750,2025-02-15 10:43:32.835472,9,5,1,12.07,158.05,11.75,1,15.7,0.62,normal,proche_banlieue,standard,1
CMD-000751,2025-02-15 12:10:55.309218,22,5,1,11.85,200.32,4.93,1,21.9,0.83,normal,centre,standard,1
CMD-000752,2025-02-15 13:38:17.782963,9,5,1,2.83,222.07,2.26,1,12.0,0.45,normal,centre,premium,1
CMD-000753,2025-02-15 15:05:40.256709,8,5,1,0.58,82.12,7.45,1,23.5,0.83,normal,proche_banlieue,standard,1
CMD-000754,2025-02-15 16:33:02.730455,21,5,1,2.66,103.79,15.34,1,24.5,0.82,normal,banlieue,premium,1
CMD-000755,2025-02-15 18:00:25.204200,15,5,1,2.51,119.16,19.9,1,33.3,0.88,normal,rurale,standard,1
CMD-000756,2025-02-15 19:27:47.677946,14,5,1,6.77,16.47,22.83,1,49.4,0.39,pluie,centre,premium,0
CMD-000757,2025-02-15 20:55:10.151691,18,5,1,6.7,217.35,10.69,1,19.9,0.88,normal,banlieue,standard,1
CMD-000758,2025-02-15 22:22:32.625437,13,5,1,5.47,91.11,10.67,1,5.0,0.34,normal,banlieue,standard,1
CMD-000759,2025-02-15 23:49:55.099183,9,5,1,8.99,57.83,4.0,1,31.5,0.82,normal,proche_banlieue,standard,0
CMD-000760,2025-02-16 01:17:17.572928,18,6,1,29.27,108.21,5.03,0,19.5,0.94,normal,centre,standard,0
CMD-000761,2025-02-16 02:44:40.046674,9,6,1,5.38,180.54,2.74,1,43.2,0.23,neige,centre,standard,1
CMD-000762,2025-02-16 04:12:02.520420,15,6,1,7.82,219.02,24.4,1,24.7,0.7,normal,banlieue,standard,1
CMD-000763,2025-02-16 05:39:24.994165,22,6,1,6.39,61.69,3.36,1,17.4,0.73,pluie,banlieue,standard,1
CMD-000764,2025-02-16 07:06:47.467911,21,6,1,3.96,51.43,18.96,1,14.9,0.85,normal,banlieue,standard,1
CMD-000765,2025-02-16 08:34:09.941656,12,6,1,9.85,236.51,8.08,1,31.2,0.28,orage,banlieue,premium,1
CMD-000766,2025-02-16 10:01:32.415402,19,6,1,5.17,142.21,13.52,1,22.2,0.93,normal,proche_banlieue,premium,1
CMD-000767,2025-02-16 11:28:54.889148,16,6,1,3.28,97.79,21.84,1,39.7,1.0,orage,centre,standard,1
CMD-000768,2025-02-16 12:56:17.362893,14,6,1,3.49,57.84,23.42,1,22.9,0.74,normal,centre,standard,1
CMD-000769,2025-02-16 14:23:39.836639,9,6,1,12.37,248.86,6.16,1,39.1,0.54,pluie,banlieue,premium,1
CMD-000770,2025-02-16 15:51:02.310385,13,6,1,9.68,182.6,22.8,1,11.2,0.71,normal,proche_banlieue,standard,1
CMD-000771,2025-02-16 17:18:24.784130,17,6,1,4.34,62.29,6.45,1,7.6,0.24,normal,rurale,standard,1
CMD-000772,2025-02-16 18:45:47.257876,22,6,1,8.89,31.9,20.16,1,33.3,0.8,normal,proche_banlieue,premium,1
CMD-000773,2025-02-16 20:13:09.731621,7,6,1,6.45,57.83,0.58,1,20.4,0.26,pluie,centre,standard,1
CMD-000774,2025-02-16 21:40:32.205367,18,6,1,7.92,69.46,13.47,1,22.4,0.46,normal,banlieue,standard,1
CMD-000775,2025-02-16 23:07:54.679113,20,6,1,3.87,36.66,18.2,1,14.9,0.31,normal,banlieue,standard,1
CMD-000776,2025-02-17 00:35:17.152858,22,0,0,2.58,65.12,21.01,1,14.1,0.78,normal,banlieue,premium,1
CMD-000777,2025-02-17 02:02:39.626604,13,0,0,5.15,38.03,21.06,1,31.4,0.68,normal,centre,premium,1
CMD-000778,2025-02-17 03:30:02.100350,8,0,0,3.0,100.66,7.61,0,24.8,0.76,pluie,centre,premium,1
CMD-000779,2025-02-17 04:57:24.574095,11,0,0,2.81,126.69,21.36,1,14.4,0.25,normal,proche_banlieue,standard,1
CMD-000780,2025-02-17 06:24:47.047841,20,0,0,1.79,119.27,8.23,1,32.9,0.5,normal,proche_banlieue,standard,1
CMD-000781,2025-02-17 07:52:09.521586,21,0,0,0.58,209.01,6.0,0,36.7,0.52,orage,centre,premium,1
CMD-000782,2025-02-17 09:19:31.995332,17,0,0,4.4,70.96,0.24,1,23.9,0.68,normal,proche_banlieue,premium,1
CMD-000783,2025-02-17 10:46:54.469078,8,0,0,13.99,222.9,6.05,0,35.0,0.28,normal,banlieue,premium,0
CMD-000784,2025-02-17 12:14:16.942823,8,0,0,11.69,227.95,3.14,1,15.0,0.72,normal,proche_banlieue,standard,1
CMD-000785,2025-02-17 13:41:39.416569,14,0,0,18.83,240.35,16.94,1,30.8,0.52,pluie,centre,standard,0
CMD-000786,2025-02-17 15:09:01.890315,16,0,0,2.7,53.44,3.79,1,26.6,0.92,normal,rurale,standard,1
CMD-000787,2025-02-17 16:36:24.364060,7,0,0,10.31,68.98,14.72,1,17.1,0.56,pluie,centre,standard,1
CMD-000788,2025-02-17 18:03:46.837806,17,0,0,5.83,159.72,3.34,0,45.5,0.28,pluie,centre,standard,1
CMD-000789,2025-02-17 19:31:09.311551,15,0,0,3.5,43.81,17.67,0,27.3,0.28,normal,centre,standard,1
CMD-000790,2025-02-17 20:58:31.785297,7,0,0,12.91,30.55,7.28,1,19.1,0.4,normal,centre,standard,1
CMD-000791,2025-02-17 22:25:54.259043,8,0,0,5.88,27.69,7.86,1,25.2,0.39,normal,banlieue,standard,1
CMD-000792,2025-02-17 23:53:16.732788,14,0,0,1.12,155.48,16.08,1,16.3,0.84,normal,centre,premium,1
CMD-000793,2025-02-18 01:20:39.206534,18,1,0,11.6,203.12,23.49,1,13.4,0.78,normal,centre,standard,1
CMD-000794,2025-02-18 02:48:01.680280,20,1,0,8.45,72.13,24.79,1,20.5,0.26,normal,centre,premium,1
CMD-000795,2025-02-18 04:15:24.154025,13,1,0,7.06,234.05,9.06,1,21.2,0.88,normal,centre,standard,1
CMD-000796,2025-02-18 05:42:46.627771,11,1,0,2.22,200.06,23.67,1,17.0,0.28,normal,proche_banlieue,premium,0
CMD-000797,2025-02-18 07:10:09.101516,22,1,0,7.69,28.59,15.39,1,37.5,0.83,normal,centre,standard,1
CMD-000798,2025-02-18 08:37:31.575262,14,1,0,17.13,107.75,22.68,1,17.3,0.29,neige,proche_banlieue,standard,1
CMD-000799,2025-02-18 10:04:54.049008,12,1,0,8.28,26.32,0.89,1,15.7,0.5,orage,banlieue,standard,0
CMD-000800,2025-02-18 11:32:16.522753,14,1,0,1.54,229.65,1.02,1,13.1,0.8,normal,proche_banlieue,standard,1
CMD-000801,2025-02-18 12:59:38.996499,7,1,0,8.74,188.27,2.05,1,12.2,0.4,neige,centre,standard,1
CMD-000802,2025-02-18 14:27:01.470245,11,1,0,8.34,174.77,20.15,1,35.3,0.29,pluie,proche_banlieue,standard,0
CMD-000803,2025-02-18 15:54:23.943990,15,1,0,10.91,173.85,3.62,1,27.6,0.83,normal,centre,standard,1
CMD-000804,2025-02-18 17:21:46.417736,21,1,0,8.17,78.44,4.58,1,31.9,0.75,normal,centre,standard,0
CMD-000805,2025-02-18 18:49:08.891481,18,1,0,2.82,234.05,14.72,0,35.2,0.91,normal,proche_banlieue,standard,1
CMD-000806,2025-02-18 20:16:31.365227,19,1,0,6.78,231.47,23.94,1,21.7,0.71,pluie,centre,standard,1
CMD-000807,2025-02-18 21:43:53.838973,15,1,0,5.22,187.48,14.26,1,39.7,0.26,neige,centre,standard,1
CMD-000808,2025-02-18 23:11:16.312718,8,1,0,7.4,122.54,18.37,1,18.7,0.71,normal,centre,premium,1
CMD-000809,2025-02-19 00:38:38.786464,13,2,0,13.24,21.31,4.86,0,14.0,0.86,normal,proche_banlieue,standard,0
CMD-000810,2025-02-19 02:06:01.260210,22,2,0,3.71,16.79,22.87,1,28.7,0.27,pluie,centre,standard,1
CMD-000811,2025-02-19 03:33:23.733955,7,2,0,20.74,43.15,1.59,1,26.4,0.31,normal,centre,standard,0
CMD-000812,2025-02-19 05:00:46.207701,21,2,0,8.7,152.98,7.21,1,26.4,0.74,normal,rurale,standard,1
CMD-000813,2025-02-19 06:28:08.681446,17,2,0,11.65,201.54,11.45,1,35.2,0.83,normal,banlieue,premium,1
CMD-000814,2025-02-19 07:55:31.155192,11,2,0,10.58,237.63,5.81,1,26.1,0.48,pluie,banlieue,premium,1
CMD-000815,2025-02-19 09:22:53.628938,19,2,0,8.45,52.09,16.66,1,28.1,0.79,normal,proche_banlieue,standard,1
CMD-000816,2025-02-19 10:50:16.102683,20,2,0,9.6,76.13,17.03,1,38.6,0.33,normal,proche_banlieue,standard,0
CMD-000817,2025-02-19 12:17:38.576429,7,2,0,0.06,22.98,5.45,1,27.7,0.56,normal,banlieue,standard,1
CMD-000818,2025-02-19 13:45:01.050175,8,2,0,10.56,247.37,0.41,1,29.9,0.8,normal,proche_banlieue,standard,1
CMD-000819,2025-02-19 15:12:23.523920,17,2,0,3.02,197.42,2.04,1,10.8,0.36,pluie,banlieue,standard,1
CMD-000820,2025-02-19 16:39:45.997666,22,2,0,6.15,125.37,0.21,0,62.2,0.48,normal,banlieue,standard,0
CMD-000821,2025-02-19 18:07:08.471411,7,2,0,8.41,148.14,22.65,1,9.1,0.7,normal,centre,standard,1
CMD-000822,2025-02-19 19:34:30.945157,17,2,0,13.65,144.92,15.62,1,19.6,0.48,neige,proche_banlieue,premium,1
CMD-000823,2025-02-19 21:01:53.418903,9,2,0,3.02,71.05,3.63,0,19.3,0.9,neige,centre,standard,1
CMD-000824,2025-02-19 22:29:15.892648,17,2,0,4.49,54.49,2.49,0,46.1,0.97,normal,proche_banlieue,standard,1
CMD-000825,2025-02-19 23:56:38.366394,16,2,0,5.0,81.27,20.48,1,19.0,0.71,pluie,banlieue,standard,1
CMD-000826,2025-02-20 01:24:00.840140,8,3,0,7.46,69.32,20.31,1,29.4,0.83,normal,proche_banlieue,standard,1
CMD-000827,2025-02-20 02:51:23.313885,17,3,0,5.26,143.81,23.2,1,19.4,0.93,normal,proche_banlieue,standard,1
CMD-000828,2025-02-20 04:18:45.787631,21,3,0,9.64,83.97,4.15,1,14.6,0.76,normal,proche_banlieue,standard,1
CMD-000829,2025-02-20 05:46:08.261376,20,3,0,1.17,184.95,13.15,1,30.7,0.82,normal,banlieue,premium,1
CMD-000830,2025-02-20 07:13:30.735122,7,3,0,5.78,146.31,3.21,1,17.8,0.26,normal,proche_banlieue,standard,1
CMD-000831,2025-02-20 08:40:53.208868,10,3,0,18.26,137.74,19.93,1,27.1,0.86,normal,proche_banlieue,premium,1
CMD-000832,2025-02-20 10:08:15.682613,10,3,0,5.27,238.31,10.43,0,31.3,0.42,pluie,banlieue,premium,0
CMD-000833,2025-02-20 11:35:38.156359,14,3,0,8.73,87.38,17.46,0,44.1,0.26,normal,banlieue,standard,0
CMD-000834,2025-02-20 13:03:00.630105,9,3,0,12.23,162.46,0.95,0,12.4,0.67,normal,banlieue,standard,1
CMD-000835,2025-02-20 14:30:23.103850,20,3,0,8.52,10.01,19.49,1,23.5,0.38,neige,banlieue,standard,1
CMD-000836,2025-02-20 15:57:45.577596,19,3,0,21.97,186.86,5.89,1,23.9,0.26,normal,banlieue,standard,0
CMD-000837,2025-02-20 17:25:08.051341,19,3,0,6.9,130.61,21.1,1,25.0,0.69,normal,rurale,standard,0
CMD-000838,2025-02-20 18:52:30.525087,10,3,0,9.98,60.01,4.81,1,50.7,0.28,normal,banlieue,standard,0
CMD-000839,2025-02-20 20:19:52.998833,7,3,0,7.69,10.36,19.79,1,23.3,0.91,normal,proche_banlieue,standard,1
CMD-000840,2025-02-20 21:47:15.472578,21,3,0,15.86,179.67,3.53,1,5.0,0.98,pluie,rurale,standard,1
CMD-000841,2025-02-20 23:14:37.946324,11,3,0,4.67,169.05,16.65,1,23.0,0.79,normal,rurale,standard,1
CMD-000842,2025-02-21 00:42:00.420070,17,4,0,23.14,169.7,19.53,0,23.8,0.43,orage,proche_banlieue,premium,0
CMD-000843,2025-02-21 02:09:22.893815,21,4,0,3.78,114.99,9.78,1,22.6,0.65,normal,banlieue,standard,1
CMD-000844,2025-02-21 03:36:45.367561,7,4,0,19.43,163.43,6.26,1,17.8,0.23,normal,rurale,standard,1
CMD-000845,2025-02-21 05:04:07.841306,7,4,0,2.71,147.12,8.74,1,11.8,0.7,normal,centre,standard,1
CMD-000846,2025-02-21 06:31:30.315052,7,4,0,10.21,67.33,7.56,1,46.6,0.41,normal,proche_banlieue,standard,1
CMD-000847,2025-02-21 07:58:52.788798,9,4,0,6.45,134.5,15.9,1,28.2,0.56,normal,proche_banlieue,standard,1
CMD-000848,2025-02-21 09:26:15.262543,7,4,0,12.06,133.5,1.31,1,23.1,0.34,normal,banlieue,standard,1
CMD-000849,2025-02-21 10:53:37.736289,20,4,0,8.88,207.67,1.23,1,46.3,0.99,normal,rurale,standard,0
CMD-000850,2025-02-21 12:21:00.210035,16,4,0,11.61,114.04,7.34,1,16.3,0.37,pluie,proche_banlieue,standard,1
CMD-000851,2025-02-21 13:48:22.683780,22,4,0,2.63,114.66,7.07,1,31.0,0.53,neige,banlieue,standard,1
CMD-000852,2025-02-21 15:15:45.157526,19,4,0,1.41,246.26,4.59,0,12.5,0.4,normal,banlieue,standard,1
CMD-000853,2025-02-21 16:43:07.631271,22,4,0,2.25,224.67,17.98,1,32.5,0.63,normal,banlieue,premium,1
CMD-000854,2025-02-21 18:10:30.105017,10,4,0,2.19,68.15,0.79,1,13.7,0.92,normal,proche_banlieue,standard,1
CMD-000855,2025-02-21 19:37:52.578763,11,4,0,2.6,228.47,23.12,1,29.7,0.33,normal,proche_banlieue,standard,1
CMD-000856,2025-02-21 21:05:15.052508,20,4,0,4.0,43.11,18.99,1,44.5,0.31,normal,centre,standard,1
CMD-000857,2025-02-21 22:32:37.526254,10,4,0,3.97,214.81,10.19,0,25.9,0.26,orage,centre,standard,1
CMD-000858,2025-02-22 00:00:00.000000,7,5,1,6.57,54.0,21.5,1,5.0,0.67,normal,proche_banlieue,standard,1
CMD-000859,2025-02-22 01:27:22.473745,17,5,1,3.22,112.14,15.53,1,25.4,0.68,normal,centre,standard,1
CMD-000860,2025-02-22 02:54:44.947491,19,5,1,3.44,246.14,14.34,1,29.8,0.86,normal,banlieue,standard,1
CMD-000861,2025-02-22 04:22:07.421236,22,5,1,5.52,33.29,7.96,1,34.0,0.87,normal,rurale,standard,1
CMD-000862,2025-02-22 05:49:29.894982,21,5,1,13.21,211.55,16.64,1,39.7,0.28,neige,centre,standard,1
CMD-000863,2025-02-22 07:16:52.368728,8,5,1,4.61,128.74,3.66,0,40.2,0.93,normal,banlieue,standard,0
CMD-000864,2025-02-22 08:44:14.842473,19,5,1,6.24,36.64,13.22,0,23.7,0.86,normal,centre,standard,0
CMD-000865,2025-02-22 10:11:37.316219,20,5,1,7.04,238.6,3.08,1,18.4,0.72,normal,proche_banlieue,premium,1
CMD-000866,2025-02-22 11:38:59.789964,18,5,1,2.88,141.82,11.24,1,13.8,0.48,pluie,centre,premium,1
CMD-000867,2025-02-22 13:06:22.263710,20,5,1,4.98,221.35,15.48,1,19.6,0.8,normal,centre,premium,1
CMD-000868,2025-02-22 14:33:44.737456,20,5,1,3.68,218.59,4.06,1,29.8,0.7,normal,rurale,standard,1
CMD-000869,2025-02-22 16:01:07.211201,14,5,1,12.37,13.51,5.71,1,11.5,0.48,normal,proche_banlieue,standard,1
CMD-000870,2025-02-22 17:28:29.684947,7,5,1,11.67,73.56,20.37,1,15.7,0.21,normal,centre,standard,1
CMD-000871,2025-02-22 18:55:52.158693,14,5,1,3.37,90.86,6.54,1,30.6,0.67,orage,centre,standard,1
CMD-000872,2025-02-22 20:23:14.632438,10,5,1,6.15,138.37,2.57,1,18.5,0.66,normal,banlieue,standard,1
CMD-000873,2025-02-22 21:50:37.106184,8,5,1,9.98,27.25,8.4,1,28.7,0.32,normal,proche_banlieue,standard,1
CMD-000874,2025-02-22 23:17:59.579929,8,5,1,8.19,103.35,23.39,0,16.9,0.93,neige,rurale,premium,0
CMD-000875,2025-02-23 00:45:22.053675,18,6,1,8.84,205.51,17.41,1,27.9,0.33,orage,proche_banlieue,standard,1
CMD-000876,2025-02-23 02:12:44.527421,15,6,1,2.9,51.57,14.47,1,17.3,0.43,normal,proche_banlieue,standard,0
CMD-000877,2025-02-23 03:40:07.001166,15,6,1,18.96,178.31,21.04,1,6.0,0.5,normal,proche_banlieue,standard,1
CMD-000878,2025-02-23 05:07:29.474912,18,6,1,3.94,120.48,16.57,1,34.6,0.75,orage,banlieue,standard,1
CMD-000879,2025-02-23 06:34:51.948658,15,6,1,3.85,26.97,20.32,1,18.0,0.27,normal,banlieue,standard,1
CMD-000880,2025-02-23 08:02:14.422403,17,6,1,1.99,52.57,16.5,0,22.5,0.76,normal,centre,standard,1
CMD-000881,2025-02-23 09:29:36.896149,8,6,1,5.71,43.85,21.63,0,18.1,0.53,normal,proche_banlieue,standard,1
CMD-000882,2025-02-23 10:56:59.369894,20,6,1,14.17,158.73,15.68,1,30.4,0.35,pluie,centre,standard,1
CMD-000883,2025-02-23 12:24:21.843640,14,6,1,8.13,30.96,6.77,1,28.3,0.29,normal,rurale,standard,1
CMD-000884,2025-02-23 13:51:44.317386,9,6,1,6.06,207.53,1.22,1,30.4,0.53,normal,banlieue,standard,1
CMD-000885,2025-02-23 15:19:06.791131,20,6,1,11.09,203.6,2.81,1,19.5,0.56,pluie,centre,standard,1
CMD-000886,2025-02-23 16:46:29.264877,18,6,1,13.94,29.21,12.91,1,24.5,0.31,pluie,proche_banlieue,standard,0
CMD-000887,2025-02-23 18:13:51.738623,7,6,1,11.66,223.17,24.3,0,29.2,0.59,normal,proche_banlieue,standard,0
CMD-000888,2025-02-23 19:41:14.212368,10,6,1,1.0,240.2,19.03,1,40.5,0.6,normal,rurale,premium,1
CMD-000889,2025-02-23 21:08:36.686114,7,6,1,11.16,20.43,19.43,1,28.1,0.98,pluie,proche_banlieue,standard,1
CMD-000890,2025-02-23 22:35:59.159859,11,6,1,9.09,238.08,16.66,1,15.0,0.77,normal,centre,standard,0
CMD-000891,2025-02-24 00:03:21.633605,8,0,0,3.31,77.07,22.61,1,27.7,0.21,pluie,banlieue,standard,1
CMD-000892,2025-02-24 01:30:44.107351,18,0,0,9.12,169.54,18.44,1,23.4,0.58,normal,centre,standard,1
CMD-000893,2025-02-24 02:58:06.581096,15,0,0,14.19,51.96,6.61,1,5.0,0.22,pluie,banlieue,standard,0
CMD-000894,2025-02-24 04:25:29.054842,22,0,0,4.08,206.19,12.59,1,6.5,0.61,normal,proche_banlieue,standard,1
CMD-000895,2025-02-24 05:52:51.528588,18,0,0,12.23,212.06,10.23,0,24.3,0.47,normal,banlieue,standard,0
CMD-000896,2025-02-24 07:20:14.002333,16,0,0,8.26,244.8,4.3,1,25.2,0.92,normal,proche_banlieue,standard,1
CMD-000897,2025-02-24 08:47:36.476079,15,0,0,0.16,248.21,5.71,1,22.1,0.59,normal,centre,standard,1
CMD-000898,2025-02-24 10:14:58.949824,7,0,0,6.41,28.21,7.27,1,33.8,0.88,normal,rurale,premium,1
CMD-000899,2025-02-24 11:42:21.423570,8,0,0,8.03,167.91,4.51,1,15.6,0.67,normal,rurale,standard,1
CMD-000900,2025-02-24 13:09:43.897316,16,0,0,5.14,75.53,5.59,1,11.1,0.52,pluie,proche_banlieue,standard,1
CMD-000901,2025-02-24 14:37:06.371061,7,0,0,8.49,40.14,22.93,1,16.7,0.38,normal,banlieue,premium,1
CMD-000902,2025-02-24 16:04:28.844807,7,0,0,5.89,45.71,8.71,1,18.9,0.35,normal,proche_banlieue,standard,1
CMD-000903,2025-02-24 17:31:51.318553,10,0,0,26.24,234.74,20.72,0,24.4,0.84,pluie,proche_banlieue,standard,0
CMD-000904,2025-02-24 18:59:13.792298,21,0,0,4.86,174.08,1.8,0,17.0,0.91,normal,centre,standard,1
CMD-000905,2025-02-24 20:26:36.266044,14,0,0,3.39,22.11,24.55,0,5.0,0.46,pluie,proche_banlieue,standard,0
CMD-000906,2025-02-24 21:53:58.739789,18,0,0,11.81,246.22,19.17,1,5.0,0.6,normal,centre,standard,1
CMD-000907,2025-02-24 23:21:21.213535,13,0,0,5.36,203.87,22.69,1,26.2,0.43,normal,banlieue,standard,1
CMD-000908,2025-02-25 00:48:43.687281,9,1,0,6.14,84.2,13.24,1,13.7,0.56,normal,banlieue,standard,1
CMD-000909,2025-02-25 02:16:06.161026,12,1,0,5.74,123.01,15.94,1,5.0,0.9,orage,centre,standard,1
CMD-000910,2025-02-25 03:43:28.634772,8,1,0,11.36,184.38,9.15,1,31.2,0.31,normal,banlieue,standard,0
CMD-000911,2025-02-25 05:10:51.108518,19,1,0,2.58,172.25,10.91,1,40.5,0.43,normal,centre,standard,1
CMD-000912,2025-02-25 06:38:13.582263,9,1,0,12.22,121.14,18.82,1,24.1,0.76,normal,centre,standard,1
CMD-000913,2025-02-25 08:05:36.056009,13,1,0,9.63,132.97,1.44,1,27.7,0.45,normal,centre,standard,1
CMD-000914,2025-02-25 09:32:58.529754,22,1,0,20.78,20.37,1.11,1,27.8,0.26,normal,proche_banlieue,premium,0
CMD-000915,2025-02-25 11:00:21.003500,16,1,0,7.57,130.15,21.9,0,5.0,0.5,normal,banlieue,standard,0
CMD-000916,2025-02-25 12:27:43.477246,14,1,0,2.76,91.66,2.93,1,33.9,0.74,normal,proche_banlieue,premium,1
CMD-000917,2025-02-25 13:55:05.950991,15,1,0,7.64,78.41,18.08,1,37.4,0.99,pluie,rurale,standard,1
CMD-000918,2025-02-25 15:22:28.424737,19,1,0,8.35,74.71,5.15,1,43.4,0.91,normal,proche_banlieue,standard,1
CMD-000919,2025-02-25 16:49:50.898483,11,1,0,15.03,165.75,9.28,1,20.6,0.65,normal,centre,standard,1
CMD-000920,2025-02-25 18:17:13.372228,17,1,0,2.75,113.02,7.48,1,13.6,0.82,normal,proche_banlieue,standard,1
CMD-000921,2025-02-25 19:44:35.845974,20,1,0,1.54,112.19,12.36,0,38.6,0.66,normal,banlieue,standard,0
CMD-000922,2025-02-25 21:11:58.319719,16,1,0,7.75,48.2,20.7,1,30.0,0.6,normal,proche_banlieue,standard,1
CMD-000923,2025-02-25 22:39:20.793465,14,1,0,21.38,240.85,21.91,1,33.7,0.34,normal,proche_banlieue,standard,1
CMD-000924,2025-02-26 00:06:43.267211,9,2,0,10.65,63.74,5.71,0,18.5,0.43,normal,centre,standard,0
CMD-000925,2025-02-26 01:34:05.740956,10,2,0,11.08,107.47,8.57,1,27.7,0.56,pluie,banlieue,standard,1
CMD-000926,2025-02-26 03:01:28.214702,22,2,0,1.94,55.65,20.96,1,14.5,0.99,normal,proche_banlieue,standard,1
CMD-000927,2025-02-26 04:28:50.688448,15,2,0,6.83,178.75,2.42,1,24.9,0.69,normal,rurale,standard,1
CMD-000928,2025-02-26 05:56:13.162193,11,2,0,15.22,114.67,3.1,1,21.5,0.96,normal,proche_banlieue,standard,1
CMD-000929,2025-02-26 07:23:35.635939,13,2,0,8.42,109.28,12.09,1,48.4,0.41,normal,centre,standard,1
CMD-000930,2025-02-26 08:50:58.109684,16,2,0,1.43,220.02,19.8,1,30.5,0.26,normal,rurale,standard,1
CMD-000931,2025-02-26 10:18:20.583430,15,2,0,6.73,192.28,8.53,1,5.0,0.98,normal,centre,standard,1
CMD-000932,2025-02-26 11:45:43.057176,18,2,0,10.13,134.77,1.92,0,25.0,0.46,normal,centre,standard,1
CMD-000933,2025-02-26 13:13:05.530921,11,2,0,6.18,122.46,24.2,1,28.7,0.63,normal,banlieue,standard,1
CMD-000934,2025-02-26 14:40:28.004667,17,2,0,3.07,240.38,23.49,1,20.3,0.26,normal,centre,premium,1
CMD-000935,2025-02-26 16:07:50.478413,14,2,0,12.06,239.55,16.37,1,14.0,0.89,normal,proche_banlieue,premium,1
CMD-000936,2025-02-26 17:35:12.952158,22,2,0,4.7,179.15,17.11,1,31.6,0.2,orage,proche_banlieue,standard,0
CMD-000937,2025-02-26 19:02:35.425904,9,2,0,9.01,192.44,23.36,1,15.4,0.92,neige,banlieue,standard,1
CMD-000938,2025-02-26 20:29:57.899649,9,2,0,6.59,225.78,16.17,1,30.8,0.33,orage,proche_banlieue,standard,1
CMD-000939,2025-02-26 21:57:20.373395,14,2,0,4.55,241.43,19.75,1,14.5,0.35,pluie,banlieue,premium,1
CMD-000940,2025-02-26 23:24:42.847141,15,2,0,22.97,29.75,11.7,0,19.7,0.86,orage,rurale,standard,0
CMD-000941,2025-02-27 00:52:05.320886,18,3,0,4.14,249.36,5.85,1,34.6,0.51,normal,banlieue,standard,1
CMD-000942,2025-02-27 02:19:27.794632,13,3,0,7.02,178.73,20.85,1,29.9,0.4,normal,centre,standard,1
CMD-000943,2025-02-27 03:46:50.268378,21,3,0,6.58,152.26,17.17,1,25.3,0.68,pluie,banlieue,premium,0
CMD-000944,2025-02-27 05:14:12.742123,14,3,0,7.61,109.16,7.38,1,24.7,0.4,normal,banlieue,standard,1
CMD-000945,2025-02-27 06:41:35.215869,9,3,0,21.86,90.73,15.66,1,25.9,0.43,normal,proche_banlieue,standard,1
CMD-000946,2025-02-27 08:08:57.689614,8,3,0,10.14,203.01,20.45,1,17.1,0.24,pluie,banlieue,standard,1
CMD-000947,2025-02-27 09:36:20.163360,22,3,0,4.52,167.06,6.9,1,9.8,0.63,orage,proche_banlieue,standard,1
CMD-000948,2025-02-27 11:03:42.637106,9,3,0,17.5,58.17,19.25,1,30.7,0.3,normal,centre,standard,0
CMD-000949,2025-02-27 12:31:05.110851,22,3,0,11.4,156.38,1.99,1,40.3,0.87,normal,banlieue,premium,1
CMD-000950,2025-02-27 13:58:27.584597,11,3,0,4.59,43.88,15.7,1,31.0,0.8,normal,proche_banlieue,standard,1
CMD-000951,2025-02-27 15:25:50.058343,8,3,0,15.74,129.25,24.97,1,27.5,0.43,normal,proche_banlieue,standard,0
CMD-000952,2025-02-27 16:53:12.532088,11,3,0,1.92,150.03,21.69,0,12.9,0.63,pluie,proche_banlieue,standard,1
CMD-000953,2025-02-27 18:20:35.005834,16,3,0,2.48,162.56,21.92,0,33.8,0.66,normal,proche_banlieue,standard,1
CMD-000954,2025-02-27 19:47:57.479579,13,3,0,1.32,44.86,17.07,0,29.8,0.73,normal,banlieue,standard,1
CMD-000955,2025-02-27 21:15:19.953325,19,3,0,0.74,32.94,11.64,1,32.6,0.54,neige,rurale,premium,1
CMD-000956,2025-02-27 22:42:42.427071,16,3,0,14.99,72.09,16.99,1,35.3,0.72,normal,banlieue,standard,1
CMD-000957,2025-02-28 00:10:04.900816,13,4,0,7.68,155.69,8.17,1,40.9,0.34,pluie,rurale,standard,0
CMD-000958,2025-02-28 01:37:27.374562,17,4,0,1.46,233.6,13.91,0,13.9,0.58,pluie,centre,standard,1
CMD-000959,2025-02-28 03:04:49.848308,22,4,0,6.45,196.99,13.58,0,12.1,0.28,pluie,centre,standard,1
CMD-000960,2025-02-28 04:32:12.322053,13,4,0,12.5,188.97,13.68,1,26.5,0.95,orage,banlieue,standard,0
CMD-000961,2025-02-28 05:59:34.795799,9,4,0,3.54,89.26,10.42,1,15.8,0.52,neige,banlieue,standard,1
CMD-000962,2025-02-28 07:26:57.269544,13,4,0,5.14,36.81,8.95,1,14.0,0.69,normal,rurale,premium,1
CMD-000963,2025-02-28 08:54:19.743290,20,4,0,23.69,224.07,8.39,1,37.2,0.59,normal,banlieue,standard,1
CMD-000964,2025-02-28 10:21:42.217036,10,4,0,5.53,130.2,5.77,1,14.9,0.22,orage,centre,standard,1
CMD-000965,2025-02-28 11:49:04.690781,22,4,0,1.6,34.12,11.08,1,24.9,0.25,pluie,banlieue,standard,1
CMD-000966,2025-02-28 13:16:27.164527,16,4,0,4.29,138.39,3.12,1,8.7,0.41,normal,centre,standard,1
CMD-000967,2025-02-28 14:43:49.638273,16,4,0,1.35,172.1,22.56,1,25.6,0.74,neige,proche_banlieue,premium,1
CMD-000968,2025-02-28 16:11:12.112018,12,4,0,10.73,86.78,1.93,1,36.8,0.71,normal,banlieue,standard,1
CMD-000969,2025-02-28 17:38:34.585764,21,4,0,3.11,12.22,20.97,1,37.1,0.35,normal,banlieue,premium,1
CMD-000970,2025-02-28 19:05:57.059509,7,4,0,3.02,159.19,6.18,1,35.4,0.59,normal,proche_banlieue,standard,1
CMD-000971,2025-02-28 20:33:19.533255,11,4,0,25.12,19.62,21.36,1,24.2,0.49,neige,banlieue,standard,1
CMD-000972,2025-02-28 22:00:42.007001,13,4,0,2.22,113.87,18.06,1,36.1,0.65,pluie,rurale,standard,1
CMD-000973,2025-02-28 23:28:04.480746,14,4,0,1.84,207.95,23.04,1,29.3,0.47,neige,centre,standard,1
CMD-000974,2025-03-01 00:55:26.954492,14,5,1,2.61,249.72,21.78,1,20.6,0.92,pluie,centre,standard,1
CMD-000975,2025-03-01 02:22:49.428238,9,5,1,12.77,98.87,17.59,1,28.8,0.58,normal,centre,premium,1
CMD-000976,2025-03-01 03:50:11.901983,10,5,1,9.75,14.83,3.96,1,33.9,0.54,normal,proche_banlieue,standard,0
CMD-000977,2025-03-01 05:17:34.375729,8,5,1,4.24,128.3,13.82,1,11.7,0.76,normal,centre,standard,1
CMD-000978,2025-03-01 06:44:56.849474,16,5,1,3.92,76.31,8.63,1,14.4,0.82,normal,proche_banlieue,standard,1
CMD-000979,2025-03-01 08:12:19.323220,12,5,1,9.22,224.27,22.17,1,23.6,0.55,pluie,centre,standard,1
CMD-000980,2025-03-01 09:39:41.796966,16,5,1,7.9,180.76,21.83,1,12.8,0.29,normal,centre,standard,1
CMD-000981,2025-03-01 11:07:04.270711,16,5,1,5.82,107.04,7.99,1,12.6,0.27,normal,proche_banlieue,standard,1
CMD-000982,2025-03-01 12:34:26.744457,18,5,1,9.99,192.89,16.86,1,20.8,0.46,neige,rurale,standard,0
CMD-000983,2025-03-01 14:01:49.218203,15,5,1,2.44,91.89,8.59,1,34.9,0.79,pluie,centre,standard,1
CMD-000984,2025-03-01 15:29:11.691948,17,5,1,3.15,135.22,17.02,1,34.7,0.72,normal,centre,premium,0
CMD-000985,2025-03-01 16:56:34.165694,16,5,1,10.37,231.47,15.42,0,28.2,0.43,normal,proche_banlieue,standard,0
CMD-000986,2025-03-01 18:23:56.639439,17,5,1,8.39,58.04,12.87,1,26.8,0.2,normal,rurale,premium,0
CMD-000987,2025-03-01 19:51:19.113185,16,5,1,6.8,85.13,21.98,1,45.9,0.71,normal,proche_banlieue,premium,1
CMD-000988,2025-03-01 21:18:41.586931,12,5,1,24.53,222.54,6.3,1,19.6,0.65,neige,banlieue,standard,0
CMD-000989,2025-03-01 22:46:04.060676,10,5,1,11.6,120.85,19.98,1,27.4,0.82,normal,centre,standard,1
CMD-000990,2025-03-02 00:13:26.534422,19,6,1,4.35,86.29,17.3,0,19.1,0.75,normal,centre,standard,0
CMD-000991,2025-03-02 01:40:49.008168,12,6,1,3.41,18.95,7.18,1,12.1,0.4,pluie,proche_banlieue,standard,1
CMD-000992,2025-03-02 03:08:11.481913,15,6,1,8.68,110.55,10.66,1,36.8,0.79,normal,banlieue,standard,1
CMD-000993,2025-03-02 04:35:33.955659,10,6,1,14.95,130.14,1.91,0,21.9,0.59,pluie,banlieue,premium,0
CMD-000994,2025-03-02 06:02:56.429404,13,6,1,1.13,107.52,15.02,1,31.9,0.66,normal,centre,standard,1
CMD-000995,2025-03-02 07:30:18.903150,15,6,1,8.23,76.59,22.22,1,22.5,0.49,normal,rurale,standard,1
CMD-000996,2025-03-02 08:57:41.376896,17,6,1,5.07,98.59,3.12,1,37.5,0.83,normal,proche_banlieue,standard,1
CMD-000997,2025-03-02 10:25:03.850641,15,6,1,7.68,164.19,3.47,1,15.0,0.36,normal,proche_banlieue,standard,1
CMD-000998,2025-03-02 11:52:26.324387,12,6,1,1.7,223.91,11.97,1,36.6,0.36,normal,rurale,standard,1
CMD-000999,2025-03-02 13:19:48.798133,22,6,1,14.95,165.92,7.17,1,33.9,0.39,normal,proche_banlieue,standard,0
CMD-001000,2025-03-02 14:47:11.271878,15,6,1,17.76,165.08,7.07,1,7.1,0.83,pluie,banlieue,standard,0
CMD-001001,2025-03-02 16:14:33.745624,19,6,1,10.86,206.05,16.04,1,19.8,0.78,normal,proche_banlieue,standard,1
CMD-001002,2025-03-02 17:41:56.219369,18,6,1,20.2,49.63,10.37,1,35.2,0.42,normal,centre,standard,0
CMD-001003,2025-03-02 19:09:18.693115,15,6,1,4.87,82.26,21.15,1,41.4,0.32,normal,centre,standard,1
CMD-001004,2025-03-02 20:36:41.166861,21,6,1,8.08,22.14,10.84,1,32.2,0.22,normal,rurale,standard,1
CMD-001005,2025-03-02 22:04:03.640606,9,6,1,10.97,93.91,15.46,1,21.0,0.75,normal,rurale,premium,1
CMD-001006,2025-03-02 23:31:26.114352,21,6,1,8.77,249.72,10.07,1,15.3,0.63,normal,rurale,standard,1
CMD-001007,2025-03-03 00:58:48.588098,20,0,0,5.39,89.03,6.55,0,30.7,0.76,normal,banlieue,standard,0
CMD-001008,2025-03-03 02:26:11.061843,15,0,0,5.87,216.35,11.89,1,20.7,0.77,orage,banlieue,standard,1
CMD-001009,2025-03-03 03:53:33.535589,18,0,0,16.68,30.59,18.07,1,21.2,0.88,normal,centre,standard,0
CMD-001010,2025-03-03 05:20:56.009334,15,0,0,6.54,120.33,23.83,1,22.8,0.53,pluie,banlieue,standard,1
CMD-001011,2025-03-03 06:48:18.483080,11,0,0,14.37,94.35,1.25,1,33.8,0.86,pluie,proche_banlieue,standard,1
CMD-001012,2025-03-03 08:15:40.956826,19,0,0,6.27,58.38,13.39,1,43.1,0.55,normal,proche_banlieue,standard,1
CMD-001013,2025-03-03 09:43:03.430571,10,0,0,14.31,99.4,15.97,1,35.3,0.77,normal,banlieue,standard,0
CMD-001014,2025-03-03 11:10:25.904317,12,0,0,7.09,166.31,2.33,1,25.1,0.64,normal,centre,standard,1
CMD-001015,2025-03-03 12:37:48.378063,15,0,0,10.33,127.67,20.76,1,16.0,0.94,normal,proche_banlieue,premium,1
CMD-001016,2025-03-03 14:05:10.851808,20,0,0,3.79,212.64,7.04,0,31.7,0.5,normal,banlieue,premium,1
CMD-001017,2025-03-03 15:32:33.325554,13,0,0,8.07,227.19,21.9,1,41.7,0.75,normal,banlieue,standard,1
CMD-001018,2025-03-03 16:59:55.799299,14,0,0,3.84,125.65,13.9,1,35.0,0.68,normal,proche_banlieue,standard,1
CMD-001019,2025-03-03 18:27:18.273045,7,0,0,4.77,245.61,3.97,1,27.1,1.0,normal,proche_banlieue,standard,0
CMD-001020,2025-03-03 19:54:40.746791,8,0,0,5.09,27.28,18.53,1,20.1,0.26,normal,proche_banlieue,standard,1
CMD-001021,2025-03-03 21:22:03.220536,7,0,0,5.79,76.32,4.1,1,28.5,0.68,normal,centre,premium,1
CMD-001022,2025-03-03 22:49:25.694282,8,0,0,13.19,110.01,18.07,1,36.5,0.39,normal,centre,premium,0
CMD-001023,2025-03-04 00:16:48.168028,20,1,0,4.62,149.85,20.24,0,27.3,0.91,pluie,banlieue,premium,0
CMD-001024,2025-03-04 01:44:10.641773,20,1,0,7.46,141.02,14.47,1,24.0,0.84,normal,centre,standard,1
CMD-001025,2025-03-04 03:11:33.115519,20,1,0,14.34,146.31,6.92,1,18.1,0.73,normal,proche_banlieue,standard,0
CMD-001026,2025-03-04 04:38:55.589264,7,1,0,10.18,225.1,11.05,1,50.9,0.58,pluie,proche_banlieue,premium,1
CMD-001027,2025-03-04 06:06:18.063010,8,1,0,1.16,76.62,13.29,1,16.1,0.75,normal,rurale,standard,1
CMD-001028,2025-03-04 07:33:40.536756,11,1,0,1.66,206.04,16.71,1,15.2,0.64,normal,banlieue,standard,1
CMD-001029,2025-03-04 09:01:03.010501,16,1,0,8.89,143.92,15.92,1,26.6,0.43,normal,banlieue,premium,1
CMD-001030,2025-03-04 10:28:25.484247,12,1,0,4.42,127.72,10.13,1,23.0,0.86,normal,banlieue,standard,1
CMD-001031,2025-03-04 11:55:47.957992,14,1,0,1.42,81.86,19.0,1,35.2,0.61,normal,centre,standard,1
CMD-001032,2025-03-04 13:23:10.431738,9,1,0,4.16,82.98,19.33,1,35.6,0.41,normal,proche_banlieue,standard,1
CMD-001033,2025-03-04 14:50:32.905484,18,1,0,9.13,103.24,17.47,0,12.9,0.73,normal,centre,standard,0
CMD-001034,2025-03-04 16:17:55.379229,12,1,0,5.05,193.24,6.95,0,17.4,0.21,normal,proche_banlieue,standard,0
CMD-001035,2025-03-04 17:45:17.852975,8,1,0,6.93,124.42,11.84,1,16.2,0.78,orage,centre,standard,1
CMD-001036,2025-03-04 19:12:40.326721,18,1,0,5.42,46.92,10.93,1,32.8,0.58,neige,rurale,standard,1
CMD-001037,2025-03-04 20:40:02.800466,21,1,0,3.68,192.37,20.46,1,29.3,0.71,normal,centre,standard,0
CMD-001038,2025-03-04 22:07:25.274212,7,1,0,7.95,169.21,20.24,1,21.3,0.33,pluie,centre,standard,0
CMD-001039,2025-03-04 23:34:47.747957,13,1,0,1.26,237.82,21.68,1,27.2,0.77,normal,proche_banlieue,standard,0
CMD-001040,2025-03-05 01:02:10.221703,20,2,0,3.28,137.06,5.93,1,13.7,0.78,pluie,proche_banlieue,standard,1
CMD-001041,2025-03-05 02:29:32.695449,18,2,0,11.57,167.06,18.76,1,17.6,0.79,pluie,centre,standard,1
CMD-001042,2025-03-05 03:56:55.169194,20,2,0,1.71,125.04,21.79,1,12.0,0.57,normal,rurale,premium,1
CMD-001043,2025-03-05 05:24:17.642940,13,2,0,6.66,173.39,4.33,1,26.5,0.71,normal,centre,standard,1
CMD-001044,2025-03-05 06:51:40.116686,12,2,0,4.73,114.67,1.19,1,26.4,0.64,normal,banlieue,standard,1
CMD-001045,2025-03-05 08:19:02.590431,18,2,0,4.36,43.09,2.82,1,15.2,0.39,normal,banlieue,standard,1
CMD-001046,2025-03-05 09:46:25.064177,9,2,0,12.35,246.8,15.23,0,29.2,0.22,normal,centre,standard,1
CMD-001047,2025-03-05 11:13:47.537922,10,2,0,14.06,182.89,10.66,1,35.6,0.53,neige,centre,standard,1
CMD-001048,2025-03-05 12:41:10.011668,16,2,0,2.6,156.07,5.04,1,14.7,0.85,normal,proche_banlieue,premium,1
CMD-001049,2025-03-05 14:08:32.485414,17,2,0,5.83,125.54,13.3,1,21.7,0.46,normal,rurale,premium,1
CMD-001050,2025-03-05 15:35:54.959159,8,2,0,0.9,180.74,19.68,1,30.1,0.8,normal,banlieue,premium,1
CMD-001051,2025-03-05 17:03:17.432905,15,2,0,11.87,40.43,21.42,1,24.9,0.71,pluie,proche_banlieue,standard,1
CMD-001052,2025-03-05 18:30:39.906651,12,2,0,6.4,88.27,18.84,1,11.3,0.48,normal,centre,standard,1
CMD-001053,2025-03-05 19:58:02.380396,15,2,0,1.59,39.93,22.16,0,20.6,0.2,normal,banlieue,premium,1
CMD-001054,2025-03-05 21:25:24.854142,22,2,0,3.42,40.25,15.18,1,20.3,0.54,pluie,proche_banlieue,premium,1
CMD-001055,2025-03-05 22:52:47.327887,8,2,0,2.38,15.12,20.96,1,23.3,0.51,normal,proche_banlieue,standard,1
CMD-001056,2025-03-06 00:20:09.801633,22,3,0,3.25,191.41,10.55,1,23.7,0.31,normal,banlieue,standard,1
CMD-001057,2025-03-06 01:47:32.275379,14,3,0,1.01,64.55,21.34,1,40.7,0.85,normal,rurale,standard,1
CMD-001058,2025-03-06 03:14:54.749124,19,3,0,16.56,209.68,22.42,1,22.9,0.96,pluie,rurale,standard,1
CMD-001059,2025-03-06 04:42:17.222870,13,3,0,2.69,227.06,17.22,0,7.8,0.3,neige,banlieue,standard,1
CMD-001060,2025-03-06 06:09:39.696616,11,3,0,6.65,50.46,10.89,1,25.9,0.38,pluie,rurale,standard,1
CMD-001061,2025-03-06 07:37:02.170361,19,3,0,9.07,180.13,7.19,1,42.5,0.71,pluie,proche_banlieue,standard,1
CMD-001062,2025-03-06 09:04:24.644107,18,3,0,14.07,120.47,8.26,0,23.3,0.96,normal,centre,premium,0
CMD-001063,2025-03-06 10:31:47.117852,9,3,0,6.83,230.55,3.48,1,20.6,0.95,pluie,proche_banlieue,standard,1
CMD-001064,2025-03-06 11:59:09.591598,18,3,0,5.35,126.26,1.37,0,21.9,0.95,pluie,banlieue,premium,1
CMD-001065,2025-03-06 13:26:32.065344,19,3,0,7.05,100.93,10.48,1,30.8,0.55,pluie,banlieue,premium,1
CMD-001066,2025-03-06 14:53:54.539089,13,3,0,2.59,80.7,1.26,1,21.9,0.99,pluie,rurale,premium,1
CMD-001067,2025-03-06 16:21:17.012835,21,3,0,2.79,226.87,22.04,1,9.8,0.49,normal,proche_banlieue,standard,1
CMD-001068,2025-03-06 17:48:39.486581,17,3,0,5.26,64.28,16.32,1,18.3,0.27,normal,proche_banlieue,standard,1
CMD-001069,2025-03-06 19:16:01.960326,12,3,0,0.62,208.65,21.12,0,24.4,0.76,pluie,centre,standard,1
CMD-001070,2025-03-06 20:43:24.434072,7,3,0,3.75,56.6,11.22,1,30.4,0.64,normal,banlieue,standard,1
CMD-001071,2025-03-06 22:10:46.907817,17,3,0,4.49,164.42,5.75,1,19.2,0.84,normal,banlieue,standard,1
CMD-001072,2025-03-06 23:38:09.381563,10,3,0,22.24,118.26,7.4,1,22.0,0.7,orage,banlieue,standard,0
CMD-001073,2025-03-07 01:05:31.855309,19,4,0,15.33,35.11,21.4,1,25.4,0.86,orage,centre,standard,0
CMD-001074,2025-03-07 02:32:54.329054,15,4,0,9.05,40.22,3.22,1,17.2,0.48,normal,proche_banlieue,standard,1
CMD-001075,2025-03-07 04:00:16.802800,14,4,0,12.07,77.56,17.52,1,24.1,0.43,normal,centre,standard,1
CMD-001076,2025-03-07 05:27:39.276546,9,4,0,2.77,194.0,5.8,1,29.7,0.81,normal,proche_banlieue,standard,1
CMD-001077,2025-03-07 06:55:01.750291,18,4,0,7.19,184.95,8.96,1,13.1,0.6,normal,centre,premium,1
CMD-001078,2025-03-07 08:22:24.224037,9,4,0,11.05,59.23,0.28,1,28.1,0.34,normal,rurale,standard,1
CMD-001079,2025-03-07 09:49:46.697782,13,4,0,2.79,124.29,12.08,1,14.1,0.5,normal,banlieue,premium,1
CMD-001080,2025-03-07 11:17:09.171528,20,4,0,1.66,33.28,3.38,1,14.3,0.84,pluie,banlieue,standard,1
CMD-001081,2025-03-07 12:44:31.645274,21,4,0,8.37,181.83,21.52,1,18.4,0.94,normal,centre,standard,1
CMD-001082,2025-03-07 14:11:54.119019,22,4,0,1.86,200.39,2.62,1,38.7,0.81,normal,proche_banlieue,standard,1
CMD-001083,2025-03-07 15:39:16.592765,22,4,0,9.66,224.44,6.41,1,7.8,0.77,normal,centre,standard,1
CMD-001084,2025-03-07 17:06:39.066511,15,4,0,13.91,222.58,0.57,0,20.4,0.85,normal,centre,standard,1
CMD-001085,2025-03-07 18:34:01.540256,10,4,0,2.87,91.09,24.82,1,24.7,0.36,neige,proche_banlieue,premium,0
CMD-001086,2025-03-07 20:01:24.014002,20,4,0,3.08,71.09,16.11,1,36.7,0.66,normal,proche_banlieue,standard,1
CMD-001087,2025-03-07 21:28:46.487747,19,4,0,13.63,225.18,16.16,1,44.5,0.68,normal,rurale,standard,1
CMD-001088,2025-03-07 22:56:08.961493,22,4,0,6.86,45.04,13.07,1,20.8,0.96,normal,rurale,standard,1
CMD-001089,2025-03-08 00:23:31.435239,17,5,1,12.4,24.24,21.73,1,30.4,0.21,normal,rurale,standard,1
CMD-001090,2025-03-08 01:50:53.908984,9,5,1,5.41,85.42,3.78,1,24.1,0.98,normal,centre,standard,1
CMD-001091,2025-03-08 03:18:16.382730,15,5,1,5.74,192.47,19.86,1,24.0,0.78,neige,proche_banlieue,standard,1
CMD-001092,2025-03-08 04:45:38.856476,14,5,1,6.72,176.61,20.22,1,27.7,0.22,neige,centre,standard,1
CMD-001093,2025-03-08 06:13:01.330221,20,5,1,19.3,246.89,1.1,1,9.1,0.62,neige,banlieue,standard,1
CMD-001094,2025-03-08 07:40:23.803967,13,5,1,11.73,96.29,3.49,1,24.5,0.26,pluie,proche_banlieue,standard,1
CMD-001095,2025-03-08 09:07:46.277712,12,5,1,3.64,76.2,13.77,1,29.5,0.68,normal,proche_banlieue,standard,1
CMD-001096,2025-03-08 10:35:08.751458,8,5,1,7.59,100.77,2.44,1,16.4,0.56,orage,centre,premium,1
CMD-001097,2025-03-08 12:02:31.225204,20,5,1,5.11,197.74,7.2,1,29.6,0.82,pluie,centre,premium,1
CMD-001098,2025-03-08 13:29:53.698949,19,5,1,4.36,61.43,10.21,0,7.7,0.66,normal,proche_banlieue,standard,1
CMD-001099,2025-03-08 14:57:16.172695,7,5,1,9.46,237.46,4.1,1,25.9,0.83,pluie,centre,standard,1
CMD-001100,2025-03-08 16:24:38.646441,13,5,1,8.12,133.01,17.66,1,38.4,0.5,normal,centre,standard,1
CMD-001101,2025-03-08 17:52:01.120186,14,5,1,2.91,197.95,12.48,1,22.8,0.89,pluie,rurale,standard,1
CMD-001102,2025-03-08 19:19:23.593932,14,5,1,6.73,208.54,16.07,0,15.2,0.89,pluie,centre,premium,1
CMD-001103,2025-03-08 20:46:46.067677,21,5,1,4.25,124.92,11.96,1,10.7,0.72,neige,centre,premium,1
CMD-001104,2025-03-08 22:14:08.541423,9,5,1,9.04,187.93,10.43,1,28.9,0.41,pluie,rurale,standard,1
CMD-001105,2025-03-08 23:41:31.015169,11,5,1,4.09,97.53,12.41,1,34.3,0.99,neige,rurale,premium,1
CMD-001106,2025-03-09 01:08:53.488914,9,6,1,5.77,204.62,22.51,1,24.4,0.85,normal,proche_banlieue,standard,1
CMD-001107,2025-03-09 02:36:15.962660,10,6,1,4.46,207.74,10.02,1,20.4,0.88,normal,banlieue,standard,1
CMD-001108,2025-03-09 04:03:38.436406,21,6,1,1.21,145.89,16.13,1,5.7,0.21,pluie,centre,standard,1
CMD-001109,2025-03-09 05:31:00.910151,22,6,1,18.66,62.36,20.88,1,26.2,0.86,normal,banlieue,standard,1
CMD-001110,2025-03-09 06:58:23.383897,7,6,1,6.68,242.85,15.6,1,18.1,0.37,normal,rurale,standard,1
CMD-001111,2025-03-09 08:25:45.857642,17,6,1,19.09,237.28,5.81,1,18.7,0.61,normal,proche_banlieue,standard,1
CMD-001112,2025-03-09 09:53:08.331388,10,6,1,6.91,158.76,3.22,1,41.2,0.76,normal,centre,premium,1
CMD-001113,2025-03-09 11:20:30.805134,10,6,1,10.7,246.13,14.85,1,7.0,0.53,normal,proche_banlieue,standard,1
CMD-001114,2025-03-09 12:47:53.278879,11,6,1,3.85,130.67,18.24,1,8.3,0.39,pluie,banlieue,standard,1
CMD-001115,2025-03-09 14:15:15.752625,10,6,1,3.94,100.12,19.26,1,27.3,0.6,neige,rurale,standard,1
CMD-001116,2025-03-09 15:42:38.226371,14,6,1,6.4,120.52,17.41,1,21.1,0.44,normal,proche_banlieue,standard,1
CMD-001117,2025-03-09 17:10:00.700116,22,6,1,18.98,21.02,0.29,1,19.8,0.69,pluie,centre,standard,1
CMD-001118,2025-03-09 18:37:23.173862,16,6,1,3.0,141.79,19.39,1,27.7,0.29,normal,banlieue,standard,1
CMD-001119,2025-03-09 20:04:45.647607,18,6,1,0.9,169.9,15.19,1,27.6,0.53,normal,centre,standard,1
CMD-001120,2025-03-09 21:32:08.121353,14,6,1,13.41,36.28,24.71,1,15.3,0.67,pluie,centre,standard,0
CMD-001121,2025-03-09 22:59:30.595099,7,6,1,11.17,71.34,19.16,1,19.1,0.99,neige,centre,standard,1
CMD-001122,2025-03-10 00:26:53.068844,8,0,0,4.68,183.08,10.87,1,25.5,0.6,normal,proche_banlieue,standard,1
CMD-001123,2025-03-10 01:54:15.542590,11,0,0,23.96,200.46,16.97,1,26.7,0.54,pluie,proche_banlieue,standard,0
CMD-001124,2025-03-10 03:21:38.016336,10,0,0,24.65,246.61,15.48,1,29.8,0.99,neige,banlieue,premium,0
CMD-001125,2025-03-10 04:49:00.490081,20,0,0,1.11,70.77,8.57,1,19.2,0.94,normal,centre,premium,1
CMD-001126,2025-03-10 06:16:22.963827,20,0,0,3.77,211.95,13.43,1,28.5,0.74,normal,proche_banlieue,standard,1
CMD-001127,2025-03-10 07:43:45.437572,20,0,0,6.36,51.3,5.27,1,34.5,0.64,pluie,banlieue,standard,1
CMD-001128,2025-03-10 09:11:07.911318,17,0,0,8.86,41.41,2.38,1,25.5,0.42,normal,proche_banlieue,premium,1
CMD-001129,2025-03-10 10:38:30.385064,15,0,0,7.92,185.01,18.38,1,24.0,0.7,normal,banlieue,standard,1
CMD-001130,2025-03-10 12:05:52.858809,17,0,0,6.66,117.01,9.73,1,22.6,0.87,normal,rurale,premium,1
CMD-001131,2025-03-10 13:33:15.332555,13,0,0,2.6,200.54,18.94,1,18.8,0.99,normal,centre,standard,1
CMD-001132,2025-03-10 15:00:37.806301,17,0,0,9.67,77.82,12.31,1,15.6,0.34,normal,rurale,standard,1
CMD-001133,2025-03-10 16:28:00.280046,19,0,0,10.07,61.17,20.28,1,22.0,0.42,normal,rurale,standard,0
CMD-001134,2025-03-10 17:55:22.753792,19,0,0,12.77,141.71,18.54,0,29.5,0.91,normal,proche_banlieue,standard,1
CMD-001135,2025-03-10 19:22:45.227537,16,0,0,2.26,37.67,19.15,1,16.1,0.89,neige,banlieue,standard,1
CMD-001136,2025-03-10 20:50:07.701283,7,0,0,5.6,76.9,10.85,1,24.2,0.77,normal,proche_banlieue,standard,1
CMD-001137,2025-03-10 22:17:30.175029,18,0,0,4.49,49.9,24.04,1,23.1,0.28,normal,banlieue,standard,1
CMD-001138,2025-03-10 23:44:52.648774,12,0,0,2.22,86.81,10.25,1,42.8,0.77,pluie,banlieue,standard,1
CMD-001139,2025-03-11 01:12:15.122520,18,1,0,5.53,193.72,19.87,1,32.2,0.58,normal,rurale,premium,1
CMD-001140,2025-03-11 02:39:37.596266,15,1,0,2.72,38.98,12.34,1,32.1,0.5,normal,centre,standard,1
CMD-001141,2025-03-11 04:07:00.070011,21,1,0,1.87,156.85,6.03,1,34.2,0.4,normal,banlieue,standard,1
CMD-001142,2025-03-11 05:34:22.543757,12,1,0,11.27,150.34,15.8,0,19.5,0.45,normal,centre,standard,1
CMD-001143,2025-03-11 07:01:45.017502,21,1,0,4.65,139.15,11.83,1,38.8,0.63,normal,rurale,standard,1
CMD-001144,2025-03-11 08:29:07.491248,20,1,0,3.62,126.22,6.75,0,26.6,0.33,pluie,centre,standard,0
CMD-001145,2025-03-11 09:56:29.964994,12,1,0,14.95,169.33,9.69,1,24.6,0.61,neige,proche_banlieue,premium,1
CMD-001146,2025-03-11 11:23:52.438739,14,1,0,10.28,214.43,4.17,0,12.9,0.24,normal,banlieue,standard,1
CMD-001147,2025-03-11 12:51:14.912485,15,1,0,0.78,48.89,24.68,1,21.0,0.53,normal,proche_banlieue,premium,1
CMD-001148,2025-03-11 14:18:37.386231,19,1,0,8.9,205.39,16.15,1,7.3,0.97,pluie,banlieue,standard,1
CMD-001149,2025-03-11 15:45:59.859976,18,1,0,8.87,24.75,4.5,1,22.5,0.79,pluie,proche_banlieue,standard,1
CMD-001150,2025-03-11 17:13:22.333722,20,1,0,5.34,125.71,19.16,1,19.2,0.25,normal,proche_banlieue,premium,1
CMD-001151,2025-03-11 18:40:44.807467,12,1,0,5.18,132.75,15.13,1,21.0,0.75,pluie,banlieue,premium,1
CMD-001152,2025-03-11 20:08:07.281213,15,1,0,1.37,57.42,18.12,1,11.1,0.36,orage,rurale,standard,1
CMD-001153,2025-03-11 21:35:29.754959,13,1,0,23.78,31.52,14.7,1,32.0,0.58,normal,proche_banlieue,premium,1
CMD-001154,2025-03-11 23:02:52.228704,21,1,0,5.51,27.98,1.7,1,30.9,0.44,normal,banlieue,standard,1
CMD-001155,2025-03-12 00:30:14.702450,11,2,0,8.56,18.94,5.24,1,41.9,0.95,pluie,proche_banlieue,standard,1
CMD-001156,2025-03-12 01:57:37.176196,16,2,0,5.75,147.66,19.26,0,41.6,0.24,normal,rurale,standard,0
CMD-001157,2025-03-12 03:24:59.649941,8,2,0,3.67,47.31,18.91,1,26.6,0.9,normal,banlieue,standard,1
CMD-001158,2025-03-12 04:52:22.123687,20,2,0,11.88,204.09,18.9,1,35.2,0.76,pluie,proche_banlieue,premium,0
CMD-001159,2025-03-12 06:19:44.597432,13,2,0,7.42,225.75,0.58,1,27.6,0.49,pluie,proche_banlieue,standard,1
CMD-001160,2025-03-12 07:47:07.071178,12,2,0,5.55,80.18,20.17,0,20.7,0.9,normal,centre,standard,0
CMD-001161,2025-03-12 09:14:29.544924,16,2,0,8.49,49.47,11.09,1,22.2,0.53,normal,rurale,standard,1
CMD-001162,2025-03-12 10:41:52.018669,14,2,0,6.18,108.31,17.4,1,31.4,0.76,normal,centre,standard,1
CMD-001163,2025-03-12 12:09:14.492415,20,2,0,19.96,221.58,6.95,0,65.9,0.83,pluie,centre,standard,0
CMD-001164,2025-03-12 13:36:36.966161,15,2,0,11.6,105.96,19.28,1,36.7,0.43,neige,proche_banlieue,premium,1
CMD-001165,2025-03-12 15:03:59.439906,15,2,0,9.51,36.0,24.56,1,27.5,0.26,pluie,banlieue,premium,1
CMD-001166,2025-03-12 16:31:21.913652,8,2,0,1.56,246.32,6.49,1,29.8,0.89,normal,banlieue,standard,1
CMD-001167,2025-03-12 17:58:44.387397,7,2,0,9.75,129.92,19.65,1,29.7,0.39,pluie,centre,standard,0
CMD-001168,2025-03-12 19:26:06.861143,13,2,0,9.58,92.17,15.2,0,24.1,0.95,pluie,centre,standard,1
CMD-001169,2025-03-12 20:53:29.334889,22,2,0,2.77,224.47,6.97,0,32.6,0.45,normal,centre,standard,1
CMD-001170,2025-03-12 22:20:51.808634,21,2,0,1.52,232.58,7.5,1,23.4,0.53,normal,banlieue,standard,1
CMD-001171,2025-03-12 23:48:14.282380,17,2,0,11.27,129.23,18.34,1,14.9,0.54,normal,rurale,standard,1
CMD-001172,2025-03-13 01:15:36.756126,17,3,0,12.26,83.61,7.25,1,29.8,0.57,normal,rurale,standard,1
CMD-001173,2025-03-13 02:42:59.229871,13,3,0,3.95,125.83,1.39,1,31.2,0.97,normal,proche_banlieue,standard,1
CMD-001174,2025-03-13 04:10:21.703617,9,3,0,3.8,62.63,21.87,1,23.5,0.4,normal,proche_banlieue,premium,1
CMD-001175,2025-03-13 05:37:44.177362,7,3,0,7.32,124.78,14.81,0,28.1,0.69,normal,proche_banlieue,standard,0
CMD-001176,2025-03-13 07:05:06.651108,12,3,0,4.64,65.06,19.01,1,34.6,0.44,normal,banlieue,standard,0
CMD-001177,2025-03-13 08:32:29.124854,12,3,0,1.48,159.33,15.16,1,24.5,0.3,normal,banlieue,standard,1
CMD-001178,2025-03-13 09:59:51.598599,10,3,0,2.74,192.37,13.01,1,20.5,0.43,pluie,centre,premium,1
CMD-001179,2025-03-13 11:27:14.072345,11,3,0,8.33,242.66,19.3,1,17.9,0.64,normal,centre,standard,1
CMD-001180,2025-03-13 12:54:36.546091,7,3,0,2.88,212.22,1.0,1,22.5,0.69,pluie,proche_banlieue,standard,1
CMD-001181,2025-03-13 14:21:59.019836,16,3,0,12.69,30.67,7.93,1,40.3,0.41,normal,proche_banlieue,standard,1
CMD-001182,2025-03-13 15:49:21.493582,21,3,0,9.47,60.77,15.76,1,23.0,0.99,pluie,rurale,standard,1
CMD-001183,2025-03-13 17:16:43.967327,18,3,0,8.57,137.61,23.61,1,28.6,0.49,pluie,centre,standard,1
CMD-001184,2025-03-13 18:44:06.441073,14,3,0,7.21,71.82,9.96,0,21.8,0.87,pluie,banlieue,premium,0
CMD-001185,2025-03-13 20:11:28.914819,13,3,0,3.53,13.45,24.39,1,20.9,0.23,pluie,rurale,standard,1
CMD-001186,2025-03-13 21:38:51.388564,11,3,0,10.41,191.15,18.93,1,16.2,0.76,normal,proche_banlieue,standard,0
CMD-001187,2025-03-13 23:06:13.862310,9,3,0,3.44,95.87,12.23,1,26.0,0.44,normal,centre,premium,1
CMD-001188,2025-03-14 00:33:36.336056,16,4,0,13.18,25.86,10.84,1,19.8,0.63,pluie,centre,standard,1
CMD-001189,2025-03-14 02:00:58.809801,16,4,0,17.92,132.12,3.41,1,37.7,0.87,normal,banlieue,standard,1
CMD-001190,2025-03-14 03:28:21.283547,7,4,0,7.39,244.53,15.46,1,23.9,0.78,normal,centre,standard,1
CMD-001191,2025-03-14 04:55:43.757292,13,4,0,16.36,172.85,1.5,1,24.6,0.49,normal,rurale,premium,0
CMD-001192,2025-03-14 06:23:06.231038,11,4,0,2.77,48.1,10.84,0,23.2,0.79,normal,banlieue,standard,1
CMD-001193,2025-03-14 07:50:28.704784,9,4,0,9.54,133.43,6.1,0,28.7,0.53,neige,banlieue,premium,1
CMD-001194,2025-03-14 09:17:51.178529,18,4,0,6.53,226.41,23.92,1,39.9,0.25,pluie,banlieue,standard,1
CMD-001195,2025-03-14 10:45:13.652275,15,4,0,11.4,23.02,9.21,1,14.6,0.73,normal,centre,standard,1
CMD-001196,2025-03-14 12:12:36.126021,17,4,0,0.84,163.09,12.33,1,27.8,0.95,normal,banlieue,standard,1
CMD-001197,2025-03-14 13:39:58.599766,18,4,0,10.94,183.11,9.51,1,9.3,0.27,pluie,proche_banlieue,standard,1
CMD-001198,2025-03-14 15:07:21.073512,22,4,0,3.82,178.96,3.6,1,37.2,0.75,pluie,centre,premium,1
CMD-001199,2025-03-14 16:34:43.547257,19,4,0,6.78,46.04,8.94,0,23.9,0.87,normal,centre,premium,1
CMD-001200,2025-03-14 18:02:06.021003,16,4,0,23.52,227.75,19.52,1,10.1,0.68,normal,proche_banlieue,standard,0
CMD-001201,2025-03-14 19:29:28.494749,21,4,0,9.77,87.35,15.61,1,12.2,0.59,neige,proche_banlieue,standard,1
CMD-001202,2025-03-14 20:56:50.968494,14,4,0,8.88,22.42,11.05,1,33.1,0.39,normal,centre,standard,0
CMD-001203,2025-03-14 22:24:13.442240,22,4,0,8.36,29.97,20.55,1,8.4,0.36,normal,proche_banlieue,standard,1
CMD-001204,2025-03-14 23:51:35.915985,19,4,0,14.13,119.82,0.3,1,27.8,0.52,normal,rurale,standard,1
CMD-001205,2025-03-15 01:18:58.389731,17,5,1,11.68,19.6,20.7,1,20.7,0.71,pluie,proche_banlieue,standard,0
CMD-001206,2025-03-15 02:46:20.863477,21,5,1,8.43,197.09,1.68,0,23.1,0.45,normal,centre,standard,0
CMD-001207,2025-03-15 04:13:43.337222,15,5,1,7.69,217.8,21.78,1,18.3,0.59,normal,proche_banlieue,standard,1
CMD-001208,2025-03-15 05:41:05.810968,18,5,1,7.31,13.21,23.7,1,15.5,0.68,normal,proche_banlieue,standard,1
CMD-001209,2025-03-15 07:08:28.284714,11,5,1,6.26,204.4,20.52,1,20.1,0.37,neige,rurale,standard,0
CMD-001210,2025-03-15 08:35:50.758459,22,5,1,2.23,245.49,0.69,1,30.7,0.79,normal,proche_banlieue,standard,1
CMD-001211,2025-03-15 10:03:13.232205,16,5,1,9.62,17.29,13.25,1,22.1,0.7,normal,centre,standard,1
CMD-001212,2025-03-15 11:30:35.705950,19,5,1,4.15,183.99,20.75,1,29.2,0.67,normal,centre,standard,1
CMD-001213,2025-03-15 12:57:58.179696,14,5,1,5.69,249.78,13.72,1,22.6,0.58,normal,centre,standard,1
CMD-001214,2025-03-15 14:25:20.653442,20,5,1,12.23,201.31,9.13,1,31.1,0.49,neige,banlieue,standard,1
CMD-001215,2025-03-15 15:52:43.127187,8,5,1,6.37,131.29,11.87,0,29.1,0.64,normal,centre,standard,1
CMD-001216,2025-03-15 17:20:05.600933,8,5,1,6.0,222.36,2.2,1,19.6,0.81,normal,banlieue,standard,1
CMD-001217,2025-03-15 18:47:28.074679,15,5,1,7.4,179.9,12.51,1,15.5,0.76,normal,proche_banlieue,standard,1
CMD-001218,2025-03-15 20:14:50.548424,18,5,1,5.13,80.19,0.89,1,34.6,0.79,normal,banlieue,premium,1
CMD-001219,2025-03-15 21:42:13.022170,19,5,1,23.18,63.84,16.17,1,16.9,0.37,normal,centre,standard,0
CMD-001220,2025-03-15 23:09:35.495915,14,5,1,21.11,133.01,9.88,1,30.0,0.82,neige,centre,premium,1
CMD-001221,2025-03-16 00:36:57.969661,17,6,1,20.75,99.52,4.95,1,25.3,0.47,normal,proche_banlieue,premium,1
CMD-001222,2025-03-16 02:04:20.443407,15,6,1,8.38,89.07,0.63,1,20.4,0.39,normal,proche_banlieue,premium,1
CMD-001223,2025-03-16 03:31:42.917152,22,6,1,3.94,52.7,23.07,1,29.3,0.3,normal,proche_banlieue,premium,1
CMD-001224,2025-03-16 04:59:05.390898,17,6,1,12.46,212.87,14.0,1,38.7,0.86,neige,banlieue,premium,1
CMD-001225,2025-03-16 06:26:27.864644,13,6,1,5.16,179.2,16.24,1,31.3,0.7,neige,rurale,standard,1
CMD-001226,2025-03-16 07:53:50.338389,22,6,1,13.22,89.52,19.53,1,26.3,0.87,orage,proche_banlieue,standard,0
CMD-001227,2025-03-16 09:21:12.812135,8,6,1,3.78,67.04,15.74,1,41.2,0.65,normal,centre,standard,1
CMD-001228,2025-03-16 10:48:35.285880,22,6,1,8.82,40.75,10.44,1,8.3,0.89,pluie,centre,standard,1
CMD-001229,2025-03-16 12:15:57.759626,9,6,1,14.51,37.0,15.76,1,13.9,0.65,normal,rurale,standard,1
CMD-001230,2025-03-16 13:43:20.233372,11,6,1,5.39,160.11,6.46,1,20.4,0.72,normal,centre,standard,1
CMD-001231,2025-03-16 15:10:42.707117,20,6,1,5.38,36.12,14.12,1,39.2,0.25,pluie,centre,standard,1
CMD-001232,2025-03-16 16:38:05.180863,18,6,1,1.69,240.45,5.3,1,34.4,0.74,pluie,rurale,standard,1
CMD-001233,2025-03-16 18:05:27.654609,22,6,1,3.88,76.99,22.95,1,7.8,0.68,pluie,centre,standard,0
CMD-001234,2025-03-16 19:32:50.128354,18,6,1,8.26,16.19,12.84,1,20.6,0.39,normal,banlieue,standard,0
CMD-001235,2025-03-16 21:00:12.602100,17,6,1,9.19,215.28,6.0,1,11.8,0.29,normal,centre,standard,1
CMD-001236,2025-03-16 22:27:35.075845,12,6,1,10.17,98.22,16.06,1,24.6,0.48,normal,banlieue,premium,1
CMD-001237,2025-03-16 23:54:57.549591,7,6,1,1.08,92.31,2.44,1,34.0,0.25,normal,centre,premium,1
CMD-001238,2025-03-17 01:22:20.023337,8,0,0,5.18,38.47,10.96,1,34.8,0.68,normal,rurale,standard,1
CMD-001239,2025-03-17 02:49:42.497082,11,0,0,1.9,168.5,21.68,1,27.7,0.64,pluie,centre,standard,1
CMD-001240,2025-03-17 04:17:04.970828,7,0,0,7.96,96.11,19.24,0,20.7,0.93,normal,proche_banlieue,standard,1
CMD-001241,2025-03-17 05:44:27.444574,15,0,0,1.37,207.52,17.65,0,24.0,0.61,normal,banlieue,standard,1
CMD-001242,2025-03-17 07:11:49.918319,19,0,0,2.49,161.35,11.87,1,31.8,0.78,normal,proche_banlieue,standard,1
CMD-001243,2025-03-17 08:39:12.392065,22,0,0,11.54,221.18,11.28,1,48.5,0.73,normal,proche_banlieue,standard,0
CMD-001244,2025-03-17 10:06:34.865810,14,0,0,4.27,159.41,0.48,0,13.1,0.76,normal,proche_banlieue,standard,0
CMD-001245,2025-03-17 11:33:57.339556,21,0,0,16.45,197.03,15.08,1,40.9,0.45,pluie,proche_banlieue,standard,1
CMD-001246,2025-03-17 13:01:19.813302,22,0,0,10.36,177.17,14.51,0,27.4,0.53,pluie,rurale,standard,0
CMD-001247,2025-03-17 14:28:42.287047,20,0,0,5.42,121.02,0.33,1,33.2,0.3,normal,banlieue,standard,1
CMD-001248,2025-03-17 15:56:04.760793,14,0,0,12.82,175.28,3.6,1,26.9,0.72,normal,proche_banlieue,standard,0
CMD-001249,2025-03-17 17:23:27.234539,12,0,0,5.79,169.27,0.51,1,39.0,0.44,normal,proche_banlieue,standard,1
CMD-001250,2025-03-17 18:50:49.708284,22,0,0,11.09,11.61,6.48,1,28.3,0.64,normal,proche_banlieue,premium,1
CMD-001251,2025-03-17 20:18:12.182030,10,0,0,3.72,177.67,0.3,1,18.5,0.94,pluie,rurale,standard,1
CMD-001252,2025-03-17 21:45:34.655775,13,0,0,13.33,72.92,10.55,1,29.5,0.75,orage,centre,premium,1
CMD-001253,2025-03-17 23:12:57.129521,8,0,0,1.52,140.04,12.01,0,36.3,0.41,normal,proche_banlieue,standard,1
CMD-001254,2025-03-18 00:40:19.603267,19,1,0,2.48,36.72,11.04,1,25.0,0.61,pluie,centre,standard,1
CMD-001255,2025-03-18 02:07:42.077012,17,1,0,2.9,15.53,5.14,1,5.0,0.68,normal,banlieue,standard,1
CMD-001256,2025-03-18 03:35:04.550758,8,1,0,4.06,13.63,13.18,1,23.9,0.88,pluie,banlieue,premium,1
CMD-001257,2025-03-18 05:02:27.024504,10,1,0,8.48,47.97,20.39,1,26.0,0.84,normal,banlieue,standard,1
CMD-001258,2025-03-18 06:29:49.498249,15,1,0,6.64,14.77,7.42,1,24.6,0.45,normal,banlieue,premium,1
CMD-001259,2025-03-18 07:57:11.971995,15,1,0,11.18,41.78,7.95,1,20.0,0.94,pluie,banlieue,standard,1
CMD-001260,2025-03-18 09:24:34.445740,19,1,0,14.65,144.2,13.66,1,38.2,0.32,pluie,rurale,standard,0
CMD-001261,2025-03-18 10:51:56.919486,11,1,0,1.34,106.07,6.0,0,5.0,0.42,orage,proche_banlieue,standard,1
CMD-001262,2025-03-18 12:19:19.393232,21,1,0,15.85,245.38,8.58,0,25.9,0.23,normal,centre,standard,0
CMD-001263,2025-03-18 13:46:41.866977,14,1,0,5.69,204.09,11.42,1,26.1,0.45,orage,proche_banlieue,standard,1
CMD-001264,2025-03-18 15:14:04.340723,20,1,0,20.49,45.23,9.78,1,45.9,0.53,pluie,banlieue,standard,0
CMD-001265,2025-03-18 16:41:26.814469,10,1,0,3.58,110.03,20.49,1,24.9,0.39,normal,proche_banlieue,standard,1
CMD-001266,2025-03-18 18:08:49.288214,7,1,0,0.94,113.43,21.26,1,29.5,0.21,normal,proche_banlieue,standard,0
CMD-001267,2025-03-18 19:36:11.761960,7,1,0,10.44,96.91,10.19,1,26.3,0.21,neige,banlieue,standard,1
CMD-001268,2025-03-18 21:03:34.235705,12,1,0,9.98,128.94,11.31,1,25.9,0.94,normal,centre,standard,1
CMD-001269,2025-03-18 22:30:56.709451,22,1,0,2.55,170.77,23.93,0,42.6,0.79,normal,banlieue,standard,0
CMD-001270,2025-03-18 23:58:19.183197,7,1,0,2.79,163.81,12.68,1,13.9,0.76,normal,banlieue,standard,1
CMD-001271,2025-03-19 01:25:41.656942,12,2,0,11.76,95.7,24.83,1,18.3,0.83,normal,rurale,standard,1
CMD-001272,2025-03-19 02:53:04.130688,8,2,0,8.78,179.21,19.12,1,32.5,0.76,normal,banlieue,standard,1
CMD-001273,2025-03-19 04:20:26.604434,21,2,0,5.25,79.48,6.75,1,27.6,0.25,normal,centre,premium,1
CMD-001274,2025-03-19 05:47:49.078179,17,2,0,9.42,210.51,5.88,1,22.2,0.94,pluie,proche_banlieue,standard,1
CMD-001275,2025-03-19 07:15:11.551925,19,2,0,8.16,241.45,4.14,1,24.3,0.54,normal,proche_banlieue,standard,1
CMD-001276,2025-03-19 08:42:34.025670,18,2,0,3.07,80.74,20.19,0,34.1,0.56,normal,proche_banlieue,standard,1
CMD-001277,2025-03-19 10:09:56.499416,17,2,0,12.37,198.33,7.81,1,29.9,0.91,normal,banlieue,standard,1
CMD-001278,2025-03-19 11:37:18.973162,19,2,0,10.76,205.22,16.96,1,17.9,0.36,normal,proche_banlieue,standard,1
CMD-001279,2025-03-19 13:04:41.446907,7,2,0,6.75,127.78,13.6,1,27.4,0.45,normal,banlieue,standard,0
CMD-001280,2025-03-19 14:32:03.920653,20,2,0,11.77,31.06,20.68,1,24.5,0.88,normal,banlieue,premium,1
CMD-001281,2025-03-19 15:59:26.394399,18,2,0,22.18,198.68,18.82,1,29.7,0.62,neige,banlieue,standard,0
CMD-001282,2025-03-19 17:26:48.868144,18,2,0,2.76,107.79,1.78,0,21.8,0.54,normal,banlieue,standard,0
CMD-001283,2025-03-19 18:54:11.341890,13,2,0,5.44,59.94,8.59,1,12.9,0.96,pluie,centre,standard,1
CMD-001284,2025-03-19 20:21:33.815635,19,2,0,5.65,160.4,13.1,0,31.7,0.91,normal,centre,standard,0
CMD-001285,2025-03-19 21:48:56.289381,13,2,0,11.59,114.87,20.13,1,30.5,0.91,pluie,centre,standard,0
CMD-001286,2025-03-19 23:16:18.763127,7,2,0,4.02,31.02,17.91,0,39.2,0.37,pluie,banlieue,standard,0
CMD-001287,2025-03-20 00:43:41.236872,21,3,0,11.14,246.08,13.83,1,11.8,0.88,orage,rurale,standard,1
CMD-001288,2025-03-20 02:11:03.710618,10,3,0,4.43,68.72,20.25,1,24.3,0.73,pluie,rurale,premium,1
CMD-001289,2025-03-20 03:38:26.184364,8,3,0,2.47,132.63,10.99,1,22.7,0.75,neige,centre,standard,1
CMD-001290,2025-03-20 05:05:48.658109,16,3,0,7.06,170.15,1.58,1,21.0,0.24,neige,rurale,standard,1
CMD-001291,2025-03-20 06:33:11.131855,10,3,0,4.35,37.62,21.79,1,9.6,0.64,neige,rurale,standard,1
CMD-001292,2025-03-20 08:00:33.605600,20,3,0,7.59,187.46,13.26,1,14.3,0.37,normal,centre,premium,1
CMD-001293,2025-03-20 09:27:56.079346,14,3,0,8.97,165.59,20.25,1,27.7,0.94,normal,proche_banlieue,standard,1
CMD-001294,2025-03-20 10:55:18.553092,7,3,0,1.46,128.5,9.92,1,20.0,0.65,normal,rurale,standard,1
CMD-001295,2025-03-20 12:22:41.026837,22,3,0,4.78,136.8,14.8,1,16.7,0.69,neige,proche_banlieue,standard,1
CMD-001296,2025-03-20 13:50:03.500583,15,3,0,7.06,239.15,8.41,1,39.3,0.39,orage,rurale,standard,1
CMD-001297,2025-03-20 15:17:25.974329,11,3,0,11.8,228.62,10.36,1,48.7,0.54,neige,proche_banlieue,standard,0
CMD-001298,2025-03-20 16:44:48.448074,17,3,0,10.82,36.88,3.86,1,24.4,0.62,normal,proche_banlieue,standard,1
CMD-001299,2025-03-20 18:12:10.921820,15,3,0,3.31,98.5,18.59,0,10.0,0.85,pluie,centre,standard,0
CMD-001300,2025-03-20 19:39:33.395565,7,3,0,5.87,134.03,7.15,1,29.0,0.69,normal,centre,standard,1
CMD-001301,2025-03-20 21:06:55.869311,19,3,0,9.3,230.79,7.68,0,5.0,0.29,pluie,banlieue,standard,1
CMD-001302,2025-03-20 22:34:18.343057,13,3,0,5.56,205.98,8.98,0,11.5,0.56,normal,proche_banlieue,standard,0
CMD-001303,2025-03-21 00:01:40.816802,18,4,0,3.6,102.76,10.92,1,29.1,0.44,normal,proche_banlieue,standard,1
CMD-001304,2025-03-21 01:29:03.290548,21,4,0,6.44,222.69,14.49,1,11.2,0.63,normal,rurale,premium,1
CMD-001305,2025-03-21 02:56:25.764294,16,4,0,8.69,100.76,17.13,1,22.0,0.58,normal,centre,premium,1
CMD-001306,2025-03-21 04:23:48.238039,17,4,0,3.03,75.09,16.96,0,10.2,0.22,normal,proche_banlieue,standard,1
CMD-001307,2025-03-21 05:51:10.711785,11,4,0,10.03,156.37,10.71,1,25.6,0.37,pluie,rurale,standard,1
CMD-001308,2025-03-21 07:18:33.185530,10,4,0,7.37,95.42,12.15,1,36.2,0.73,normal,rurale,standard,1
CMD-001309,2025-03-21 08:45:55.659276,13,4,0,10.29,159.38,3.68,1,18.9,0.64,pluie,banlieue,standard,0
CMD-001310,2025-03-21 10:13:18.133022,20,4,0,6.34,108.32,13.13,1,24.8,0.24,normal,proche_banlieue,standard,0
CMD-001311,2025-03-21 11:40:40.606767,15,4,0,20.02,200.98,21.95,1,16.8,0.68,normal,centre,standard,1
CMD-001312,2025-03-21 13:08:03.080513,12,4,0,8.57,239.03,11.62,1,17.5,0.6,normal,banlieue,standard,0
CMD-001313,2025-03-21 14:35:25.554259,19,4,0,11.11,74.87,23.46,0,16.7,0.32,normal,banlieue,standard,0
CMD-001314,2025-03-21 16:02:48.028004,20,4,0,10.0,132.4,4.06,1,32.9,0.2,pluie,banlieue,standard,1
CMD-001315,2025-03-21 17:30:10.501750,21,4,0,5.81,183.86,18.48,1,10.9,0.47,pluie,proche_banlieue,standard,1
CMD-001316,2025-03-21 18:57:32.975495,11,4,0,8.02,48.04,17.76,1,21.7,0.82,pluie,banlieue,premium,1
CMD-001317,2025-03-21 20:24:55.449241,18,4,0,4.1,201.02,17.1,1,29.1,0.31,pluie,banlieue,standard,1
CMD-001318,2025-03-21 21:52:17.922987,16,4,0,19.07,149.91,16.64,1,34.1,0.96,pluie,rurale,standard,0
CMD-001319,2025-03-21 23:19:40.396732,14,4,0,9.25,45.94,0.75,1,29.4,0.63,pluie,centre,standard,1
CMD-001320,2025-03-22 00:47:02.870478,13,5,1,3.42,218.38,18.6,0,24.3,0.81,normal,centre,standard,1
CMD-001321,2025-03-22 02:14:25.344224,8,5,1,16.27,112.41,12.59,1,19.3,0.98,normal,proche_banlieue,standard,0
CMD-001322,2025-03-22 03:41:47.817969,11,5,1,6.05,52.39,13.2,1,34.3,0.41,neige,banlieue,standard,0
CMD-001323,2025-03-22 05:09:10.291715,15,5,1,12.2,56.9,1.46,1,16.3,0.67,normal,rurale,standard,1
CMD-001324,2025-03-22 06:36:32.765460,21,5,1,1.41,198.52,4.87,1,16.5,0.47,neige,centre,premium,1
CMD-001325,2025-03-22 08:03:55.239206,20,5,1,14.33,234.57,22.79,1,38.5,0.27,neige,proche_banlieue,standard,1
CMD-001326,2025-03-22 09:31:17.712952,10,5,1,8.99,100.78,8.03,1,28.6,0.83,normal,banlieue,premium,1
CMD-001327,2025-03-22 10:58:40.186697,17,5,1,3.18,28.92,9.97,1,29.0,0.21,neige,centre,premium,1
CMD-001328,2025-03-22 12:26:02.660443,8,5,1,8.87,34.2,4.89,1,31.0,0.9,normal,banlieue,premium,1
CMD-001329,2025-03-22 13:53:25.134189,17,5,1,17.82,167.07,15.88,1,24.1,0.84,pluie,proche_banlieue,standard,0
CMD-001330,2025-03-22 15:20:47.607934,12,5,1,4.2,98.98,18.57,1,10.6,0.71,pluie,rurale,standard,1
CMD-001331,2025-03-22 16:48:10.081680,14,5,1,4.16,112.27,23.05,1,27.5,0.67,pluie,proche_banlieue,standard,1
CMD-001332,2025-03-22 18:15:32.555425,18,5,1,5.75,90.89,14.14,1,24.8,0.88,normal,banlieue,standard,1
CMD-001333,2025-03-22 19:42:55.029171,13,5,1,7.01,121.73,7.04,1,16.4,0.24,normal,centre,premium,1
CMD-001334,2025-03-22 21:10:17.502917,19,5,1,12.75,164.45,1.96,1,14.1,0.79,normal,proche_banlieue,standard,0
CMD-001335,2025-03-22 22:37:39.976662,15,5,1,9.34,139.87,6.8,1,24.5,0.34,normal,proche_banlieue,premium,1
CMD-001336,2025-03-23 00:05:02.450408,22,6,1,5.74,49.42,15.54,1,11.4,0.22,normal,centre,premium,0
CMD-001337,2025-03-23 01:32:24.924154,17,6,1,8.27,127.91,24.36,1,23.6,0.45,normal,proche_banlieue,premium,0
CMD-001338,2025-03-23 02:59:47.397899,11,6,1,19.75,120.55,2.16,1,22.4,0.46,normal,banlieue,standard,1
CMD-001339,2025-03-23 04:27:09.871645,19,6,1,10.5,140.98,9.83,1,23.8,0.35,normal,proche_banlieue,premium,0
CMD-001340,2025-03-23 05:54:32.345390,13,6,1,6.22,36.56,16.75,1,29.0,0.77,normal,banlieue,standard,1
CMD-001341,2025-03-23 07:21:54.819136,15,6,1,5.61,46.85,14.45,1,31.2,0.65,normal,centre,standard,1
CMD-001342,2025-03-23 08:49:17.292882,9,6,1,7.92,137.26,16.36,1,17.9,0.94,neige,centre,standard,1
CMD-001343,2025-03-23 10:16:39.766627,8,6,1,12.65,76.1,11.69,1,33.7,0.81,pluie,centre,standard,0
CMD-001344,2025-03-23 11:44:02.240373,16,6,1,3.72,160.97,6.82,1,22.8,0.86,normal,banlieue,standard,1
CMD-001345,2025-03-23 13:11:24.714119,9,6,1,11.49,99.46,12.17,1,42.5,0.92,normal,centre,standard,0
CMD-001346,2025-03-23 14:38:47.187864,22,6,1,6.13,62.98,9.66,1,19.1,0.85,normal,centre,standard,1
CMD-001347,2025-03-23 16:06:09.661610,20,6,1,6.83,167.53,17.79,1,8.9,0.29,normal,centre,standard,1
CMD-001348,2025-03-23 17:33:32.135355,18,6,1,30.19,104.54,4.46,1,33.3,0.35,pluie,proche_banlieue,standard,0
CMD-001349,2025-03-23 19:00:54.609101,18,6,1,10.71,47.83,12.5,0,29.3,0.52,normal,proche_banlieue,standard,1
CMD-001350,2025-03-23 20:28:17.082847,16,6,1,4.46,204.11,23.98,1,37.0,0.47,normal,proche_banlieue,standard,1
CMD-001351,2025-03-23 21:55:39.556592,7,6,1,8.97,113.62,13.39,1,28.1,0.91,normal,banlieue,standard,0
CMD-001352,2025-03-23 23:23:02.030338,13,6,1,13.08,229.62,6.08,1,48.4,0.62,pluie,proche_banlieue,standard,0
CMD-001353,2025-03-24 00:50:24.504084,14,0,0,10.79,56.42,23.41,1,23.1,0.9,normal,centre,standard,1
CMD-001354,2025-03-24 02:17:46.977829,21,0,0,0.76,220.32,6.26,1,35.5,0.51,normal,banlieue,premium,1
CMD-001355,2025-03-24 03:45:09.451575,10,0,0,6.62,205.82,18.83,1,19.7,0.93,neige,centre,premium,1
CMD-001356,2025-03-24 05:12:31.925320,14,0,0,9.25,34.94,2.92,1,29.9,0.26,neige,centre,standard,1
CMD-001357,2025-03-24 06:39:54.399066,12,0,0,8.73,137.6,21.33,1,31.8,0.56,normal,banlieue,standard,1
CMD-001358,2025-03-24 08:07:16.872812,9,0,0,4.76,166.88,4.68,1,33.3,0.92,normal,centre,standard,1
CMD-001359,2025-03-24 09:34:39.346557,8,0,0,10.92,128.92,9.98,1,32.8,0.56,normal,banlieue,standard,0
CMD-001360,2025-03-24 11:02:01.820303,12,0,0,14.37,103.66,24.15,1,5.0,0.79,neige,banlieue,standard,1
CMD-001361,2025-03-24 12:29:24.294049,8,0,0,1.5,236.52,14.57,1,24.3,0.49,pluie,rurale,standard,1
CMD-001362,2025-03-24 13:56:46.767794,8,0,0,1.36,178.2,6.75,1,19.2,0.86,orage,proche_banlieue,standard,1
CMD-001363,2025-03-24 15:24:09.241540,12,0,0,8.91,241.81,0.22,1,21.2,0.71,normal,banlieue,standard,0
CMD-001364,2025-03-24 16:51:31.715285,10,0,0,11.54,213.1,0.37,0,22.2,0.85,normal,proche_banlieue,standard,0
CMD-001365,2025-03-24 18:18:54.189031,15,0,0,4.22,206.11,7.01,1,34.8,0.63,normal,banlieue,premium,1
CMD-001366,2025-03-24 19:46:16.662777,7,0,0,0.82,184.15,13.27,1,27.0,0.71,neige,proche_banlieue,standard,1
CMD-001367,2025-03-24 21:13:39.136522,11,0,0,6.7,165.06,12.23,1,19.9,0.62,normal,proche_banlieue,standard,1
CMD-001368,2025-03-24 22:41:01.610268,14,0,0,8.82,222.85,23.06,1,10.3,0.65,normal,proche_banlieue,standard,1
CMD-001369,2025-03-25 00:08:24.084014,22,1,0,5.39,157.22,19.15,1,40.3,0.75,normal,centre,standard,1
CMD-001370,2025-03-25 01:35:46.557759,17,1,0,13.3,28.07,23.13,1,18.5,0.3,normal,centre,standard,1
CMD-001371,2025-03-25 03:03:09.031505,21,1,0,8.44,149.82,12.89,1,23.7,0.81,normal,rurale,standard,0
CMD-001372,2025-03-25 04:30:31.505250,12,1,0,3.85,34.68,11.28,0,46.4,0.48,normal,banlieue,premium,0
CMD-001373,2025-03-25 05:57:53.978996,14,1,0,4.19,237.83,14.24,1,18.8,0.21,neige,banlieue,standard,0
CMD-001374,2025-03-25 07:25:16.452742,13,1,0,6.81,165.2,9.43,1,22.2,0.71,normal,banlieue,standard,1
CMD-001375,2025-03-25 08:52:38.926487,21,1,0,5.11,143.36,5.43,1,27.3,0.69,pluie,centre,standard,1
CMD-001376,2025-03-25 10:20:01.400233,22,1,0,1.27,57.48,20.95,1,8.9,0.78,normal,centre,standard,1
CMD-001377,2025-03-25 11:47:23.873978,22,1,0,7.94,133.78,17.08,1,7.8,1.0,normal,banlieue,standard,1
CMD-001378,2025-03-25 13:14:46.347724,19,1,0,4.28,92.21,8.28,1,20.2,0.57,normal,banlieue,premium,1
CMD-001379,2025-03-25 14:42:08.821470,15,1,0,4.89,172.09,11.27,1,20.5,0.98,normal,banlieue,premium,1
CMD-001380,2025-03-25 16:09:31.295215,15,1,0,2.74,155.06,5.79,1,26.3,0.66,normal,proche_banlieue,premium,1
CMD-001381,2025-03-25 17:36:53.768961,22,1,0,18.13,129.83,14.16,1,15.2,0.49,normal,proche_banlieue,standard,1
CMD-001382,2025-03-25 19:04:16.242707,11,1,0,10.27,70.66,9.09,1,29.3,0.74,normal,banlieue,premium,1
CMD-001383,2025-03-25 20:31:38.716452,12,1,0,21.08,136.18,21.91,1,5.0,0.36,neige,proche_banlieue,standard,1
CMD-001384,2025-03-25 21:59:01.190198,21,1,0,5.37,120.81,13.3,1,24.3,0.97,pluie,proche_banlieue,standard,1
CMD-001385,2025-03-25 23:26:23.663943,13,1,0,10.68,214.3,10.41,1,28.6,0.55,orage,centre,standard,1
CMD-001386,2025-03-26 00:53:46.137689,10,2,0,8.04,224.64,18.79,1,28.3,0.21,pluie,centre,standard,1
CMD-001387,2025-03-26 02:21:08.611435,15,2,0,3.98,192.22,22.65,1,23.4,0.72,normal,banlieue,standard,1
CMD-001388,2025-03-26 03:48:31.085180,12,2,0,5.33,86.71,20.47,1,18.4,0.3,normal,proche_banlieue,premium,1
CMD-001389,2025-03-26 05:15:53.558926,21,2,0,10.26,19.14,12.47,1,23.1,0.27,neige,banlieue,premium,1
CMD-001390,2025-03-26 06:43:16.032672,21,2,0,2.74,232.08,9.04,1,37.3,0.22,normal,banlieue,standard,1
CMD-001391,2025-03-26 08:10:38.506417,11,2,0,13.38,248.08,16.62,1,19.0,0.91,normal,proche_banlieue,standard,1
CMD-001392,2025-03-26 09:38:00.980163,15,2,0,7.57,40.48,20.46,1,34.8,0.23,normal,banlieue,standard,1
CMD-001393,2025-03-26 11:05:23.453908,22,2,0,12.22,174.55,24.47,1,36.4,0.63,normal,centre,standard,0
CMD-001394,2025-03-26 12:32:45.927654,18,2,0,8.85,112.04,11.54,1,7.6,0.59,pluie,centre,standard,1
CMD-001395,2025-03-26 14:00:08.401400,10,2,0,1.52,45.64,16.77,1,23.7,0.93,normal,proche_banlieue,standard,1
CMD-001396,2025-03-26 15:27:30.875145,16,2,0,6.63,249.54,7.47,1,15.2,0.93,normal,banlieue,premium,1
CMD-001397,2025-03-26 16:54:53.348891,16,2,0,13.58,233.97,2.37,0,10.0,0.94,pluie,centre,standard,1
CMD-001398,2025-03-26 18:22:15.822637,17,2,0,7.48,245.83,6.48,0,32.9,0.52,pluie,proche_banlieue,standard,1
CMD-001399,2025-03-26 19:49:38.296382,7,2,0,6.75,44.54,0.56,1,29.7,0.58,neige,rurale,standard,1
CMD-001400,2025-03-26 21:17:00.770128,11,2,0,7.48,128.06,12.83,1,27.6,0.86,pluie,rurale,standard,1
CMD-001401,2025-03-26 22:44:23.243873,20,2,0,1.16,224.99,9.45,1,14.1,0.3,normal,rurale,standard,1
CMD-001402,2025-03-27 00:11:45.717619,10,3,0,14.52,172.04,17.02,1,27.1,0.29,normal,centre,standard,1
CMD-001403,2025-03-27 01:39:08.191365,11,3,0,0.58,114.3,15.46,1,11.9,0.94,normal,banlieue,standard,1
CMD-001404,2025-03-27 03:06:30.665110,12,3,0,16.55,134.01,4.36,1,25.8,0.22,normal,banlieue,standard,1
CMD-001405,2025-03-27 04:33:53.138856,9,3,0,5.08,19.26,16.91,1,18.4,0.51,neige,centre,standard,1
CMD-001406,2025-03-27 06:01:15.612602,9,3,0,9.29,156.76,4.85,1,35.5,0.36,pluie,centre,standard,1
CMD-001407,2025-03-27 07:28:38.086347,12,3,0,1.05,216.33,0.35,1,21.4,0.27,normal,centre,premium,1
CMD-001408,2025-03-27 08:56:00.560093,20,3,0,11.45,10.67,24.26,1,27.3,0.98,normal,banlieue,standard,1
CMD-001409,2025-03-27 10:23:23.033838,7,3,0,10.16,48.39,0.87,1,27.3,0.33,orage,banlieue,standard,1
CMD-001410,2025-03-27 11:50:45.507584,11,3,0,9.73,134.32,8.68,1,24.2,0.55,normal,centre,standard,1
CMD-001411,2025-03-27 13:18:07.981330,7,3,0,0.99,144.63,16.01,1,26.1,0.4,normal,centre,standard,1
CMD-001412,2025-03-27 14:45:30.455075,15,3,0,3.54,92.4,9.39,1,28.0,0.59,normal,banlieue,standard,1
CMD-001413,2025-03-27 16:12:52.928821,11,3,0,8.88,16.7,9.65,1,16.0,0.81,normal,banlieue,standard,0
CMD-001414,2025-03-27 17:40:15.402567,19,3,0,14.26,188.46,18.12,1,29.0,0.73,normal,rurale,standard,1
CMD-001415,2025-03-27 19:07:37.876312,16,3,0,3.1,68.3,15.13,1,33.6,0.66,pluie,centre,standard,1
CMD-001416,2025-03-27 20:35:00.350058,19,3,0,3.18,164.7,13.06,1,29.0,0.61,normal,rurale,premium,1
CMD-001417,2025-03-27 22:02:22.823803,17,3,0,8.47,144.2,22.18,1,21.5,0.31,normal,centre,standard,1
CMD-001418,2025-03-27 23:29:45.297549,14,3,0,28.48,113.4,2.88,1,26.7,0.52,normal,proche_banlieue,standard,0
CMD-001419,2025-03-28 00:57:07.771295,20,4,0,4.04,151.67,11.85,1,21.4,0.92,normal,rurale,standard,1
CMD-001420,2025-03-28 02:24:30.245040,14,4,0,5.03,176.81,6.13,1,23.8,0.86,normal,proche_banlieue,standard,1
CMD-001421,2025-03-28 03:51:52.718786,22,4,0,4.45,147.34,1.11,1,13.1,0.25,normal,proche_banlieue,standard,1
CMD-001422,2025-03-28 05:19:15.192532,22,4,0,6.14,143.81,24.48,1,38.8,0.87,normal,proche_banlieue,standard,0
CMD-001423,2025-03-28 06:46:37.666277,16,4,0,15.02,114.66,18.4,1,44.4,0.86,normal,banlieue,premium,1
CMD-001424,2025-03-28 08:14:00.140023,17,4,0,6.39,113.21,5.56,1,18.0,0.84,neige,proche_banlieue,premium,1
CMD-001425,2025-03-28 09:41:22.613768,11,4,0,30.24,127.83,10.18,0,32.9,0.85,normal,proche_banlieue,standard,0
CMD-001426,2025-03-28 11:08:45.087514,20,4,0,7.29,118.5,5.81,1,39.6,0.99,pluie,centre,premium,1
CMD-001427,2025-03-28 12:36:07.561260,17,4,0,15.98,115.37,17.18,1,15.4,0.24,neige,rurale,standard,1
CMD-001428,2025-03-28 14:03:30.035005,21,4,0,5.33,60.49,8.89,1,5.0,0.51,normal,rurale,premium,1
CMD-001429,2025-03-28 15:30:52.508751,11,4,0,2.23,183.96,23.01,0,40.2,0.97,normal,banlieue,premium,1
CMD-001430,2025-03-28 16:58:14.982497,19,4,0,6.38,41.91,5.35,1,24.9,0.64,normal,rurale,standard,1
CMD-001431,2025-03-28 18:25:37.456242,14,4,0,9.84,228.09,8.88,0,19.8,0.75,neige,banlieue,standard,0
CMD-001432,2025-03-28 19:52:59.929988,9,4,0,3.57,159.96,23.31,1,25.5,0.49,normal,centre,standard,1
CMD-001433,2025-03-28 21:20:22.403733,9,4,0,14.34,21.74,22.14,1,21.3,0.37,normal,centre,premium,1
CMD-001434,2025-03-28 22:47:44.877479,15,4,0,4.63,168.16,7.47,1,54.6,0.98,normal,banlieue,standard,1
CMD-001435,2025-03-29 00:15:07.351225,12,5,1,2.74,96.76,12.18,1,19.7,0.49,normal,proche_banlieue,standard,1
CMD-001436,2025-03-29 01:42:29.824970,8,5,1,26.64,233.14,22.12,1,28.3,0.65,normal,centre,standard,0
CMD-001437,2025-03-29 03:09:52.298716,13,5,1,3.41,234.66,16.83,1,37.9,0.4,pluie,centre,standard,1
CMD-001438,2025-03-29 04:37:14.772462,17,5,1,4.52,213.02,16.0,1,37.9,0.97,normal,rurale,premium,1
CMD-001439,2025-03-29 06:04:37.246207,12,5,1,10.98,146.28,16.58,1,36.0,0.41,normal,centre,standard,1
CMD-001440,2025-03-29 07:31:59.719953,22,5,1,5.19,230.6,23.04,1,20.7,0.93,pluie,proche_banlieue,standard,1
CMD-001441,2025-03-29 08:59:22.193698,19,5,1,2.83,165.95,13.03,1,23.5,0.43,neige,banlieue,standard,1
CMD-001442,2025-03-29 10:26:44.667444,15,5,1,4.16,220.03,4.71,1,5.0,0.96,normal,banlieue,premium,1
CMD-001443,2025-03-29 11:54:07.141190,21,5,1,21.99,48.41,11.92,1,24.3,0.49,pluie,centre,standard,0
CMD-001444,2025-03-29 13:21:29.614935,13,5,1,10.08,227.0,18.28,1,25.3,0.9,neige,banlieue,premium,1
CMD-001445,2025-03-29 14:48:52.088681,9,5,1,11.49,168.78,12.4,0,32.4,0.68,normal,proche_banlieue,standard,0
CMD-001446,2025-03-29 16:16:14.562427,7,5,1,8.18,82.79,7.97,1,43.0,0.29,normal,centre,standard,0
CMD-001447,2025-03-29 17:43:37.036172,22,5,1,9.2,249.48,16.72,1,32.1,0.44,normal,banlieue,standard,1
CMD-001448,2025-03-29 19:10:59.509918,22,5,1,4.88,174.85,11.37,0,35.7,0.81,normal,rurale,standard,1
CMD-001449,2025-03-29 20:38:21.983663,18,5,1,7.45,228.02,24.08,0,24.8,0.73,normal,banlieue,premium,1
CMD-001450,2025-03-29 22:05:44.457409,8,5,1,0.89,11.34,8.93,0,37.8,0.48,pluie,centre,standard,0
CMD-001451,2025-03-29 23:33:06.931155,11,5,1,13.0,142.56,17.99,1,25.1,0.36,neige,centre,standard,0
CMD-001452,2025-03-30 01:00:29.404900,7,6,1,4.84,181.01,13.97,1,36.4,0.86,normal,proche_banlieue,premium,1
CMD-001453,2025-03-30 02:27:51.878646,7,6,1,2.42,13.3,2.12,0,33.0,0.7,neige,centre,standard,1
CMD-001454,2025-03-30 03:55:14.352392,10,6,1,7.77,193.01,11.85,1,28.9,0.75,neige,centre,premium,1
CMD-001455,2025-03-30 05:22:36.826137,16,6,1,5.8,166.35,0.92,1,9.6,0.58,pluie,centre,standard,1
CMD-001456,2025-03-30 06:49:59.299883,8,6,1,12.69,75.94,19.79,0,35.9,0.48,neige,centre,standard,0
CMD-001457,2025-03-30 08:17:21.773628,22,6,1,6.49,175.35,18.42,1,28.8,0.51,neige,proche_banlieue,standard,0
CMD-001458,2025-03-30 09:44:44.247374,14,6,1,4.09,41.42,1.45,1,32.0,0.22,normal,centre,premium,1
CMD-001459,2025-03-30 11:12:06.721120,11,6,1,6.61,207.77,12.59,1,28.1,0.96,neige,centre,standard,0
CMD-001460,2025-03-30 12:39:29.194865,15,6,1,17.2,217.89,24.05,0,29.9,0.49,orage,centre,standard,0
CMD-001461,2025-03-30 14:06:51.668611,19,6,1,12.97,126.51,7.26,1,38.0,0.59,normal,proche_banlieue,standard,1
CMD-001462,2025-03-30 15:34:14.142357,12,6,1,10.06,131.79,22.63,1,20.3,0.49,normal,proche_banlieue,standard,1
CMD-001463,2025-03-30 17:01:36.616102,7,6,1,13.35,106.49,3.95,1,29.7,0.48,normal,centre,premium,1
CMD-001464,2025-03-30 18:28:59.089848,7,6,1,10.61,92.88,0.36,1,17.2,0.75,normal,proche_banlieue,standard,1
CMD-001465,2025-03-30 19:56:21.563593,20,6,1,3.2,219.5,13.36,1,30.8,0.74,normal,centre,standard,1
CMD-001466,2025-03-30 21:23:44.037339,8,6,1,11.56,83.17,6.13,0,27.5,0.85,normal,banlieue,standard,0
CMD-001467,2025-03-30 22:51:06.511085,17,6,1,14.43,106.68,22.0,1,18.7,0.26,normal,proche_banlieue,premium,0
CMD-001468,2025-03-31 00:18:28.984830,13,0,0,14.97,81.98,16.91,1,25.9,0.9,normal,banlieue,standard,0
CMD-001469,2025-03-31 01:45:51.458576,19,0,0,2.62,167.61,17.23,1,19.3,0.97,normal,banlieue,standard,1
CMD-001470,2025-03-31 03:13:13.932322,7,0,0,4.53,205.41,16.9,1,21.2,0.99,pluie,proche_banlieue,premium,1
CMD-001471,2025-03-31 04:40:36.406067,21,0,0,4.0,49.44,17.04,0,28.5,0.3,neige,proche_banlieue,standard,1
CMD-001472,2025-03-31 06:07:58.879813,18,0,0,5.29,71.14,18.73,1,27.7,0.59,normal,proche_banlieue,premium,1
CMD-001473,2025-03-31 07:35:21.353558,14,0,0,9.34,34.99,16.81,0,5.8,0.95,normal,proche_banlieue,standard,0
CMD-001474,2025-03-31 09:02:43.827304,10,0,0,7.62,48.44,20.89,0,28.7,0.81,normal,proche_banlieue,standard,0
CMD-001475,2025-03-31 10:30:06.301050,22,0,0,7.63,107.65,14.04,1,22.0,0.25,normal,centre,standard,1
CMD-001476,2025-03-31 11:57:28.774795,11,0,0,2.0,196.21,8.9,1,20.9,0.9,normal,proche_banlieue,standard,1
CMD-001477,2025-03-31 13:24:51.248541,14,0,0,4.4,139.99,11.78,0,13.7,0.87,normal,proche_banlieue,standard,1
CMD-001478,2025-03-31 14:52:13.722287,13,0,0,15.71,22.79,11.12,1,24.5,0.82,normal,centre,standard,0
CMD-001479,2025-03-31 16:19:36.196032,10,0,0,14.39,160.02,8.45,0,19.8,0.53,normal,rurale,standard,0
CMD-001480,2025-03-31 17:46:58.669778,13,0,0,6.41,200.87,10.5,1,37.7,0.71,pluie,centre,standard,1
CMD-001481,2025-03-31 19:14:21.143523,9,0,0,11.58,104.43,9.75,1,7.5,0.77,normal,centre,premium,1
CMD-001482,2025-03-31 20:41:43.617269,7,0,0,8.75,68.8,2.96,1,15.4,0.52,neige,banlieue,standard,1
CMD-001483,2025-03-31 22:09:06.091015,11,0,0,12.46,193.35,20.8,1,14.7,0.83,normal,banlieue,standard,1
CMD-001484,2025-03-31 23:36:28.564760,8,0,0,11.93,15.74,18.96,1,27.6,0.42,normal,proche_banlieue,standard,1
CMD-001485,2025-04-01 01:03:51.038506,13,1,0,6.8,205.74,8.57,1,36.7,0.35,normal,proche_banlieue,standard,1
CMD-001486,2025-04-01 02:31:13.512252,20,1,0,10.11,203.02,23.64,1,30.0,0.89,normal,centre,standard,1
CMD-001487,2025-04-01 03:58:35.985997,9,1,0,9.17,223.12,23.74,1,14.1,0.47,neige,rurale,standard,1
CMD-001488,2025-04-01 05:25:58.459743,7,1,0,6.94,31.48,21.45,1,20.7,0.25,normal,banlieue,standard,1
CMD-001489,2025-04-01 06:53:20.933488,8,1,0,5.86,35.86,0.93,0,16.9,0.87,normal,centre,standard,1
CMD-001490,2025-04-01 08:20:43.407234,15,1,0,20.06,219.46,9.41,0,30.1,0.84,pluie,banlieue,standard,0
CMD-001491,2025-04-01 09:48:05.880980,11,1,0,6.94,124.06,11.54,1,20.5,0.84,normal,centre,standard,1
CMD-001492,2025-04-01 11:15:28.354725,14,1,0,11.09,104.16,18.02,0,10.9,0.47,pluie,proche_banlieue,premium,0
CMD-001493,2025-04-01 12:42:50.828471,7,1,0,19.07,147.59,15.94,1,30.8,0.68,normal,proche_banlieue,standard,1
CMD-001494,2025-04-01 14:10:13.302217,12,1,0,10.09,24.06,17.02,1,37.6,0.21,pluie,banlieue,standard,1
CMD-001495,2025-04-01 15:37:35.775962,13,1,0,9.78,164.49,19.23,1,23.2,0.2,neige,rurale,standard,0
CMD-001496,2025-04-01 17:04:58.249708,13,1,0,6.97,236.82,23.72,1,26.2,0.41,normal,proche_banlieue,standard,0
CMD-001497,2025-04-01 18:32:20.723453,15,1,0,9.28,172.17,13.88,1,9.9,0.62,normal,banlieue,standard,1
CMD-001498,2025-04-01 19:59:43.197199,19,1,0,5.49,121.49,22.62,0,5.0,0.68,pluie,banlieue,standard,1
CMD-001499,2025-04-01 21:27:05.670945,14,1,0,32.75,240.61,20.41,1,6.5,0.31,pluie,centre,standard,0
CMD-001500,2025-04-01 22:54:28.144690,20,1,0,2.05,175.24,8.58,1,24.6,0.89,normal,banlieue,standard,1
CMD-001501,2025-04-02 00:21:50.618436,15,2,0,6.15,23.67,20.38,1,21.9,0.97,normal,rurale,standard,1
CMD-001502,2025-04-02 01:49:13.092182,11,2,0,10.21,170.81,3.11,1,30.5,0.3,normal,proche_banlieue,standard,1
CMD-001503,2025-04-02 03:16:35.565927,10,2,0,9.79,24.33,4.14,1,23.0,0.86,pluie,proche_banlieue,standard,1
CMD-001504,2025-04-02 04:43:58.039673,12,2,0,5.48,83.74,24.81,1,34.9,0.69,normal,banlieue,standard,1
CMD-001505,2025-04-02 06:11:20.513418,16,2,0,1.38,157.76,10.83,1,33.7,0.6,normal,banlieue,standard,0
CMD-001506,2025-04-02 07:38:42.987164,10,2,0,2.39,61.75,11.62,1,21.8,0.59,normal,centre,standard,1
CMD-001507,2025-04-02 09:06:05.460910,21,2,0,8.02,19.17,23.79,1,15.0,0.8,normal,centre,standard,1
CMD-001508,2025-04-02 10:33:27.934655,14,2,0,0.96,158.31,9.17,1,5.8,0.37,pluie,banlieue,standard,0
CMD-001509,2025-04-02 12:00:50.408401,20,2,0,10.71,78.61,6.08,1,39.3,0.69,normal,centre,premium,1
CMD-001510,2025-04-02 13:28:12.882147,17,2,0,15.2,137.91,2.13,1,15.6,0.41,normal,banlieue,standard,1
CMD-001511,2025-04-02 14:55:35.355892,12,2,0,12.04,72.67,13.16,1,10.0,0.27,neige,proche_banlieue,standard,1
CMD-001512,2025-04-02 16:22:57.829638,10,2,0,13.68,174.74,5.15,1,26.3,0.64,normal,centre,standard,0
CMD-001513,2025-04-02 17:50:20.303383,18,2,0,1.01,224.97,1.81,1,10.1,0.41,pluie,banlieue,premium,0
CMD-001514,2025-04-02 19:17:42.777129,12,2,0,5.65,30.78,20.36,1,26.3,0.79,neige,centre,standard,1
CMD-001515,2025-04-02 20:45:05.250875,10,2,0,2.98,198.72,8.35,1,21.6,0.72,pluie,proche_banlieue,standard,0
CMD-001516,2025-04-02 22:12:27.724620,21,2,0,1.64,47.46,14.57,1,34.2,0.38,normal,proche_banlieue,standard,1
CMD-001517,2025-04-02 23:39:50.198366,14,2,0,4.77,89.06,2.8,1,33.4,0.89,normal,banlieue,standard,1
CMD-001518,2025-04-03 01:07:12.672112,7,3,0,18.76,95.77,12.74,1,36.0,0.48,normal,centre,premium,1
CMD-001519,2025-04-03 02:34:35.145857,14,3,0,22.17,59.51,15.87,1,27.1,0.77,normal,banlieue,standard,0
CMD-001520,2025-04-03 04:01:57.619603,14,3,0,3.34,28.06,11.36,1,16.4,0.41,normal,rurale,standard,1
CMD-001521,2025-04-03 05:29:20.093348,20,3,0,7.31,194.44,8.57,1,14.6,0.36,normal,proche_banlieue,premium,1
CMD-001522,2025-04-03 06:56:42.567094,18,3,0,9.19,200.47,7.91,1,19.7,0.89,normal,centre,standard,1
CMD-001523,2025-04-03 08:24:05.040840,10,3,0,5.69,249.24,2.91,1,44.9,0.93,normal,centre,standard,1
CMD-001524,2025-04-03 09:51:27.514585,9,3,0,15.93,234.31,3.07,1,22.5,0.48,normal,proche_banlieue,premium,1
CMD-001525,2025-04-03 11:18:49.988331,16,3,0,4.83,114.31,12.49,1,26.6,0.45,normal,proche_banlieue,premium,1
CMD-001526,2025-04-03 12:46:12.462077,7,3,0,4.2,42.01,3.64,0,40.2,0.76,pluie,proche_banlieue,standard,0
CMD-001527,2025-04-03 14:13:34.935822,12,3,0,3.49,12.57,5.74,1,27.5,0.38,neige,proche_banlieue,standard,1
CMD-001528,2025-04-03 15:40:57.409568,9,3,0,5.66,137.56,4.29,1,17.5,0.89,normal,banlieue,standard,1
CMD-001529,2025-04-03 17:08:19.883313,7,3,0,0.31,216.54,20.1,1,32.3,0.21,neige,banlieue,standard,1
CMD-001530,2025-04-03 18:35:42.357059,21,3,0,5.87,74.3,11.35,1,20.7,0.31,normal,banlieue,standard,1
CMD-001531,2025-04-03 20:03:04.830805,8,3,0,7.65,57.75,13.9,1,27.9,0.3,pluie,centre,standard,1
CMD-001532,2025-04-03 21:30:27.304550,7,3,0,8.0,115.35,14.66,1,30.1,0.45,normal,proche_banlieue,premium,1
CMD-001533,2025-04-03 22:57:49.778296,21,3,0,2.82,224.45,10.03,1,20.1,0.89,normal,banlieue,standard,1
CMD-001534,2025-04-04 00:25:12.252042,10,4,0,7.89,118.4,7.6,1,26.9,0.71,pluie,banlieue,premium,1
CMD-001535,2025-04-04 01:52:34.725787,20,4,0,7.77,183.45,9.68,1,41.0,0.29,pluie,centre,standard,0
CMD-001536,2025-04-04 03:19:57.199533,7,4,0,7.9,121.01,13.46,1,18.7,0.26,normal,centre,standard,1
CMD-001537,2025-04-04 04:47:19.673278,9,4,0,12.2,99.51,9.09,1,38.2,0.43,normal,banlieue,premium,0
CMD-001538,2025-04-04 06:14:42.147024,8,4,0,2.71,115.82,3.59,1,19.1,0.7,pluie,proche_banlieue,premium,1
CMD-001539,2025-04-04 07:42:04.620770,18,4,0,5.74,194.42,22.86,1,43.0,0.68,normal,proche_banlieue,premium,1
CMD-001540,2025-04-04 09:09:27.094515,16,4,0,1.28,191.06,18.36,1,16.4,0.29,normal,centre,premium,1
CMD-001541,2025-04-04 10:36:49.568261,14,4,0,11.44,113.62,1.84,1,21.1,0.81,normal,proche_banlieue,standard,1
CMD-001542,2025-04-04 12:04:12.042007,10,4,0,3.12,74.23,22.66,1,40.1,0.71,normal,centre,standard,1
CMD-001543,2025-04-04 13:31:34.515752,8,4,0,13.49,43.39,4.43,1,40.5,0.99,normal,centre,standard,1
CMD-001544,2025-04-04 14:58:56.989498,16,4,0,13.81,10.33,2.62,1,33.2,0.64,normal,proche_banlieue,standard,0
CMD-001545,2025-04-04 16:26:19.463243,10,4,0,6.18,37.18,4.5,1,14.2,0.46,normal,banlieue,premium,1
CMD-001546,2025-04-04 17:53:41.936989,16,4,0,5.94,49.52,23.34,1,25.8,0.3,pluie,rurale,standard,1
CMD-001547,2025-04-04 19:21:04.410735,17,4,0,1.87,175.59,5.69,1,25.0,0.94,pluie,centre,standard,1
CMD-001548,2025-04-04 20:48:26.884480,20,4,0,7.14,206.3,19.72,1,16.4,0.23,normal,centre,standard,1
CMD-001549,2025-04-04 22:15:49.358226,14,4,0,12.13,186.87,16.15,1,32.0,0.48,normal,centre,standard,0
CMD-001550,2025-04-04 23:43:11.831971,7,4,0,8.62,183.58,13.05,1,17.2,0.62,neige,rurale,standard,0
CMD-001551,2025-04-05 01:10:34.305717,11,5,1,17.21,248.64,9.27,1,12.1,0.66,neige,centre,premium,1
CMD-001552,2025-04-05 02:37:56.779463,20,5,1,5.23,241.02,2.5,1,8.8,0.67,orage,rurale,standard,1
CMD-001553,2025-04-05 04:05:19.253208,15,5,1,5.22,74.52,17.82,1,42.1,0.77,pluie,banlieue,standard,1
CMD-001554,2025-04-05 05:32:41.726954,16,5,1,3.31,44.82,9.99,1,19.9,0.3,neige,banlieue,standard,1
CMD-001555,2025-04-05 07:00:04.200700,14,5,1,24.86,46.79,13.47,1,20.1,0.78,normal,centre,standard,1
CMD-001556,2025-04-05 08:27:26.674445,9,5,1,1.86,224.95,1.48,1,14.7,0.91,normal,banlieue,standard,1
CMD-001557,2025-04-05 09:54:49.148191,21,5,1,11.53,34.56,19.44,0,38.7,0.22,normal,centre,standard,1
CMD-001558,2025-04-05 11:22:11.621936,19,5,1,12.3,91.63,17.37,1,11.2,0.23,normal,banlieue,standard,1
CMD-001559,2025-04-05 12:49:34.095682,22,5,1,11.94,137.28,13.33,1,13.0,0.99,normal,banlieue,standard,1
CMD-001560,2025-04-05 14:16:56.569428,20,5,1,3.55,157.23,12.51,0,21.8,0.45,normal,banlieue,standard,0
CMD-001561,2025-04-05 15:44:19.043173,11,5,1,6.18,152.98,8.56,1,24.8,0.56,normal,banlieue,premium,1
CMD-001562,2025-04-05 17:11:41.516919,11,5,1,10.42,198.74,8.69,1,31.6,0.45,normal,rurale,standard,1
CMD-001563,2025-04-05 18:39:03.990665,10,5,1,4.26,147.21,1.9,1,18.2,0.65,neige,proche_banlieue,standard,1
CMD-001564,2025-04-05 20:06:26.464410,21,5,1,5.53,214.25,17.23,1,40.4,0.77,pluie,proche_banlieue,standard,1
CMD-001565,2025-04-05 21:33:48.938156,15,5,1,4.32,30.31,1.32,1,18.3,0.81,normal,centre,premium,1
CMD-001566,2025-04-05 23:01:11.411901,14,5,1,7.5,216.15,0.24,1,14.9,0.48,normal,centre,standard,0
CMD-001567,2025-04-06 00:28:33.885647,22,6,1,7.14,151.6,0.97,1,14.0,0.41,normal,centre,premium,1
CMD-001568,2025-04-06 01:55:56.359393,16,6,1,19.26,63.5,5.25,1,17.3,0.64,normal,centre,premium,1
CMD-001569,2025-04-06 03:23:18.833138,21,6,1,10.58,244.66,14.34,1,13.3,0.51,normal,centre,premium,1
CMD-001570,2025-04-06 04:50:41.306884,22,6,1,2.31,235.54,17.09,1,32.5,0.7,pluie,centre,standard,1
CMD-001571,2025-04-06 06:18:03.780630,8,6,1,2.49,212.97,10.63,1,15.0,0.69,neige,centre,standard,1
CMD-001572,2025-04-06 07:45:26.254375,12,6,1,11.68,228.78,10.33,1,23.7,0.92,normal,banlieue,standard,1
CMD-001573,2025-04-06 09:12:48.728121,18,6,1,7.09,101.71,14.5,1,14.7,0.2,normal,proche_banlieue,premium,1
CMD-001574,2025-04-06 10:40:11.201866,20,6,1,23.91,64.67,15.0,1,13.3,0.28,normal,rurale,premium,0
CMD-001575,2025-04-06 12:07:33.675612,9,6,1,23.87,53.9,21.16,1,36.1,0.83,pluie,proche_banlieue,standard,0
CMD-001576,2025-04-06 13:34:56.149358,12,6,1,3.29,219.7,20.51,1,41.0,0.67,normal,centre,standard,1
CMD-001577,2025-04-06 15:02:18.623103,15,6,1,8.72,208.39,20.62,1,37.7,0.25,pluie,banlieue,standard,1
CMD-001578,2025-04-06 16:29:41.096849,19,6,1,2.52,245.43,21.14,1,10.3,0.95,normal,banlieue,premium,1
CMD-001579,2025-04-06 17:57:03.570595,8,6,1,11.54,213.58,22.02,1,11.7,0.72,normal,proche_banlieue,standard,1
CMD-001580,2025-04-06 19:24:26.044340,16,6,1,21.08,161.77,13.97,1,44.8,0.59,pluie,centre,standard,1
CMD-001581,2025-04-06 20:51:48.518086,11,6,1,7.86,44.15,14.96,1,22.5,0.82,normal,rurale,standard,0
CMD-001582,2025-04-06 22:19:10.991831,10,6,1,5.08,49.56,18.24,0,11.3,0.68,pluie,rurale,standard,1
CMD-001583,2025-04-06 23:46:33.465577,15,6,1,9.36,123.69,5.14,1,35.8,0.5,normal,rurale,premium,1
CMD-001584,2025-04-07 01:13:55.939323,13,0,0,13.21,194.27,9.14,1,25.7,0.44,pluie,proche_banlieue,standard,1
CMD-001585,2025-04-07 02:41:18.413068,17,0,0,13.27,51.59,22.83,1,30.7,0.56,neige,centre,standard,1
CMD-001586,2025-04-07 04:08:40.886814,12,0,0,5.13,229.72,13.16,1,5.0,0.58,normal,proche_banlieue,standard,1
CMD-001587,2025-04-07 05:36:03.360560,20,0,0,4.17,174.11,1.48,1,21.7,0.77,normal,proche_banlieue,standard,1
CMD-001588,2025-04-07 07:03:25.834305,8,0,0,8.38,84.95,10.26,1,34.5,0.58,normal,centre,standard,1
CMD-001589,2025-04-07 08:30:48.308051,20,0,0,5.4,222.58,4.19,1,18.6,0.21,normal,centre,standard,0
CMD-001590,2025-04-07 09:58:10.781796,7,0,0,15.93,153.67,9.04,1,37.4,0.75,normal,rurale,standard,1
CMD-001591,2025-04-07 11:25:33.255542,18,0,0,5.35,185.96,13.72,0,11.8,0.26,normal,centre,standard,1
CMD-001592,2025-04-07 12:52:55.729288,12,0,0,7.45,102.51,12.73,1,23.9,0.88,pluie,centre,premium,1
CMD-001593,2025-04-07 14:20:18.203033,13,0,0,9.2,104.45,12.36,1,41.4,0.77,normal,proche_banlieue,standard,1
CMD-001594,2025-04-07 15:47:40.676779,7,0,0,1.92,13.03,0.65,0,13.5,0.68,normal,rurale,standard,1
CMD-001595,2025-04-07 17:15:03.150525,18,0,0,4.47,139.1,11.24,1,27.7,0.56,pluie,rurale,premium,1
CMD-001596,2025-04-07 18:42:25.624270,9,0,0,23.23,192.59,0.92,1,30.9,0.34,pluie,centre,premium,0
CMD-001597,2025-04-07 20:09:48.098016,17,0,0,12.83,242.52,10.24,0,25.9,0.72,normal,banlieue,standard,0
CMD-001598,2025-04-07 21:37:10.571761,18,0,0,5.29,224.13,16.25,1,22.5,0.29,normal,rurale,standard,1
CMD-001599,2025-04-07 23:04:33.045507,20,0,0,11.57,30.88,3.32,1,16.2,0.68,normal,banlieue,standard,1
CMD-001600,2025-04-08 00:31:55.519253,18,1,0,15.76,245.32,22.94,1,27.0,0.35,neige,centre,standard,1
CMD-001601,2025-04-08 01:59:17.992998,11,1,0,5.96,45.88,15.84,1,24.0,0.68,normal,banlieue,standard,1
CMD-001602,2025-04-08 03:26:40.466744,18,1,0,12.41,19.87,5.6,0,10.6,0.32,normal,proche_banlieue,standard,1
CMD-001603,2025-04-08 04:54:02.940490,20,1,0,11.24,189.74,9.97,1,36.0,0.28,normal,proche_banlieue,premium,1
CMD-001604,2025-04-08 06:21:25.414235,12,1,0,2.56,227.41,2.6,1,15.9,0.58,normal,proche_banlieue,standard,1
CMD-001605,2025-04-08 07:48:47.887981,8,1,0,5.99,237.95,0.75,1,10.9,0.77,normal,centre,premium,1
CMD-001606,2025-04-08 09:16:10.361726,21,1,0,19.59,207.99,22.91,1,19.0,0.39,normal,banlieue,premium,0
CMD-001607,2025-04-08 10:43:32.835472,9,1,0,22.8,59.18,16.94,1,16.1,0.6,normal,proche_banlieue,standard,1
CMD-001608,2025-04-08 12:10:55.309218,16,1,0,12.9,46.96,19.54,1,22.4,0.84,normal,centre,standard,1
CMD-001609,2025-04-08 13:38:17.782963,10,1,0,4.35,24.15,15.63,1,12.6,0.64,pluie,proche_banlieue,standard,1
CMD-001610,2025-04-08 15:05:40.256709,9,1,0,0.68,149.67,22.69,1,29.5,0.68,pluie,banlieue,standard,1
CMD-001611,2025-04-08 16:33:02.730455,19,1,0,3.87,126.93,22.42,1,38.8,0.38,pluie,proche_banlieue,standard,0
CMD-001612,2025-04-08 18:00:25.204200,9,1,0,2.24,36.23,1.64,1,26.1,0.3,normal,banlieue,standard,1
CMD-001613,2025-04-08 19:27:47.677946,17,1,0,20.55,121.56,4.9,1,10.6,0.32,orage,banlieue,standard,1
CMD-001614,2025-04-08 20:55:10.151691,18,1,0,1.24,146.16,10.02,1,15.9,0.98,normal,banlieue,standard,1
CMD-001615,2025-04-08 22:22:32.625437,7,1,0,2.62,183.51,8.66,1,27.2,0.27,pluie,proche_banlieue,standard,1
CMD-001616,2025-04-08 23:49:55.099183,9,1,0,8.26,109.41,13.23,1,5.3,0.32,pluie,proche_banlieue,premium,1
CMD-001617,2025-04-09 01:17:17.572928,19,2,0,7.05,86.4,6.81,1,12.7,0.36,normal,proche_banlieue,standard,1
CMD-001618,2025-04-09 02:44:40.046674,15,2,0,18.96,169.76,19.98,1,8.5,0.83,normal,proche_banlieue,standard,0
CMD-001619,2025-04-09 04:12:02.520420,8,2,0,10.76,174.21,0.39,1,26.2,0.52,pluie,proche_banlieue,standard,0
CMD-001620,2025-04-09 05:39:24.994165,22,2,0,6.33,74.9,19.83,1,46.6,0.83,normal,banlieue,premium,1
CMD-001621,2025-04-09 07:06:47.467911,11,2,0,16.13,14.76,9.96,1,12.4,0.54,orage,banlieue,standard,1
CMD-001622,2025-04-09 08:34:09.941656,7,2,0,5.18,236.97,0.33,1,33.2,0.84,pluie,centre,standard,1
CMD-001623,2025-04-09 10:01:32.415402,21,2,0,19.98,191.27,21.21,0,19.4,0.92,neige,rurale,premium,1
CMD-001624,2025-04-09 11:28:54.889148,7,2,0,3.44,58.27,11.28,1,11.8,0.56,normal,rurale,standard,1
CMD-001625,2025-04-09 12:56:17.362893,15,2,0,6.86,145.76,18.17,1,40.6,0.99,normal,centre,standard,1
CMD-001626,2025-04-09 14:23:39.836639,22,2,0,0.83,152.79,21.99,1,46.6,0.95,neige,rurale,premium,1
CMD-001627,2025-04-09 15:51:02.310385,16,2,0,13.36,40.24,1.05,1,29.1,0.21,pluie,proche_banlieue,premium,0
CMD-001628,2025-04-09 17:18:24.784130,16,2,0,7.92,56.0,6.7,1,28.6,0.65,normal,centre,standard,0
CMD-001629,2025-04-09 18:45:47.257876,13,2,0,20.02,239.61,3.15,1,25.6,0.73,normal,banlieue,premium,1
CMD-001630,2025-04-09 20:13:09.731621,9,2,0,5.82,131.92,2.63,0,23.5,0.87,normal,centre,premium,1
CMD-001631,2025-04-09 21:40:32.205367,16,2,0,1.9,55.95,23.65,0,28.4,0.74,neige,banlieue,premium,1
CMD-001632,2025-04-09 23:07:54.679113,21,2,0,9.81,201.42,20.18,0,31.8,0.75,pluie,banlieue,standard,0
CMD-001633,2025-04-10 00:35:17.152858,8,3,0,4.58,122.94,9.25,0,41.6,0.43,normal,proche_banlieue,standard,1
CMD-001634,2025-04-10 02:02:39.626604,21,3,0,12.08,163.22,17.24,1,19.8,0.86,orage,proche_banlieue,standard,1
CMD-001635,2025-04-10 03:30:02.100350,13,3,0,3.5,81.4,23.0,1,26.3,0.25,normal,centre,standard,0
CMD-001636,2025-04-10 04:57:24.574095,15,3,0,17.71,23.9,5.68,1,24.1,0.73,normal,proche_banlieue,standard,0
CMD-001637,2025-04-10 06:24:47.047841,9,3,0,7.44,49.59,0.55,1,35.2,0.36,normal,proche_banlieue,standard,1
CMD-001638,2025-04-10 07:52:09.521586,16,3,0,6.35,243.53,20.64,1,49.0,0.81,normal,banlieue,standard,1
CMD-001639,2025-04-10 09:19:31.995332,9,3,0,16.93,159.66,18.12,1,35.6,0.83,normal,rurale,standard,0
CMD-001640,2025-04-10 10:46:54.469078,11,3,0,13.49,209.46,4.17,1,33.0,0.34,normal,proche_banlieue,standard,0
CMD-001641,2025-04-10 12:14:16.942823,18,3,0,3.93,15.16,12.34,1,34.1,0.83,normal,proche_banlieue,premium,1
CMD-001642,2025-04-10 13:41:39.416569,7,3,0,13.23,193.71,4.18,1,37.7,0.87,neige,proche_banlieue,premium,1
CMD-001643,2025-04-10 15:09:01.890315,14,3,0,11.42,126.39,15.14,0,49.1,0.24,normal,proche_banlieue,standard,0
CMD-001644,2025-04-10 16:36:24.364060,16,3,0,6.62,169.67,16.26,1,8.1,0.54,normal,centre,standard,1
CMD-001645,2025-04-10 18:03:46.837806,9,3,0,12.51,95.97,7.06,1,31.0,0.35,normal,proche_banlieue,premium,1
CMD-001646,2025-04-10 19:31:09.311551,11,3,0,17.65,159.01,19.56,1,5.0,0.3,normal,proche_banlieue,standard,0
CMD-001647,2025-04-10 20:58:31.785297,12,3,0,6.77,18.55,11.95,1,34.5,0.84,pluie,banlieue,standard,1
CMD-001648,2025-04-10 22:25:54.259043,17,3,0,6.79,20.94,17.72,1,30.5,0.43,orage,centre,standard,1
CMD-001649,2025-04-10 23:53:16.732788,22,3,0,6.51,201.72,16.07,1,19.5,0.72,normal,proche_banlieue,premium,1
CMD-001650,2025-04-11 01:20:39.206534,20,4,0,3.8,39.87,11.38,1,5.0,0.2,normal,banlieue,standard,1
CMD-001651,2025-04-11 02:48:01.680280,10,4,0,6.72,13.36,7.46,1,24.9,0.26,normal,banlieue,premium,1
CMD-001652,2025-04-11 04:15:24.154025,7,4,0,6.16,228.99,5.27,0,27.2,0.69,normal,proche_banlieue,standard,1
CMD-001653,2025-04-11 05:42:46.627771,7,4,0,5.89,73.73,18.7,1,24.4,0.5,normal,rurale,standard,0
CMD-001654,2025-04-11 07:10:09.101516,16,4,0,5.82,149.77,16.12,1,18.8,0.9,normal,banlieue,standard,1
CMD-001655,2025-04-11 08:37:31.575262,9,4,0,2.62,211.34,7.17,1,16.0,0.27,pluie,banlieue,standard,0
CMD-001656,2025-04-11 10:04:54.049008,10,4,0,14.42,189.02,24.18,1,24.5,0.7,pluie,banlieue,premium,1
CMD-001657,2025-04-11 11:32:16.522753,20,4,0,4.46,21.19,20.3,1,17.0,0.76,normal,banlieue,standard,1
CMD-001658,2025-04-11 12:59:38.996499,20,4,0,18.31,144.63,3.34,1,33.1,0.69,normal,rurale,standard,1
CMD-001659,2025-04-11 14:27:01.470245,20,4,0,3.16,140.03,4.23,1,24.2,0.74,pluie,centre,premium,1
CMD-001660,2025-04-11 15:54:23.943990,11,4,0,21.1,94.02,13.69,1,7.8,0.4,normal,proche_banlieue,standard,1
CMD-001661,2025-04-11 17:21:46.417736,16,4,0,5.38,190.86,2.74,1,26.8,0.81,normal,banlieue,standard,1
CMD-001662,2025-04-11 18:49:08.891481,16,4,0,13.34,241.36,24.12,0,29.1,0.64,normal,centre,standard,0
CMD-001663,2025-04-11 20:16:31.365227,9,4,0,7.87,45.32,16.02,1,41.2,0.83,normal,centre,standard,1
CMD-001664,2025-04-11 21:43:53.838973,15,4,0,2.29,44.85,1.84,1,34.3,0.3,normal,proche_banlieue,premium,1
CMD-001665,2025-04-11 23:11:16.312718,15,4,0,2.41,186.34,11.2,1,16.0,0.3,pluie,proche_banlieue,standard,1
CMD-001666,2025-04-12 00:38:38.786464,13,5,1,4.16,119.06,5.7,0,39.3,0.52,normal,banlieue,standard,0
CMD-001667,2025-04-12 02:06:01.260210,19,5,1,5.14,200.85,12.36,1,11.1,0.51,pluie,proche_banlieue,standard,1
CMD-001668,2025-04-12 03:33:23.733955,17,5,1,6.94,43.86,6.33,1,25.3,0.3,normal,centre,standard,1
CMD-001669,2025-04-12 05:00:46.207701,15,5,1,9.14,19.57,20.83,1,32.5,0.26,normal,banlieue,premium,1
CMD-001670,2025-04-12 06:28:08.681446,18,5,1,6.27,177.5,18.08,1,39.6,0.26,neige,centre,standard,1
CMD-001671,2025-04-12 07:55:31.155192,19,5,1,8.79,248.73,22.68,0,43.9,0.24,normal,rurale,standard,0
CMD-001672,2025-04-12 09:22:53.628938,16,5,1,9.84,32.75,5.11,1,37.7,0.23,normal,proche_banlieue,premium,0
CMD-001673,2025-04-12 10:50:16.102683,11,5,1,6.05,217.44,9.76,1,23.6,0.85,pluie,centre,standard,1
CMD-001674,2025-04-12 12:17:38.576429,19,5,1,11.29,102.47,20.18,1,30.8,0.95,neige,proche_banlieue,premium,0
CMD-001675,2025-04-12 13:45:01.050175,18,5,1,13.08,14.03,9.47,1,27.2,0.54,normal,banlieue,standard,1
CMD-001676,2025-04-12 15:12:23.523920,22,5,1,10.02,132.41,9.6,1,17.9,0.35,normal,rurale,standard,1
CMD-001677,2025-04-12 16:39:45.997666,9,5,1,10.43,76.93,24.65,1,23.8,0.46,pluie,proche_banlieue,standard,0
CMD-001678,2025-04-12 18:07:08.471411,13,5,1,8.23,176.42,19.32,1,43.0,0.85,orage,rurale,premium,1
CMD-001679,2025-04-12 19:34:30.945157,21,5,1,15.27,79.08,21.55,0,31.5,0.94,neige,proche_banlieue,standard,0
CMD-001680,2025-04-12 21:01:53.418903,15,5,1,7.06,125.61,10.29,1,45.6,0.39,normal,centre,premium,1
CMD-001681,2025-04-12 22:29:15.892648,22,5,1,4.22,58.14,14.73,1,14.2,0.22,pluie,proche_banlieue,premium,0
CMD-001682,2025-04-12 23:56:38.366394,7,5,1,7.22,208.74,11.37,0,21.2,0.45,normal,banlieue,standard,0
CMD-001683,2025-04-13 01:24:00.840140,7,6,1,2.33,232.1,11.37,1,29.2,0.51,normal,centre,standard,1
CMD-001684,2025-04-13 02:51:23.313885,19,6,1,2.07,106.8,3.37,1,32.4,0.2,normal,centre,premium,1
CMD-001685,2025-04-13 04:18:45.787631,12,6,1,13.12,117.73,21.08,1,23.8,0.75,normal,banlieue,standard,1
CMD-001686,2025-04-13 05:46:08.261376,15,6,1,18.51,245.84,9.89,0,33.0,0.3,pluie,proche_banlieue,premium,0
CMD-001687,2025-04-13 07:13:30.735122,13,6,1,5.51,44.11,14.63,1,32.9,0.27,normal,banlieue,standard,1
CMD-001688,2025-04-13 08:40:53.208868,13,6,1,13.2,204.07,21.46,1,11.1,0.78,pluie,centre,standard,1
CMD-001689,2025-04-13 10:08:15.682613,22,6,1,1.08,146.15,19.38,1,32.5,0.82,normal,proche_banlieue,standard,1
CMD-001690,2025-04-13 11:35:38.156359,8,6,1,10.04,221.38,5.12,1,35.7,0.35,normal,proche_banlieue,standard,1
CMD-001691,2025-04-13 13:03:00.630105,19,6,1,7.08,80.18,15.54,1,28.0,0.81,normal,rurale,premium,1
CMD-001692,2025-04-13 14:30:23.103850,21,6,1,20.52,81.08,12.49,1,6.6,0.44,pluie,centre,standard,0
CMD-001693,2025-04-13 15:57:45.577596,17,6,1,6.35,88.2,6.65,1,22.2,0.45,normal,centre,premium,1
CMD-001694,2025-04-13 17:25:08.051341,13,6,1,2.96,13.99,1.21,0,29.4,0.3,pluie,centre,standard,1
CMD-001695,2025-04-13 18:52:30.525087,9,6,1,1.8,50.77,15.82,1,16.3,0.38,pluie,rurale,premium,1
CMD-001696,2025-04-13 20:19:52.998833,17,6,1,7.21,248.7,19.54,0,34.2,0.23,normal,centre,standard,0
CMD-001697,2025-04-13 21:47:15.472578,14,6,1,8.22,69.75,23.55,1,32.3,0.74,normal,banlieue,standard,0
CMD-001698,2025-04-13 23:14:37.946324,9,6,1,6.06,14.78,9.0,0,26.3,0.88,normal,proche_banlieue,standard,1
CMD-001699,2025-04-14 00:42:00.420070,12,0,0,13.4,76.85,10.1,1,25.2,0.24,normal,banlieue,standard,1
CMD-001700,2025-04-14 02:09:22.893815,22,0,0,17.2,108.01,4.24,1,26.9,0.4,normal,proche_banlieue,premium,1
CMD-001701,2025-04-14 03:36:45.367561,11,0,0,5.46,141.47,24.62,1,25.0,0.48,normal,proche_banlieue,standard,1
CMD-001702,2025-04-14 05:04:07.841306,9,0,0,1.31,26.46,21.27,1,12.1,0.51,normal,rurale,standard,1
CMD-001703,2025-04-14 06:31:30.315052,17,0,0,8.82,199.7,23.95,1,20.7,0.86,normal,centre,premium,1
CMD-001704,2025-04-14 07:58:52.788798,10,0,0,15.48,208.12,12.48,1,25.7,0.23,normal,banlieue,standard,0
CMD-001705,2025-04-14 09:26:15.262543,21,0,0,5.48,61.16,5.4,1,39.2,0.69,orage,rurale,standard,0
CMD-001706,2025-04-14 10:53:37.736289,20,0,0,10.42,201.62,14.41,1,31.9,0.63,pluie,centre,standard,1
CMD-001707,2025-04-14 12:21:00.210035,22,0,0,2.76,96.74,9.43,1,39.7,0.87,normal,banlieue,standard,1
CMD-001708,2025-04-14 13:48:22.683780,21,0,0,8.67,111.55,8.83,1,11.0,0.44,normal,centre,standard,0
CMD-001709,2025-04-14 15:15:45.157526,10,0,0,10.56,234.73,2.24,0,21.4,0.28,normal,centre,standard,0
CMD-001710,2025-04-14 16:43:07.631271,10,0,0,8.85,224.06,2.01,1,45.7,0.3,normal,centre,premium,1
CMD-001711,2025-04-14 18:10:30.105017,12,0,0,24.09,100.03,9.59,1,17.6,0.7,normal,banlieue,premium,0
CMD-001712,2025-04-14 19:37:52.578763,14,0,0,18.36,127.15,23.17,1,17.4,0.64,neige,centre,premium,1
CMD-001713,2025-04-14 21:05:15.052508,21,0,0,11.76,78.77,18.13,1,22.3,0.67,normal,proche_banlieue,standard,1
CMD-001714,2025-04-14 22:32:37.526254,18,0,0,14.52,133.7,19.06,1,45.2,0.31,normal,banlieue,standard,0
CMD-001715,2025-04-15 00:00:00.000000,17,1,0,8.63,173.66,6.01,0,18.3,0.23,normal,centre,standard,0
CMD-001716,2025-04-15 01:27:22.473745,21,1,0,6.85,32.24,18.42,0,30.6,0.65,normal,centre,premium,1
CMD-001717,2025-04-15 02:54:44.947491,17,1,0,5.03,230.76,10.28,1,28.9,0.26,orage,centre,standard,1
CMD-001718,2025-04-15 04:22:07.421236,13,1,0,2.71,182.53,1.67,1,5.7,0.94,normal,centre,standard,1
CMD-001719,2025-04-15 05:49:29.894982,13,1,0,18.93,33.22,9.99,1,24.8,0.84,normal,proche_banlieue,premium,0
CMD-001720,2025-04-15 07:16:52.368728,15,1,0,24.7,218.56,3.46,1,19.5,0.34,normal,proche_banlieue,standard,0
CMD-001721,2025-04-15 08:44:14.842473,8,1,0,7.34,188.48,21.37,1,31.8,0.68,normal,rurale,standard,1
CMD-001722,2025-04-15 10:11:37.316219,18,1,0,7.43,85.15,21.04,1,42.4,0.31,normal,banlieue,standard,0
CMD-001723,2025-04-15 11:38:59.789964,17,1,0,10.87,135.14,7.33,1,21.6,0.95,normal,rurale,standard,0
CMD-001724,2025-04-15 13:06:22.263710,18,1,0,6.37,216.43,15.38,0,21.6,0.67,pluie,banlieue,standard,0
CMD-001725,2025-04-15 14:33:44.737456,15,1,0,3.03,242.35,9.22,1,50.2,0.45,normal,rurale,standard,1
CMD-001726,2025-04-15 16:01:07.211201,19,1,0,2.26,77.46,4.02,1,17.9,0.74,normal,centre,standard,1
CMD-001727,2025-04-15 17:28:29.684947,22,1,0,24.14,166.13,16.31,1,11.6,0.2,normal,centre,premium,0
CMD-001728,2025-04-15 18:55:52.158693,16,1,0,1.52,216.46,19.05,1,38.8,0.43,normal,proche_banlieue,premium,1
CMD-001729,2025-04-15 20:23:14.632438,14,1,0,9.09,247.16,19.41,1,24.5,0.39,normal,proche_banlieue,standard,0
CMD-001730,2025-04-15 21:50:37.106184,8,1,0,1.74,26.97,3.9,0,27.8,0.48,normal,banlieue,standard,1
CMD-001731,2025-04-15 23:17:59.579929,19,1,0,6.62,130.87,12.91,1,47.3,0.27,pluie,proche_banlieue,standard,1
CMD-001732,2025-04-16 00:45:22.053675,21,2,0,5.44,219.68,0.79,1,11.0,0.97,normal,rurale,standard,1
CMD-001733,2025-04-16 02:12:44.527421,18,2,0,2.03,10.76,2.44,1,23.0,0.57,normal,centre,premium,1
CMD-001734,2025-04-16 03:40:07.001166,20,2,0,11.13,114.94,2.21,1,12.6,0.89,normal,proche_banlieue,standard,1
CMD-001735,2025-04-16 05:07:29.474912,20,2,0,2.84,150.21,1.62,1,28.4,0.25,pluie,banlieue,standard,1
CMD-001736,2025-04-16 06:34:51.948658,19,2,0,1.77,136.36,8.48,0,19.5,0.88,normal,centre,standard,1
CMD-001737,2025-04-16 08:02:14.422403,15,2,0,11.99,185.87,9.07,1,13.3,0.72,pluie,banlieue,premium,1
CMD-001738,2025-04-16 09:29:36.896149,8,2,0,5.46,25.73,17.51,0,32.3,0.74,normal,banlieue,standard,0
CMD-001739,2025-04-16 10:56:59.369894,7,2,0,3.85,198.5,8.38,1,25.1,0.85,pluie,centre,standard,1
CMD-001740,2025-04-16 12:24:21.843640,10,2,0,12.5,77.96,3.68,0,12.5,0.62,normal,proche_banlieue,premium,1
CMD-001741,2025-04-16 13:51:44.317386,13,2,0,2.71,207.82,23.68,0,13.1,0.71,pluie,banlieue,standard,1
CMD-001742,2025-04-16 15:19:06.791131,18,2,0,1.35,110.68,21.91,1,27.1,0.92,normal,banlieue,premium,1
CMD-001743,2025-04-16 16:46:29.264877,14,2,0,16.45,20.3,3.28,1,8.3,0.3,orage,proche_banlieue,standard,1
CMD-001744,2025-04-16 18:13:51.738623,7,2,0,21.97,241.34,9.2,0,27.3,0.24,neige,banlieue,standard,0
CMD-001745,2025-04-16 19:41:14.212368,10,2,0,6.48,197.33,4.37,0,38.4,0.99,normal,centre,standard,1
CMD-001746,2025-04-16 21:08:36.686114,22,2,0,6.42,93.48,23.99,1,31.7,0.91,pluie,proche_banlieue,standard,1
CMD-001747,2025-04-16 22:35:59.159859,22,2,0,12.99,74.81,9.03,0,18.8,0.61,normal,centre,standard,1
CMD-001748,2025-04-17 00:03:21.633605,13,3,0,15.36,151.35,2.63,0,27.7,0.82,neige,proche_banlieue,standard,0
CMD-001749,2025-04-17 01:30:44.107351,19,3,0,3.0,246.95,18.23,1,12.5,0.91,normal,centre,standard,1
CMD-001750,2025-04-17 02:58:06.581096,18,3,0,5.67,79.64,17.85,1,26.4,0.57,normal,banlieue,standard,1
CMD-001751,2025-04-17 04:25:29.054842,21,3,0,8.58,237.59,6.18,1,21.7,0.28,normal,rurale,standard,1
CMD-001752,2025-04-17 05:52:51.528588,21,3,0,12.48,89.29,8.17,1,14.6,0.58,neige,rurale,standard,1
CMD-001753,2025-04-17 07:20:14.002333,17,3,0,11.59,178.98,10.49,0,31.2,0.48,neige,proche_banlieue,standard,0
CMD-001754,2025-04-17 08:47:36.476079,13,3,0,10.33,101.62,6.84,0,5.2,0.22,normal,banlieue,standard,0
CMD-001755,2025-04-17 10:14:58.949824,17,3,0,15.33,30.41,7.36,1,13.1,0.97,normal,rurale,standard,1
CMD-001756,2025-04-17 11:42:21.423570,12,3,0,6.84,234.69,20.08,1,14.3,0.77,pluie,proche_banlieue,standard,1
CMD-001757,2025-04-17 13:09:43.897316,12,3,0,19.04,49.34,18.85,1,20.0,0.83,normal,proche_banlieue,standard,1
CMD-001758,2025-04-17 14:37:06.371061,16,3,0,4.59,236.73,17.38,1,38.0,0.68,orage,centre,standard,1
CMD-001759,2025-04-17 16:04:28.844807,16,3,0,11.71,34.79,17.23,1,32.5,0.42,normal,centre,standard,1
CMD-001760,2025-04-17 17:31:51.318553,16,3,0,5.14,74.07,13.14,1,26.1,0.67,normal,rurale,standard,1
CMD-001761,2025-04-17 18:59:13.792298,13,3,0,6.56,231.02,8.9,1,25.6,0.74,normal,centre,standard,1
CMD-001762,2025-04-17 20:26:36.266044,13,3,0,7.36,168.05,18.07,1,24.9,0.68,orage,centre,standard,1
CMD-001763,2025-04-17 21:53:58.739789,7,3,0,4.91,55.48,3.09,0,38.7,0.3,normal,banlieue,premium,0
CMD-001764,2025-04-17 23:21:21.213535,16,3,0,15.78,152.1,3.7,1,6.8,0.85,orage,banlieue,standard,0
CMD-001765,2025-04-18 00:48:43.687281,16,4,0,5.34,53.29,3.33,1,32.7,0.44,normal,centre,standard,1
CMD-001766,2025-04-18 02:16:06.161026,21,4,0,7.08,219.87,18.37,0,19.9,0.52,normal,banlieue,standard,1
CMD-001767,2025-04-18 03:43:28.634772,15,4,0,10.78,21.96,14.87,0,30.0,0.64,normal,proche_banlieue,standard,0
CMD-001768,2025-04-18 05:10:51.108518,14,4,0,31.03,137.15,11.36,1,30.1,0.98,pluie,centre,standard,1
CMD-001769,2025-04-18 06:38:13.582263,8,4,0,11.05,25.23,12.01,1,32.3,0.45,normal,proche_banlieue,standard,1
CMD-001770,2025-04-18 08:05:36.056009,10,4,0,7.55,176.81,20.72,1,40.8,0.23,normal,banlieue,standard,1
CMD-001771,2025-04-18 09:32:58.529754,12,4,0,1.12,234.59,3.22,1,11.3,0.98,pluie,centre,standard,1
CMD-001772,2025-04-18 11:00:21.003500,13,4,0,6.42,209.46,9.7,1,35.1,0.97,normal,centre,standard,1
CMD-001773,2025-04-18 12:27:43.477246,12,4,0,4.23,99.21,19.05,1,24.4,0.36,pluie,rurale,standard,1
CMD-001774,2025-04-18 13:55:05.950991,13,4,0,5.61,66.86,16.51,1,20.4,0.86,pluie,rurale,standard,1
CMD-001775,2025-04-18 15:22:28.424737,19,4,0,5.05,39.05,10.99,1,45.3,0.94,normal,proche_banlieue,standard,1
CMD-001776,2025-04-18 16:49:50.898483,9,4,0,10.7,219.67,5.76,0,32.0,0.21,normal,centre,standard,0
CMD-001777,2025-04-18 18:17:13.372228,12,4,0,6.32,29.47,23.67,1,20.8,0.8,normal,centre,premium,1
CMD-001778,2025-04-18 19:44:35.845974,9,4,0,3.44,160.92,10.32,1,34.6,0.34,normal,centre,standard,1
CMD-001779,2025-04-18 21:11:58.319719,11,4,0,13.36,98.14,21.97,1,24.5,0.86,pluie,centre,standard,1
CMD-001780,2025-04-18 22:39:20.793465,17,4,0,2.46,248.99,19.49,1,20.7,0.22,normal,banlieue,standard,1
CMD-001781,2025-04-19 00:06:43.267211,7,5,1,7.29,132.12,21.57,1,18.9,0.75,orage,centre,standard,1
CMD-001782,2025-04-19 01:34:05.740956,12,5,1,6.46,141.71,0.62,1,28.0,0.85,normal,centre,standard,1
CMD-001783,2025-04-19 03:01:28.214702,7,5,1,9.28,230.29,12.04,0,18.9,0.23,normal,banlieue,standard,1
CMD-001784,2025-04-19 04:28:50.688448,22,5,1,15.44,242.71,6.63,0,26.6,0.81,normal,centre,standard,0
CMD-001785,2025-04-19 05:56:13.162193,18,5,1,34.1,150.07,7.0,0,33.9,0.3,normal,centre,premium,0
CMD-001786,2025-04-19 07:23:35.635939,10,5,1,7.54,201.08,6.89,1,26.1,0.26,orage,proche_banlieue,premium,1
CMD-001787,2025-04-19 08:50:58.109684,10,5,1,4.18,162.34,9.85,1,44.8,0.94,pluie,centre,standard,0
CMD-001788,2025-04-19 10:18:20.583430,8,5,1,3.85,112.58,10.39,1,25.1,0.94,normal,banlieue,standard,1
CMD-001789,2025-04-19 11:45:43.057176,14,5,1,3.84,23.76,15.92,1,38.5,0.79,orage,centre,premium,1
CMD-001790,2025-04-19 13:13:05.530921,19,5,1,9.04,182.26,7.65,1,34.8,0.91,normal,centre,standard,1
CMD-001791,2025-04-19 14:40:28.004667,16,5,1,0.84,178.06,6.96,1,40.3,0.21,normal,proche_banlieue,standard,1
CMD-001792,2025-04-19 16:07:50.478413,21,5,1,2.32,38.01,9.14,1,44.7,0.61,pluie,banlieue,premium,0
CMD-001793,2025-04-19 17:35:12.952158,12,5,1,9.04,65.22,17.23,0,7.4,0.9,normal,centre,standard,1
CMD-001794,2025-04-19 19:02:35.425904,11,5,1,13.82,185.71,0.2,1,27.7,0.91,normal,rurale,standard,1
CMD-001795,2025-04-19 20:29:57.899649,14,5,1,13.88,45.93,18.72,0,23.9,0.49,pluie,rurale,standard,0
CMD-001796,2025-04-19 21:57:20.373395,10,5,1,7.81,175.82,8.61,1,26.1,0.46,normal,proche_banlieue,premium,1
CMD-001797,2025-04-19 23:24:42.847141,22,5,1,12.63,182.31,14.49,1,21.0,0.76,normal,centre,standard,1
CMD-001798,2025-04-20 00:52:05.320886,9,6,1,15.62,94.8,19.09,1,19.6,0.25,neige,centre,standard,1
CMD-001799,2025-04-20 02:19:27.794632,14,6,1,5.28,71.96,12.87,1,14.0,0.82,normal,rurale,standard,1
CMD-001800,2025-04-20 03:46:50.268378,15,6,1,14.57,99.53,16.25,0,26.0,0.4,pluie,centre,standard,0
CMD-001801,2025-04-20 05:14:12.742123,7,6,1,1.63,96.21,23.01,1,34.3,0.62,neige,centre,standard,1
CMD-001802,2025-04-20 06:41:35.215869,14,6,1,2.26,155.68,0.94,1,20.1,0.35,normal,proche_banlieue,standard,1
CMD-001803,2025-04-20 08:08:57.689614,14,6,1,5.53,188.52,8.87,1,21.7,0.79,normal,centre,standard,1
CMD-001804,2025-04-20 09:36:20.163360,11,6,1,1.42,216.82,23.19,1,18.0,0.97,neige,centre,standard,1
CMD-001805,2025-04-20 11:03:42.637106,9,6,1,10.83,17.2,20.97,1,15.1,0.63,normal,centre,standard,1
CMD-001806,2025-04-20 12:31:05.110851,7,6,1,4.67,184.37,15.5,1,22.6,0.96,normal,banlieue,premium,1
CMD-001807,2025-04-20 13:58:27.584597,7,6,1,6.51,85.4,5.89,1,28.4,0.52,normal,centre,premium,1
CMD-001808,2025-04-20 15:25:50.058343,14,6,1,6.7,211.27,8.4,1,37.6,0.43,normal,banlieue,standard,1
CMD-001809,2025-04-20 16:53:12.532088,8,6,1,5.42,28.17,21.48,1,13.1,0.87,normal,proche_banlieue,premium,1
CMD-001810,2025-04-20 18:20:35.005834,22,6,1,3.81,142.28,17.52,1,24.7,0.23,pluie,centre,standard,1
CMD-001811,2025-04-20 19:47:57.479579,10,6,1,10.46,141.68,7.28,1,36.8,0.42,normal,banlieue,standard,0
CMD-001812,2025-04-20 21:15:19.953325,17,6,1,4.59,88.36,3.48,1,13.2,0.75,normal,banlieue,standard,1
CMD-001813,2025-04-20 22:42:42.427071,17,6,1,6.63,242.87,19.56,1,37.7,0.35,neige,banlieue,standard,0
CMD-001814,2025-04-21 00:10:04.900816,14,0,0,9.35,35.66,14.49,1,20.6,0.91,normal,centre,standard,1
CMD-001815,2025-04-21 01:37:27.374562,21,0,0,15.53,42.74,24.09,1,32.1,0.59,normal,banlieue,standard,1
CMD-001816,2025-04-21 03:04:49.848308,8,0,0,14.72,164.62,10.28,1,22.8,0.4,neige,banlieue,standard,1
CMD-001817,2025-04-21 04:32:12.322053,10,0,0,4.93,133.43,8.86,1,29.6,0.5,normal,rurale,premium,1
CMD-001818,2025-04-21 05:59:34.795799,11,0,0,3.65,73.47,7.41,1,41.1,0.43,normal,banlieue,standard,0
CMD-001819,2025-04-21 07:26:57.269544,9,0,0,17.68,83.03,12.15,1,23.8,0.76,pluie,proche_banlieue,premium,1
CMD-001820,2025-04-21 08:54:19.743290,11,0,0,4.57,47.69,8.2,0,35.0,0.29,normal,banlieue,standard,1
CMD-001821,2025-04-21 10:21:42.217036,12,0,0,10.17,218.26,2.02,0,27.7,0.88,normal,centre,standard,1
CMD-001822,2025-04-21 11:49:04.690781,19,0,0,1.34,146.68,7.94,1,17.1,0.32,neige,proche_banlieue,standard,1
CMD-001823,2025-04-21 13:16:27.164527,11,0,0,0.82,68.76,5.63,1,23.5,0.43,normal,banlieue,standard,1
CMD-001824,2025-04-21 14:43:49.638273,21,0,0,7.54,104.42,20.42,1,22.9,0.7,neige,proche_banlieue,standard,0
CMD-001825,2025-04-21 16:11:12.112018,19,0,0,5.96,227.6,6.04,1,10.9,0.48,normal,centre,standard,1
CMD-001826,2025-04-21 17:38:34.585764,21,0,0,12.05,222.84,11.58,1,29.6,0.61,neige,centre,standard,0
CMD-001827,2025-04-21 19:05:57.059509,8,0,0,3.85,26.59,16.88,0,31.6,0.66,normal,centre,standard,1
CMD-001828,2025-04-21 20:33:19.533255,22,0,0,8.85,166.98,3.9,1,33.1,0.41,normal,banlieue,premium,1
CMD-001829,2025-04-21 22:00:42.007001,16,0,0,11.61,46.71,13.38,1,39.3,0.63,normal,banlieue,standard,1
CMD-001830,2025-04-21 23:28:04.480746,22,0,0,3.98,60.61,21.21,1,34.5,0.95,normal,banlieue,standard,1
CMD-001831,2025-04-22 00:55:26.954492,12,1,0,5.52,217.41,14.69,1,19.0,0.2,normal,rurale,standard,1
CMD-001832,2025-04-22 02:22:49.428238,22,1,0,2.7,224.85,12.16,0,21.1,0.68,pluie,proche_banlieue,standard,1
CMD-001833,2025-04-22 03:50:11.901983,16,1,0,12.35,29.85,21.0,1,33.4,0.46,pluie,banlieue,standard,0
CMD-001834,2025-04-22 05:17:34.375729,8,1,0,10.56,219.74,23.69,1,28.9,0.89,normal,proche_banlieue,standard,1
CMD-001835,2025-04-22 06:44:56.849474,13,1,0,11.12,184.84,20.56,1,24.8,0.28,pluie,banlieue,standard,0
CMD-001836,2025-04-22 08:12:19.323220,9,1,0,5.94,196.17,10.33,1,16.3,0.25,normal,banlieue,standard,1
CMD-001837,2025-04-22 09:39:41.796966,22,1,0,10.43,200.04,15.37,1,19.7,0.52,normal,rurale,standard,0
CMD-001838,2025-04-22 11:07:04.270711,11,1,0,6.36,131.74,13.26,1,30.8,0.74,normal,banlieue,standard,1
CMD-001839,2025-04-22 12:34:26.744457,10,1,0,19.69,237.26,7.72,1,5.5,0.21,pluie,centre,premium,1
CMD-001840,2025-04-22 14:01:49.218203,15,1,0,7.1,58.09,11.0,1,5.0,0.85,normal,banlieue,premium,1
CMD-001841,2025-04-22 15:29:11.691948,13,1,0,14.15,131.19,20.77,1,31.9,0.47,normal,centre,standard,1
CMD-001842,2025-04-22 16:56:34.165694,8,1,0,5.97,86.45,7.65,0,19.7,0.94,normal,proche_banlieue,premium,1
CMD-001843,2025-04-22 18:23:56.639439,20,1,0,17.01,207.38,22.26,1,29.7,0.92,normal,centre,standard,1
CMD-001844,2025-04-22 19:51:19.113185,20,1,0,3.64,29.85,24.79,1,40.8,0.81,normal,proche_banlieue,standard,1
CMD-001845,2025-04-22 21:18:41.586931,18,1,0,9.66,114.08,7.81,0,14.9,0.79,normal,banlieue,standard,1
CMD-001846,2025-04-22 22:46:04.060676,16,1,0,4.27,195.63,3.24,1,8.3,0.68,normal,centre,standard,1
CMD-001847,2025-04-23 00:13:26.534422,13,2,0,8.57,84.96,23.94,0,22.2,0.84,normal,centre,premium,0
CMD-001848,2025-04-23 01:40:49.008168,15,2,0,4.59,67.71,4.44,1,18.2,0.34,normal,proche_banlieue,premium,1
CMD-001849,2025-04-23 03:08:11.481913,15,2,0,7.08,73.01,19.33,1,24.7,0.85,normal,centre,standard,1
CMD-001850,2025-04-23 04:35:33.955659,9,2,0,5.14,181.26,1.17,1,30.4,0.65,neige,centre,standard,1
CMD-001851,2025-04-23 06:02:56.429404,8,2,0,11.32,78.83,6.04,0,28.3,0.83,normal,banlieue,standard,1
CMD-001852,2025-04-23 07:30:18.903150,11,2,0,9.95,106.64,6.65,1,25.5,0.6,normal,banlieue,standard,1
CMD-001853,2025-04-23 08:57:41.376896,14,2,0,4.15,140.96,7.57,1,35.6,0.7,normal,proche_banlieue,standard,1
CMD-001854,2025-04-23 10:25:03.850641,9,2,0,4.05,235.78,23.0,1,31.7,0.47,normal,centre,standard,1
CMD-001855,2025-04-23 11:52:26.324387,8,2,0,3.37,200.64,4.55,1,23.2,0.54,normal,proche_banlieue,standard,1
CMD-001856,2025-04-23 13:19:48.798133,20,2,0,2.82,54.47,4.51,1,31.4,0.49,normal,rurale,standard,1
CMD-001857,2025-04-23 14:47:11.271878,12,2,0,11.86,221.94,17.35,1,9.5,0.79,normal,proche_banlieue,standard,1
CMD-001858,2025-04-23 16:14:33.745624,16,2,0,3.21,212.74,23.82,1,35.6,0.36,neige,proche_banlieue,premium,1
CMD-001859,2025-04-23 17:41:56.219369,15,2,0,9.1,188.85,9.85,1,25.2,0.94,normal,proche_banlieue,standard,1
CMD-001860,2025-04-23 19:09:18.693115,18,2,0,4.79,134.06,19.37,1,13.0,0.86,pluie,centre,standard,1
CMD-001861,2025-04-23 20:36:41.166861,18,2,0,13.87,26.76,0.97,1,20.8,0.89,normal,centre,standard,0
CMD-001862,2025-04-23 22:04:03.640606,11,2,0,22.85,180.76,20.64,1,35.4,0.93,pluie,banlieue,standard,1
CMD-001863,2025-04-23 23:31:26.114352,20,2,0,0.18,134.4,18.14,1,17.3,0.55,pluie,centre,standard,1
CMD-001864,2025-04-24 00:58:48.588098,12,3,0,3.6,84.35,22.44,1,29.1,0.91,normal,banlieue,premium,1
CMD-001865,2025-04-24 02:26:11.061843,20,3,0,4.73,12.39,16.01,1,33.8,0.56,normal,proche_banlieue,standard,1
CMD-001866,2025-04-24 03:53:33.535589,13,3,0,6.1,65.45,23.55,1,25.2,0.28,normal,proche_banlieue,standard,1
CMD-001867,2025-04-24 05:20:56.009334,8,3,0,5.82,155.37,9.87,0,16.4,0.24,pluie,proche_banlieue,standard,0
CMD-001868,2025-04-24 06:48:18.483080,19,3,0,2.23,36.95,18.37,1,24.4,0.25,normal,centre,standard,1
CMD-001869,2025-04-24 08:15:40.956826,7,3,0,23.16,167.3,18.19,1,10.9,0.35,normal,proche_banlieue,standard,1
CMD-001870,2025-04-24 09:43:03.430571,19,3,0,5.98,206.72,6.86,1,20.1,0.49,normal,proche_banlieue,standard,1
CMD-001871,2025-04-24 11:10:25.904317,7,3,0,9.92,86.36,23.03,1,13.9,0.98,pluie,banlieue,standard,1
CMD-001872,2025-04-24 12:37:48.378063,10,3,0,10.13,29.68,19.52,1,24.5,0.39,normal,banlieue,premium,0
CMD-001873,2025-04-24 14:05:10.851808,16,3,0,1.77,43.53,21.69,1,12.3,0.93,normal,banlieue,premium,1
CMD-001874,2025-04-24 15:32:33.325554,22,3,0,5.38,95.9,9.19,1,25.8,0.85,normal,proche_banlieue,standard,1
CMD-001875,2025-04-24 16:59:55.799299,13,3,0,11.86,205.22,21.06,1,36.3,0.89,normal,centre,standard,1
CMD-001876,2025-04-24 18:27:18.273045,8,3,0,17.73,162.23,8.01,1,37.0,0.83,normal,centre,standard,1
CMD-001877,2025-04-24 19:54:40.746791,10,3,0,5.47,218.29,24.12,1,12.5,0.98,neige,centre,standard,1
CMD-001878,2025-04-24 21:22:03.220536,21,3,0,2.11,248.66,0.79,1,18.3,0.3,orage,centre,standard,1
CMD-001879,2025-04-24 22:49:25.694282,18,3,0,4.41,58.62,15.56,1,33.5,0.58,pluie,centre,standard,1
CMD-001880,2025-04-25 00:16:48.168028,8,4,0,5.28,176.76,2.98,1,32.0,0.47,normal,banlieue,standard,0
CMD-001881,2025-04-25 01:44:10.641773,13,4,0,5.12,121.96,18.02,1,18.8,0.43,normal,proche_banlieue,standard,1
CMD-001882,2025-04-25 03:11:33.115519,11,4,0,3.38,128.43,9.22,1,20.1,0.56,normal,centre,standard,1
CMD-001883,2025-04-25 04:38:55.589264,9,4,0,1.9,88.14,21.79,1,25.8,0.58,normal,banlieue,standard,1
CMD-001884,2025-04-25 06:06:18.063010,20,4,0,2.67,92.2,21.84,0,6.7,0.99,neige,banlieue,premium,1
CMD-001885,2025-04-25 07:33:40.536756,16,4,0,4.44,172.31,9.33,1,30.3,0.41,pluie,centre,standard,1
CMD-001886,2025-04-25 09:01:03.010501,9,4,0,11.72,158.99,20.29,1,35.8,0.93,orage,centre,premium,1
CMD-001887,2025-04-25 10:28:25.484247,17,4,0,14.9,86.44,17.09,1,21.1,0.33,neige,proche_banlieue,standard,0
CMD-001888,2025-04-25 11:55:47.957992,13,4,0,7.66,38.46,10.78,0,10.8,0.73,normal,centre,standard,1
CMD-001889,2025-04-25 13:23:10.431738,7,4,0,2.75,148.78,8.71,1,39.1,0.44,normal,centre,standard,1
CMD-001890,2025-04-25 14:50:32.905484,14,4,0,4.65,187.46,5.42,1,27.2,0.97,pluie,proche_banlieue,standard,1
CMD-001891,2025-04-25 16:17:55.379229,9,4,0,0.87,144.07,1.77,1,32.1,0.71,normal,proche_banlieue,premium,1
CMD-001892,2025-04-25 17:45:17.852975,10,4,0,17.96,10.88,13.03,1,11.8,0.25,neige,banlieue,standard,0
CMD-001893,2025-04-25 19:12:40.326721,21,4,0,4.08,77.76,13.59,0,11.8,0.94,normal,centre,standard,1
CMD-001894,2025-04-25 20:40:02.800466,18,4,0,9.33,196.86,11.21,1,29.1,0.44,normal,rurale,standard,0
CMD-001895,2025-04-25 22:07:25.274212,9,4,0,14.2,188.21,23.77,0,35.3,0.94,normal,centre,standard,1
CMD-001896,2025-04-25 23:34:47.747957,20,4,0,21.3,12.5,0.54,0,13.7,0.21,normal,proche_banlieue,standard,0
CMD-001897,2025-04-26 01:02:10.221703,16,5,1,12.62,122.87,21.29,0,24.0,0.37,normal,centre,standard,0
CMD-001898,2025-04-26 02:29:32.695449,20,5,1,5.1,114.96,20.06,1,9.1,0.42,normal,centre,standard,1
CMD-001899,2025-04-26 03:56:55.169194,18,5,1,10.24,166.55,19.02,0,18.0,0.75,normal,banlieue,standard,0
CMD-001900,2025-04-26 05:24:17.642940,12,5,1,20.79,40.0,13.22,1,22.4,0.84,normal,centre,premium,1
CMD-001901,2025-04-26 06:51:40.116686,15,5,1,4.05,159.14,4.92,1,29.9,0.7,normal,centre,standard,1
CMD-001902,2025-04-26 08:19:02.590431,15,5,1,1.8,237.26,21.6,1,5.0,0.25,pluie,banlieue,premium,1
CMD-001903,2025-04-26 09:46:25.064177,18,5,1,3.4,99.22,18.67,1,38.2,0.55,normal,centre,standard,1
CMD-001904,2025-04-26 11:13:47.537922,10,5,1,9.76,90.97,20.85,1,23.3,0.6,pluie,banlieue,standard,1
CMD-001905,2025-04-26 12:41:10.011668,12,5,1,5.2,16.79,6.05,1,37.9,0.49,normal,rurale,standard,0
CMD-001906,2025-04-26 14:08:32.485414,10,5,1,6.59,23.77,13.95,1,32.0,0.54,pluie,centre,standard,1
CMD-001907,2025-04-26 15:35:54.959159,11,5,1,10.95,233.58,10.52,1,33.5,0.59,normal,centre,standard,0
CMD-001908,2025-04-26 17:03:17.432905,9,5,1,3.34,244.12,16.06,1,45.2,0.64,pluie,proche_banlieue,standard,1
CMD-001909,2025-04-26 18:30:39.906651,7,5,1,6.34,11.35,18.86,1,17.2,0.7,normal,banlieue,standard,1
CMD-001910,2025-04-26 19:58:02.380396,22,5,1,4.59,226.16,4.51,1,26.4,0.37,normal,rurale,standard,1
CMD-001911,2025-04-26 21:25:24.854142,8,5,1,20.24,51.75,4.52,1,15.1,0.92,pluie,banlieue,standard,1
CMD-001912,2025-04-26 22:52:47.327887,21,5,1,12.35,144.73,1.28,1,24.0,0.86,normal,banlieue,standard,1
CMD-001913,2025-04-27 00:20:09.801633,7,6,1,5.23,172.75,4.1,1,32.2,0.83,normal,proche_banlieue,standard,1
CMD-001914,2025-04-27 01:47:32.275379,19,6,1,5.0,96.17,6.16,1,36.3,0.84,normal,banlieue,standard,1
CMD-001915,2025-04-27 03:14:54.749124,12,6,1,21.76,136.96,2.0,1,21.2,0.62,pluie,banlieue,standard,0
CMD-001916,2025-04-27 04:42:17.222870,15,6,1,20.6,160.61,9.02,1,13.0,0.96,normal,centre,premium,1
CMD-001917,2025-04-27 06:09:39.696616,11,6,1,9.72,56.54,16.94,1,25.7,0.49,neige,banlieue,premium,1
CMD-001918,2025-04-27 07:37:02.170361,14,6,1,6.82,248.62,19.87,0,16.5,0.54,normal,banlieue,standard,1
CMD-001919,2025-04-27 09:04:24.644107,14,6,1,2.27,58.93,8.78,1,19.2,0.85,normal,rurale,standard,1
CMD-001920,2025-04-27 10:31:47.117852,15,6,1,3.43,12.48,2.28,0,31.7,0.9,normal,banlieue,premium,0
CMD-001921,2025-04-27 11:59:09.591598,13,6,1,2.11,236.63,19.03,1,29.9,0.56,pluie,banlieue,standard,1
CMD-001922,2025-04-27 13:26:32.065344,15,6,1,14.59,112.99,9.9,1,33.3,0.88,normal,rurale,standard,1
CMD-001923,2025-04-27 14:53:54.539089,20,6,1,2.31,105.67,6.44,1,21.6,0.71,normal,centre,premium,1
CMD-001924,2025-04-27 16:21:17.012835,13,6,1,4.95,76.16,11.87,0,35.1,0.51,orage,proche_banlieue,premium,1
CMD-001925,2025-04-27 17:48:39.486581,12,6,1,1.08,16.2,24.25,1,25.1,0.92,normal,rurale,standard,1
CMD-001926,2025-04-27 19:16:01.960326,9,6,1,1.62,73.5,9.44,1,22.2,0.6,normal,banlieue,premium,1
CMD-001927,2025-04-27 20:43:24.434072,12,6,1,11.3,104.39,23.99,1,14.0,0.88,normal,rurale,standard,1
CMD-001928,2025-04-27 22:10:46.907817,9,6,1,8.68,134.88,6.48,1,5.0,0.85,normal,centre,premium,1
CMD-001929,2025-04-27 23:38:09.381563,9,6,1,7.01,119.83,2.82,1,9.4,0.28,normal,centre,standard,1
CMD-001930,2025-04-28 01:05:31.855309,22,0,0,5.02,220.97,4.1,1,27.2,0.9,normal,centre,standard,1
CMD-001931,2025-04-28 02:32:54.329054,8,0,0,1.41,228.72,19.39,0,15.9,0.33,normal,centre,standard,1
CMD-001932,2025-04-28 04:00:16.802800,14,0,0,4.49,86.12,13.53,1,8.5,0.85,normal,banlieue,standard,1
CMD-001933,2025-04-28 05:27:39.276546,20,0,0,6.05,240.29,14.63,1,20.8,0.8,normal,proche_banlieue,standard,1
CMD-001934,2025-04-28 06:55:01.750291,22,0,0,10.77,217.58,24.2,1,27.8,0.79,normal,centre,standard,1
CMD-001935,2025-04-28 08:22:24.224037,9,0,0,14.04,232.63,12.72,1,29.2,0.94,neige,banlieue,standard,1
CMD-001936,2025-04-28 09:49:46.697782,9,0,0,11.54,179.52,3.1,1,24.7,0.68,normal,banlieue,premium,1
CMD-001937,2025-04-28 11:17:09.171528,12,0,0,8.64,57.59,18.02,1,24.4,0.47,normal,centre,standard,1
CMD-001938,2025-04-28 12:44:31.645274,15,0,0,6.93,56.85,5.35,1,19.6,0.67,pluie,proche_banlieue,premium,0
CMD-001939,2025-04-28 14:11:54.119019,22,0,0,8.03,228.08,14.62,1,31.3,0.76,pluie,banlieue,standard,1
CMD-001940,2025-04-28 15:39:16.592765,10,0,0,4.25,131.69,21.39,0,23.2,0.49,normal,centre,standard,0
CMD-001941,2025-04-28 17:06:39.066511,9,0,0,7.38,223.71,12.03,1,24.2,0.4,normal,banlieue,premium,0
CMD-001942,2025-04-28 18:34:01.540256,11,0,0,6.02,182.93,7.99,1,35.4,0.59,pluie,banlieue,standard,1
CMD-001943,2025-04-28 20:01:24.014002,20,0,0,27.6,61.0,14.47,1,32.9,0.92,pluie,banlieue,standard,0
CMD-001944,2025-04-28 21:28:46.487747,7,0,0,8.18,102.34,3.35,1,23.2,0.7,normal,centre,standard,1
CMD-001945,2025-04-28 22:56:08.961493,13,0,0,0.78,242.28,7.83,1,21.7,0.92,normal,banlieue,standard,1
CMD-001946,2025-04-29 00:23:31.435239,8,1,0,4.81,14.7,12.7,0,21.7,0.58,normal,centre,premium,1
CMD-001947,2025-04-29 01:50:53.908984,9,1,0,5.52,181.5,6.5,0,5.0,0.96,normal,rurale,standard,1
CMD-001948,2025-04-29 03:18:16.382730,21,1,0,12.64,244.91,1.17,1,36.0,0.83,normal,centre,standard,0
CMD-001949,2025-04-29 04:45:38.856476,7,1,0,8.95,35.0,14.71,1,18.2,0.48,normal,centre,premium,1
CMD-001950,2025-04-29 06:13:01.330221,12,1,0,8.63,75.28,10.15,0,33.5,0.56,neige,banlieue,standard,0
CMD-001951,2025-04-29 07:40:23.803967,21,1,0,16.66,141.28,9.89,1,25.4,1.0,pluie,proche_banlieue,standard,1
CMD-001952,2025-04-29 09:07:46.277712,16,1,0,20.67,212.5,24.92,1,38.9,0.96,normal,proche_banlieue,standard,0
CMD-001953,2025-04-29 10:35:08.751458,8,1,0,11.29,131.56,2.97,1,30.3,0.53,normal,centre,standard,0
CMD-001954,2025-04-29 12:02:31.225204,14,1,0,5.11,24.3,4.02,1,34.1,0.87,normal,banlieue,standard,1
CMD-001955,2025-04-29 13:29:53.698949,22,1,0,5.24,40.52,21.93,1,19.1,0.93,normal,proche_banlieue,standard,1
CMD-001956,2025-04-29 14:57:16.172695,13,1,0,15.25,100.23,3.43,1,12.1,0.4,pluie,proche_banlieue,standard,0
CMD-001957,2025-04-29 16:24:38.646441,15,1,0,5.23,87.41,22.96,1,26.5,0.61,orage,centre,standard,0
CMD-001958,2025-04-29 17:52:01.120186,15,1,0,6.58,62.72,16.86,1,5.8,0.81,normal,proche_banlieue,premium,1
CMD-001959,2025-04-29 19:19:23.593932,17,1,0,4.73,211.63,13.3,1,20.3,0.26,normal,proche_banlieue,premium,0
CMD-001960,2025-04-29 20:46:46.067677,9,1,0,2.7,16.45,7.1,1,13.1,0.84,neige,centre,standard,1
CMD-001961,2025-04-29 22:14:08.541423,20,1,0,26.21,209.04,9.11,1,16.6,0.37,normal,centre,standard,1
CMD-001962,2025-04-29 23:41:31.015169,22,1,0,6.61,231.2,20.68,1,31.0,0.58,normal,banlieue,standard,1
CMD-001963,2025-04-30 01:08:53.488914,9,2,0,18.27,161.23,1.63,1,30.3,0.5,pluie,centre,standard,1
CMD-001964,2025-04-30 02:36:15.962660,20,2,0,5.28,160.08,19.26,1,23.4,0.79,normal,rurale,standard,1
CMD-001965,2025-04-30 04:03:38.436406,20,2,0,4.08,45.76,20.73,1,28.2,0.39,normal,centre,standard,1
CMD-001966,2025-04-30 05:31:00.910151,18,2,0,10.63,146.4,17.71,1,19.6,0.57,pluie,centre,standard,0
CMD-001967,2025-04-30 06:58:23.383897,12,2,0,14.0,100.04,1.55,0,49.3,0.41,normal,centre,standard,0
CMD-001968,2025-04-30 08:25:45.857642,14,2,0,14.62,64.97,18.62,1,28.0,0.24,normal,banlieue,standard,1
CMD-001969,2025-04-30 09:53:08.331388,20,2,0,5.99,150.0,18.13,1,19.1,0.87,normal,centre,standard,1
CMD-001970,2025-04-30 11:20:30.805134,9,2,0,11.41,10.29,0.52,1,33.8,0.38,normal,centre,standard,1
CMD-001971,2025-04-30 12:47:53.278879,20,2,0,4.46,76.34,22.33,1,37.4,0.39,pluie,centre,standard,1
CMD-001972,2025-04-30 14:15:15.752625,21,2,0,7.31,167.45,3.48,1,17.3,0.24,orage,centre,standard,1
CMD-001973,2025-04-30 15:42:38.226371,17,2,0,5.54,119.21,24.03,1,10.8,0.6,neige,centre,standard,1
CMD-001974,2025-04-30 17:10:00.700116,12,2,0,4.9,44.95,1.96,1,12.8,0.42,normal,proche_banlieue,premium,1
CMD-001975,2025-04-30 18:37:23.173862,15,2,0,7.54,10.32,6.1,1,18.3,0.65,neige,banlieue,standard,1
CMD-001976,2025-04-30 20:04:45.647607,7,2,0,2.64,74.91,17.32,1,24.5,0.78,normal,centre,premium,1
CMD-001977,2025-04-30 21:32:08.121353,21,2,0,13.23,141.77,3.6,1,8.7,0.24,normal,proche_banlieue,standard,1
CMD-001978,2025-04-30 22:59:30.595099,12,2,0,4.91,138.29,4.79,1,20.8,0.36,normal,rurale,standard,1
CMD-001979,2025-05-01 00:26:53.068844,7,3,0,12.81,41.46,0.48,0,22.9,0.51,pluie,banlieue,standard,0
CMD-001980,2025-05-01 01:54:15.542590,19,3,0,3.17,157.29,20.7,1,28.2,0.9,normal,rurale,standard,1
CMD-001981,2025-05-01 03:21:38.016336,17,3,0,4.9,249.74,1.13,1,31.1,0.29,pluie,centre,standard,1
CMD-001982,2025-05-01 04:49:00.490081,16,3,0,2.63,150.37,15.89,0,29.0,0.8,pluie,proche_banlieue,standard,0
CMD-001983,2025-05-01 06:16:22.963827,7,3,0,2.54,136.63,14.64,1,42.9,0.96,normal,centre,standard,1
CMD-001984,2025-05-01 07:43:45.437572,19,3,0,3.55,159.43,12.88,1,35.9,0.26,pluie,rurale,standard,1
CMD-001985,2025-05-01 09:11:07.911318,17,3,0,3.21,221.12,9.5,0,27.2,0.47,normal,rurale,standard,1
CMD-001986,2025-05-01 10:38:30.385064,19,3,0,2.65,237.04,7.63,1,15.3,0.82,normal,proche_banlieue,standard,1
CMD-001987,2025-05-01 12:05:52.858809,20,3,0,6.94,19.85,23.93,1,18.2,0.95,normal,proche_banlieue,standard,1
CMD-001988,2025-05-01 13:33:15.332555,10,3,0,10.48,59.2,19.68,1,10.7,0.4,pluie,proche_banlieue,standard,1
CMD-001989,2025-05-01 15:00:37.806301,10,3,0,10.87,37.78,23.08,0,26.5,0.71,normal,rurale,standard,0
CMD-001990,2025-05-01 16:28:00.280046,21,3,0,1.3,195.36,18.4,1,28.3,0.79,pluie,proche_banlieue,standard,1
CMD-001991,2025-05-01 17:55:22.753792,15,3,0,5.52,20.94,20.76,1,33.9,0.52,normal,banlieue,premium,1
CMD-001992,2025-05-01 19:22:45.227537,14,3,0,5.09,226.63,24.11,1,27.7,0.74,pluie,banlieue,premium,1
CMD-001993,2025-05-01 20:50:07.701283,11,3,0,16.86,14.93,11.45,1,35.5,0.64,normal,centre,standard,0
CMD-001994,2025-05-01 22:17:30.175029,17,3,0,5.69,154.61,22.69,1,35.7,0.95,normal,banlieue,standard,1
CMD-001995,2025-05-01 23:44:52.648774,19,3,0,6.51,76.14,1.27,1,14.7,0.63,normal,centre,premium,1
CMD-001996,2025-05-02 01:12:15.122520,7,4,0,1.85,122.94,2.88,1,19.8,0.61,normal,rurale,premium,1
CMD-001997,2025-05-02 02:39:37.596266,15,4,0,3.47,116.05,12.36,1,24.9,0.74,normal,proche_banlieue,standard,1
CMD-001998,2025-05-02 04:07:00.070011,22,4,0,1.73,189.73,11.46,1,17.9,0.32,normal,proche_banlieue,standard,1
CMD-001999,2025-05-02 05:34:22.543757,11,4,0,7.28,129.19,11.07,1,22.6,0.62,normal,centre,standard,0
CMD-002000,2025-05-02 07:01:45.017502,11,4,0,17.22,111.09,13.52,1,28.0,0.24,normal,centre,standard,1
CMD-002001,2025-05-02 08:29:07.491248,21,4,0,3.58,185.27,13.55,1,23.8,0.7,normal,banlieue,premium,1
CMD-002002,2025-05-02 09:56:29.964994,7,4,0,5.72,232.19,21.79,1,25.0,0.63,neige,banlieue,standard,1
CMD-002003,2025-05-02 11:23:52.438739,13,4,0,3.23,200.54,8.78,1,15.6,0.87,normal,rurale,standard,1
CMD-002004,2025-05-02 12:51:14.912485,14,4,0,4.17,186.81,8.04,0,30.1,0.84,normal,proche_banlieue,premium,1
CMD-002005,2025-05-02 14:18:37.386231,19,4,0,7.4,127.05,17.61,1,29.3,0.55,normal,centre,premium,1
CMD-002006,2025-05-02 15:45:59.859976,9,4,0,22.72,226.05,16.28,1,17.4,0.73,normal,centre,standard,0
CMD-002007,2025-05-02 17:13:22.333722,13,4,0,16.66,126.72,20.78,0,12.1,0.44,normal,proche_banlieue,premium,0
CMD-002008,2025-05-02 18:40:44.807467,9,4,0,19.97,233.27,7.87,1,37.3,0.51,normal,proche_banlieue,standard,0
CMD-002009,2025-05-02 20:08:07.281213,19,4,0,12.88,202.7,0.36,1,42.5,0.26,orage,proche_banlieue,standard,1
CMD-002010,2025-05-02 21:35:29.754959,17,4,0,5.66,46.06,23.61,1,27.3,0.28,orage,centre,standard,1
CMD-002011,2025-05-02 23:02:52.228704,14,4,0,5.07,21.28,1.3,0,21.4,0.85,normal,rurale,standard,1
CMD-002012,2025-05-03 00:30:14.702450,13,5,1,3.6,187.81,17.06,1,35.5,0.98,pluie,centre,standard,1
CMD-002013,2025-05-03 01:57:37.176196,9,5,1,5.59,174.6,8.18,1,29.7,0.59,neige,banlieue,premium,1
CMD-002014,2025-05-03 03:24:59.649941,21,5,1,17.38,154.5,10.7,1,22.9,0.3,orage,proche_banlieue,standard,1
CMD-002015,2025-05-03 04:52:22.123687,17,5,1,17.25,244.3,20.98,1,34.7,0.27,normal,proche_banlieue,premium,0
CMD-002016,2025-05-03 06:19:44.597432,12,5,1,28.29,140.9,10.61,1,16.9,0.24,pluie,banlieue,standard,0
CMD-002017,2025-05-03 07:47:07.071178,13,5,1,7.81,93.5,3.78,0,18.1,0.9,normal,rurale,standard,0
CMD-002018,2025-05-03 09:14:29.544924,18,5,1,2.27,145.59,18.91,0,28.6,0.55,normal,banlieue,standard,0
CMD-002019,2025-05-03 10:41:52.018669,18,5,1,10.0,16.82,0.7,1,26.1,0.9,normal,centre,standard,1
CMD-002020,2025-05-03 12:09:14.492415,14,5,1,22.88,149.02,7.01,0,31.4,0.49,pluie,centre,premium,0
CMD-002021,2025-05-03 13:36:36.966161,11,5,1,18.91,226.58,13.54,1,36.9,0.67,neige,banlieue,standard,1
CMD-002022,2025-05-03 15:03:59.439906,17,5,1,4.61,11.04,11.06,0,9.5,0.74,normal,proche_banlieue,standard,1
CMD-002023,2025-05-03 16:31:21.913652,17,5,1,2.48,212.87,15.58,0,25.4,0.24,normal,banlieue,premium,0
CMD-002024,2025-05-03 17:58:44.387397,16,5,1,2.41,202.46,9.66,0,44.0,0.75,normal,proche_banlieue,standard,1
CMD-002025,2025-05-03 19:26:06.861143,8,5,1,3.8,35.46,9.89,1,19.0,0.84,normal,banlieue,standard,1
CMD-002026,2025-05-03 20:53:29.334889,14,5,1,4.3,213.24,8.85,1,17.9,0.22,normal,proche_banlieue,standard,1
CMD-002027,2025-05-03 22:20:51.808634,16,5,1,5.33,193.25,22.2,1,5.0,0.25,pluie,proche_banlieue,standard,1
CMD-002028,2025-05-03 23:48:14.282380,22,5,1,10.95,127.85,0.63,1,26.0,0.62,pluie,rurale,standard,0
CMD-002029,2025-05-04 01:15:36.756126,15,6,1,5.19,68.85,23.5,0,30.8,0.98,pluie,proche_banlieue,standard,0
CMD-002030,2025-05-04 02:42:59.229871,12,6,1,7.07,79.14,9.08,0,30.8,0.98,normal,centre,premium,0
CMD-002031,2025-05-04 04:10:21.703617,15,6,1,1.61,156.95,9.25,0,14.6,0.29,normal,proche_banlieue,standard,1
CMD-002032,2025-05-04 05:37:44.177362,9,6,1,3.6,69.11,18.2,1,24.9,0.81,neige,centre,standard,1
CMD-002033,2025-05-04 07:05:06.651108,8,6,1,3.46,88.09,9.83,1,27.2,0.83,normal,centre,premium,1
CMD-002034,2025-05-04 08:32:29.124854,17,6,1,1.34,233.4,15.49,1,25.5,0.9,normal,banlieue,standard,1
CMD-002035,2025-05-04 09:59:51.598599,22,6,1,5.09,185.04,22.61,1,14.1,0.23,normal,centre,standard,1
CMD-002036,2025-05-04 11:27:14.072345,20,6,1,1.62,186.66,21.19,1,25.8,0.98,pluie,proche_banlieue,standard,1
CMD-002037,2025-05-04 12:54:36.546091,16,6,1,4.8,239.42,12.98,1,16.9,0.86,normal,proche_banlieue,standard,1
CMD-002038,2025-05-04 14:21:59.019836,7,6,1,7.48,11.39,17.97,1,6.3,0.69,pluie,centre,standard,1
CMD-002039,2025-05-04 15:49:21.493582,22,6,1,17.58,68.68,9.93,1,31.8,0.25,normal,centre,premium,0
CMD-002040,2025-05-04 17:16:43.967327,14,6,1,3.31,167.91,19.45,1,26.4,0.39,normal,banlieue,standard,1
CMD-002041,2025-05-04 18:44:06.441073,11,6,1,7.33,115.19,4.42,1,30.9,0.48,normal,rurale,standard,1
CMD-002042,2025-05-04 20:11:28.914819,21,6,1,4.02,37.07,1.33,1,19.7,0.89,normal,proche_banlieue,standard,1
CMD-002043,2025-05-04 21:38:51.388564,18,6,1,1.53,197.5,13.61,1,31.3,0.81,orage,centre,premium,0
CMD-002044,2025-05-04 23:06:13.862310,18,6,1,17.72,21.3,5.54,1,35.2,0.95,normal,rurale,standard,0
CMD-002045,2025-05-05 00:33:36.336056,11,0,0,7.74,140.52,18.27,1,42.5,0.54,normal,banlieue,standard,0
CMD-002046,2025-05-05 02:00:58.809801,22,0,0,9.64,144.99,2.71,1,33.1,0.93,normal,rurale,premium,1
CMD-002047,2025-05-05 03:28:21.283547,14,0,0,19.65,162.63,0.41,1,28.8,0.92,normal,centre,standard,0
CMD-002048,2025-05-05 04:55:43.757292,15,0,0,4.78,85.75,16.96,1,11.2,0.21,normal,rurale,standard,1
CMD-002049,2025-05-05 06:23:06.231038,19,0,0,2.16,15.66,12.62,1,23.9,0.39,normal,banlieue,premium,1
CMD-002050,2025-05-05 07:50:28.704784,17,0,0,3.27,223.36,23.81,0,10.8,0.84,orage,centre,standard,0
CMD-002051,2025-05-05 09:17:51.178529,9,0,0,1.97,233.01,6.34,1,16.8,0.73,normal,banlieue,standard,1
CMD-002052,2025-05-05 10:45:13.652275,11,0,0,14.55,125.68,3.26,1,44.6,0.38,pluie,centre,standard,1
CMD-002053,2025-05-05 12:12:36.126021,12,0,0,23.46,14.95,0.77,0,14.8,0.83,orage,proche_banlieue,standard,0
CMD-002054,2025-05-05 13:39:58.599766,22,0,0,7.42,149.41,11.22,0,5.0,0.45,orage,banlieue,standard,1
CMD-002055,2025-05-05 15:07:21.073512,18,0,0,11.16,85.82,2.7,1,33.1,0.68,pluie,centre,premium,1
CMD-002056,2025-05-05 16:34:43.547257,12,0,0,13.26,53.8,19.44,1,18.3,0.95,neige,rurale,standard,0
CMD-002057,2025-05-05 18:02:06.021003,18,0,0,20.52,50.55,1.99,1,32.7,0.39,normal,rurale,standard,0
CMD-002058,2025-05-05 19:29:28.494749,18,0,0,22.83,53.02,23.03,0,13.3,0.24,normal,rurale,standard,0
CMD-002059,2025-05-05 20:56:50.968494,13,0,0,1.01,89.4,13.61,1,20.7,0.73,pluie,centre,standard,1
CMD-002060,2025-05-05 22:24:13.442240,13,0,0,4.12,77.35,17.47,1,37.0,0.78,normal,banlieue,standard,1
CMD-002061,2025-05-05 23:51:35.915985,21,0,0,6.81,210.74,3.45,0,11.8,0.45,normal,rurale,standard,1
CMD-002062,2025-05-06 01:18:58.389731,15,1,0,3.71,128.88,2.42,1,23.3,0.57,normal,centre,standard,1
CMD-002063,2025-05-06 02:46:20.863477,9,1,0,5.44,112.64,8.97,1,27.9,0.6,normal,banlieue,standard,1
CMD-002064,2025-05-06 04:13:43.337222,18,1,0,9.2,45.0,13.11,0,17.8,0.85,normal,centre,standard,1
CMD-002065,2025-05-06 05:41:05.810968,16,1,0,9.02,220.21,14.47,1,27.4,0.75,pluie,banlieue,standard,1
CMD-002066,2025-05-06 07:08:28.284714,15,1,0,12.96,23.16,8.38,1,25.2,0.42,normal,banlieue,standard,1
CMD-002067,2025-05-06 08:35:50.758459,18,1,0,6.92,67.49,6.96,1,30.3,0.42,normal,rurale,premium,1
CMD-002068,2025-05-06 10:03:13.232205,21,1,0,0.47,159.15,24.54,1,43.4,0.46,normal,proche_banlieue,standard,1
CMD-002069,2025-05-06 11:30:35.705950,12,1,0,5.09,178.55,6.96,1,51.8,0.32,normal,banlieue,standard,0
CMD-002070,2025-05-06 12:57:58.179696,13,1,0,8.56,202.28,3.62,1,29.6,0.31,normal,centre,standard,1
CMD-002071,2025-05-06 14:25:20.653442,10,1,0,13.6,108.47,9.11,1,23.9,0.85,normal,banlieue,standard,1
CMD-002072,2025-05-06 15:52:43.127187,17,1,0,12.29,93.22,7.74,1,29.4,0.87,neige,rurale,standard,1
CMD-002073,2025-05-06 17:20:05.600933,13,1,0,6.23,79.25,10.66,1,22.7,0.41,neige,banlieue,premium,1
CMD-002074,2025-05-06 18:47:28.074679,12,1,0,3.89,146.34,15.67,1,9.1,0.88,normal,rurale,standard,1
CMD-002075,2025-05-06 20:14:50.548424,18,1,0,6.45,93.67,15.16,1,24.5,0.66,normal,banlieue,premium,1
CMD-002076,2025-05-06 21:42:13.022170,13,1,0,1.2,88.74,17.52,0,35.8,0.77,orage,proche_banlieue,standard,1
CMD-002077,2025-05-06 23:09:35.495915,14,1,0,4.22,14.05,4.09,1,10.4,0.9,normal,rurale,standard,1
CMD-002078,2025-05-07 00:36:57.969661,14,2,0,15.34,237.6,1.34,1,15.2,0.45,normal,proche_banlieue,standard,0
CMD-002079,2025-05-07 02:04:20.443407,11,2,0,6.44,24.54,19.81,1,19.2,0.73,normal,banlieue,standard,1
CMD-002080,2025-05-07 03:31:42.917152,9,2,0,8.83,75.01,5.59,1,28.7,0.45,normal,banlieue,premium,0
CMD-002081,2025-05-07 04:59:05.390898,20,2,0,1.89,231.14,8.03,1,48.8,0.92,orage,banlieue,premium,1
CMD-002082,2025-05-07 06:26:27.864644,8,2,0,13.54,186.48,11.5,1,16.9,0.44,pluie,proche_banlieue,premium,1
CMD-002083,2025-05-07 07:53:50.338389,12,2,0,5.98,148.75,17.96,0,25.9,0.7,neige,proche_banlieue,standard,1
CMD-002084,2025-05-07 09:21:12.812135,17,2,0,8.61,168.6,4.26,1,25.1,0.35,pluie,centre,standard,1
CMD-002085,2025-05-07 10:48:35.285880,9,2,0,10.01,33.29,22.58,1,22.0,0.5,neige,rurale,premium,1
CMD-002086,2025-05-07 12:15:57.759626,17,2,0,13.2,204.08,8.17,1,24.5,0.48,pluie,proche_banlieue,standard,1
CMD-002087,2025-05-07 13:43:20.233372,18,2,0,7.67,70.03,24.57,0,20.4,0.8,normal,proche_banlieue,standard,1
CMD-002088,2025-05-07 15:10:42.707117,17,2,0,6.09,239.49,7.28,1,52.4,0.43,normal,centre,standard,1
CMD-002089,2025-05-07 16:38:05.180863,11,2,0,2.33,65.53,18.2,1,32.5,0.46,neige,banlieue,standard,1
CMD-002090,2025-05-07 18:05:27.654609,7,2,0,1.72,160.09,9.54,1,20.4,0.21,normal,proche_banlieue,standard,1
CMD-002091,2025-05-07 19:32:50.128354,21,2,0,7.56,140.88,20.95,1,36.8,0.45,normal,proche_banlieue,standard,0
CMD-002092,2025-05-07 21:00:12.602100,12,2,0,8.65,44.34,11.67,1,27.6,0.42,normal,banlieue,standard,1
CMD-002093,2025-05-07 22:27:35.075845,19,2,0,9.7,97.1,21.79,1,25.6,0.64,pluie,banlieue,standard,1
CMD-002094,2025-05-07 23:54:57.549591,10,2,0,3.33,197.51,18.9,1,23.2,0.52,normal,centre,standard,1
CMD-002095,2025-05-08 01:22:20.023337,9,3,0,4.26,61.02,14.73,1,22.5,0.98,normal,banlieue,premium,1
CMD-002096,2025-05-08 02:49:42.497082,19,3,0,7.46,241.09,6.4,0,12.8,0.64,pluie,proche_banlieue,standard,1
CMD-002097,2025-05-08 04:17:04.970828,22,3,0,4.71,80.92,6.64,1,8.3,0.26,normal,centre,standard,1
CMD-002098,2025-05-08 05:44:27.444574,20,3,0,29.81,160.41,24.79,1,28.7,0.85,normal,proche_banlieue,standard,0
CMD-002099,2025-05-08 07:11:49.918319,19,3,0,4.18,158.53,23.15,1,23.1,0.24,normal,banlieue,standard,1
CMD-002100,2025-05-08 08:39:12.392065,10,3,0,9.09,122.99,3.63,1,33.8,0.87,normal,rurale,standard,1
CMD-002101,2025-05-08 10:06:34.865810,21,3,0,12.03,167.29,5.26,1,16.1,0.52,pluie,banlieue,premium,0
CMD-002102,2025-05-08 11:33:57.339556,17,3,0,12.55,188.46,2.85,1,14.0,0.25,neige,rurale,standard,1
CMD-002103,2025-05-08 13:01:19.813302,9,3,0,4.64,158.56,5.19,1,32.8,0.98,normal,proche_banlieue,standard,1
CMD-002104,2025-05-08 14:28:42.287047,9,3,0,10.04,144.4,7.4,1,22.0,0.6,normal,proche_banlieue,standard,0
CMD-002105,2025-05-08 15:56:04.760793,20,3,0,9.17,155.59,20.97,1,33.6,0.88,normal,banlieue,standard,1
CMD-002106,2025-05-08 17:23:27.234539,11,3,0,10.35,106.47,2.56,1,25.3,0.54,pluie,proche_banlieue,standard,1
CMD-002107,2025-05-08 18:50:49.708284,19,3,0,7.39,27.01,22.08,0,43.8,0.57,normal,banlieue,standard,1
CMD-002108,2025-05-08 20:18:12.182030,9,3,0,12.09,48.33,24.3,1,32.6,0.49,normal,banlieue,standard,1
CMD-002109,2025-05-08 21:45:34.655775,11,3,0,8.05,155.61,7.19,1,29.1,0.5,normal,centre,premium,1
CMD-002110,2025-05-08 23:12:57.129521,11,3,0,2.07,232.52,11.51,0,33.0,0.83,pluie,proche_banlieue,standard,1
CMD-002111,2025-05-09 00:40:19.603267,11,4,0,7.88,16.18,13.33,1,22.3,0.22,normal,centre,standard,1
CMD-002112,2025-05-09 02:07:42.077012,17,4,0,8.57,140.57,5.3,1,8.6,0.59,normal,centre,standard,1
CMD-002113,2025-05-09 03:35:04.550758,21,4,0,11.51,70.49,18.34,0,28.6,0.41,normal,proche_banlieue,standard,0
CMD-002114,2025-05-09 05:02:27.024504,21,4,0,7.57,144.82,14.58,1,44.4,0.65,pluie,centre,standard,1
CMD-002115,2025-05-09 06:29:49.498249,18,4,0,20.85,189.92,2.98,1,5.0,0.37,normal,centre,standard,1
CMD-002116,2025-05-09 07:57:11.971995,10,4,0,6.26,186.51,22.42,1,29.7,0.48,normal,centre,premium,0
CMD-002117,2025-05-09 09:24:34.445740,22,4,0,4.45,183.97,7.69,1,9.6,0.63,normal,banlieue,standard,0
CMD-002118,2025-05-09 10:51:56.919486,15,4,0,16.69,196.94,4.07,1,24.8,0.79,normal,banlieue,premium,1
CMD-002119,2025-05-09 12:19:19.393232,15,4,0,6.13,27.43,24.55,0,25.8,0.96,normal,proche_banlieue,standard,1
CMD-002120,2025-05-09 13:46:41.866977,18,4,0,7.06,132.3,2.75,1,32.5,0.39,normal,banlieue,premium,1
CMD-002121,2025-05-09 15:14:04.340723,19,4,0,8.57,72.83,1.68,1,27.1,0.59,pluie,banlieue,standard,1
CMD-002122,2025-05-09 16:41:26.814469,22,4,0,8.06,231.1,6.09,1,38.7,0.48,orage,banlieue,standard,1
CMD-002123,2025-05-09 18:08:49.288214,16,4,0,10.29,197.89,8.12,1,36.7,0.68,normal,rurale,standard,1
CMD-002124,2025-05-09 19:36:11.761960,16,4,0,11.05,35.81,10.96,1,23.0,0.49,normal,banlieue,standard,1
CMD-002125,2025-05-09 21:03:34.235705,18,4,0,4.13,68.38,17.19,1,35.9,0.28,pluie,proche_banlieue,premium,0
CMD-002126,2025-05-09 22:30:56.709451,11,4,0,2.52,119.25,9.27,1,21.9,0.69,normal,rurale,premium,1
CMD-002127,2025-05-09 23:58:19.183197,11,4,0,2.81,241.1,14.07,1,20.2,0.23,normal,banlieue,standard,1
CMD-002128,2025-05-10 01:25:41.656942,17,5,1,15.48,36.32,0.34,1,13.0,0.23,normal,proche_banlieue,standard,0
CMD-002129,2025-05-10 02:53:04.130688,8,5,1,5.74,146.31,9.75,1,38.1,0.91,normal,banlieue,standard,1
CMD-002130,2025-05-10 04:20:26.604434,12,5,1,11.96,91.91,23.64,1,22.0,0.9,normal,centre,standard,0
CMD-002131,2025-05-10 05:47:49.078179,18,5,1,11.26,165.12,19.42,1,5.0,0.65,normal,banlieue,standard,1
CMD-002132,2025-05-10 07:15:11.551925,22,5,1,7.05,165.69,18.57,1,30.4,0.21,normal,banlieue,standard,1
CMD-002133,2025-05-10 08:42:34.025670,15,5,1,3.28,67.74,7.75,1,20.7,0.47,neige,banlieue,standard,1
CMD-002134,2025-05-10 10:09:56.499416,13,5,1,11.45,198.59,12.31,1,22.0,0.48,normal,centre,standard,1
CMD-002135,2025-05-10 11:37:18.973162,14,5,1,6.87,31.9,21.14,1,22.7,0.78,normal,proche_banlieue,premium,1
CMD-002136,2025-05-10 13:04:41.446907,17,5,1,2.37,206.35,22.03,1,21.6,0.85,normal,banlieue,standard,1
CMD-002137,2025-05-10 14:32:03.920653,15,5,1,4.74,60.87,17.82,1,52.3,0.48,orage,proche_banlieue,standard,1
CMD-002138,2025-05-10 15:59:26.394399,7,5,1,1.57,151.5,11.52,1,41.6,0.54,normal,rurale,standard,1
CMD-002139,2025-05-10 17:26:48.868144,15,5,1,4.93,93.35,2.01,1,32.0,0.38,pluie,centre,standard,1
CMD-002140,2025-05-10 18:54:11.341890,13,5,1,7.33,156.35,3.16,1,27.4,0.78,normal,banlieue,standard,1
CMD-002141,2025-05-10 20:21:33.815635,18,5,1,6.33,74.18,0.21,0,36.3,0.48,normal,centre,standard,0
CMD-002142,2025-05-10 21:48:56.289381,21,5,1,5.77,146.55,9.11,1,27.4,0.76,neige,banlieue,standard,1
CMD-002143,2025-05-10 23:16:18.763127,22,5,1,7.27,11.97,0.78,1,33.2,0.77,pluie,rurale,standard,0
CMD-002144,2025-05-11 00:43:41.236872,16,6,1,9.86,99.87,10.99,1,30.6,0.32,normal,proche_banlieue,standard,1
CMD-002145,2025-05-11 02:11:03.710618,12,6,1,12.62,208.33,15.02,0,26.3,0.91,normal,proche_banlieue,premium,0
CMD-002146,2025-05-11 03:38:26.184364,14,6,1,13.8,121.12,14.98,1,34.4,0.86,normal,rurale,standard,0
CMD-002147,2025-05-11 05:05:48.658109,9,6,1,3.74,129.82,13.97,1,20.8,0.67,normal,proche_banlieue,standard,1
CMD-002148,2025-05-11 06:33:11.131855,21,6,1,14.72,159.18,5.81,0,25.6,0.27,normal,proche_banlieue,standard,0
CMD-002149,2025-05-11 08:00:33.605600,20,6,1,6.88,114.21,13.08,1,15.2,0.33,pluie,proche_banlieue,standard,0
CMD-002150,2025-05-11 09:27:56.079346,20,6,1,5.28,218.1,24.5,1,16.4,0.27,normal,proche_banlieue,standard,1
CMD-002151,2025-05-11 10:55:18.553092,12,6,1,2.89,106.8,11.23,1,5.0,0.57,pluie,banlieue,standard,1
CMD-002152,2025-05-11 12:22:41.026837,12,6,1,9.38,236.21,21.89,1,29.6,0.41,normal,proche_banlieue,standard,1
CMD-002153,2025-05-11 13:50:03.500583,20,6,1,9.12,220.47,9.66,1,32.3,0.86,pluie,centre,premium,1
CMD-002154,2025-05-11 15:17:25.974329,15,6,1,4.4,111.06,15.65,0,35.9,0.55,orage,centre,standard,0
CMD-002155,2025-05-11 16:44:48.448074,18,6,1,4.51,97.79,12.15,1,14.0,0.56,neige,centre,premium,1
CMD-002156,2025-05-11 18:12:10.921820,14,6,1,6.16,172.39,17.28,0,29.4,0.94,normal,rurale,standard,0
CMD-002157,2025-05-11 19:39:33.395565,14,6,1,5.21,191.27,22.45,1,25.0,0.66,normal,rurale,standard,1
CMD-002158,2025-05-11 21:06:55.869311,17,6,1,3.6,54.61,11.13,1,32.4,0.51,normal,proche_banlieue,standard,1
CMD-002159,2025-05-11 22:34:18.343057,20,6,1,2.61,67.85,18.98,1,18.5,0.99,normal,banlieue,standard,1
CMD-002160,2025-05-12 00:01:40.816802,12,0,0,14.83,45.1,22.09,0,21.6,0.57,neige,centre,standard,0
CMD-002161,2025-05-12 01:29:03.290548,19,0,0,4.72,192.57,19.78,1,9.5,0.66,normal,rurale,premium,1
CMD-002162,2025-05-12 02:56:25.764294,10,0,0,9.09,181.46,0.81,1,17.8,0.51,normal,centre,standard,1
CMD-002163,2025-05-12 04:23:48.238039,13,0,0,10.38,55.37,0.2,1,25.0,0.74,normal,centre,standard,1
CMD-002164,2025-05-12 05:51:10.711785,21,0,0,9.41,138.85,22.1,1,26.7,0.82,neige,centre,standard,1
CMD-002165,2025-05-12 07:18:33.185530,22,0,0,10.77,193.42,18.29,1,8.1,0.7,normal,proche_banlieue,standard,1
CMD-002166,2025-05-12 08:45:55.659276,21,0,0,9.34,237.29,23.96,1,19.9,0.4,neige,proche_banlieue,standard,1
CMD-002167,2025-05-12 10:13:18.133022,12,0,0,4.06,52.85,7.45,1,26.6,0.95,neige,centre,standard,1
CMD-002168,2025-05-12 11:40:40.606767,20,0,0,5.44,83.04,19.74,1,39.1,0.61,normal,proche_banlieue,standard,1
CMD-002169,2025-05-12 13:08:03.080513,21,0,0,14.57,93.6,20.08,1,16.5,0.86,pluie,banlieue,standard,1
CMD-002170,2025-05-12 14:35:25.554259,22,0,0,4.61,159.99,21.46,0,29.9,0.21,normal,banlieue,premium,0
CMD-002171,2025-05-12 16:02:48.028004,7,0,0,6.89,42.74,17.36,1,19.4,0.61,normal,centre,standard,1
CMD-002172,2025-05-12 17:30:10.501750,18,0,0,9.89,56.42,3.63,1,20.5,0.95,normal,centre,standard,1
CMD-002173,2025-05-12 18:57:32.975495,22,0,0,18.2,197.3,17.09,1,16.2,0.75,neige,banlieue,standard,1
CMD-002174,2025-05-12 20:24:55.449241,19,0,0,13.7,140.09,15.19,1,14.6,0.29,normal,banlieue,premium,0
CMD-002175,2025-05-12 21:52:17.922987,10,0,0,3.17,48.49,8.48,1,20.3,0.77,normal,proche_banlieue,standard,1
CMD-002176,2025-05-12 23:19:40.396732,19,0,0,8.88,103.22,5.37,0,35.5,0.21,normal,proche_banlieue,standard,0
CMD-002177,2025-05-13 00:47:02.870478,8,1,0,8.16,42.28,22.15,1,17.5,0.49,normal,proche_banlieue,standard,1
CMD-002178,2025-05-13 02:14:25.344224,14,1,0,5.48,97.05,3.72,1,15.9,0.39,normal,proche_banlieue,premium,1
CMD-002179,2025-05-13 03:41:47.817969,17,1,0,7.04,106.05,10.67,1,27.1,0.4,normal,banlieue,standard,1
CMD-002180,2025-05-13 05:09:10.291715,14,1,0,4.03,36.91,15.65,1,25.1,0.23,normal,rurale,standard,1
CMD-002181,2025-05-13 06:36:32.765460,18,1,0,6.07,24.36,24.3,1,24.3,0.69,normal,banlieue,standard,1
CMD-002182,2025-05-13 08:03:55.239206,10,1,0,4.65,221.58,16.84,0,27.5,0.79,normal,centre,standard,1
CMD-002183,2025-05-13 09:31:17.712952,16,1,0,7.44,223.04,7.76,1,14.9,0.43,pluie,rurale,standard,1
CMD-002184,2025-05-13 10:58:40.186697,17,1,0,5.32,10.62,1.7,1,16.0,0.67,normal,centre,standard,1
CMD-002185,2025-05-13 12:26:02.660443,17,1,0,19.12,163.89,8.08,0,34.9,0.6,pluie,rurale,standard,1
CMD-002186,2025-05-13 13:53:25.134189,11,1,0,7.62,32.48,7.46,1,23.5,0.99,normal,proche_banlieue,standard,1
CMD-002187,2025-05-13 15:20:47.607934,11,1,0,6.59,204.43,20.51,1,31.0,0.85,normal,banlieue,premium,1
CMD-002188,2025-05-13 16:48:10.081680,11,1,0,5.83,221.09,9.54,0,37.2,0.96,neige,proche_banlieue,standard,1
CMD-002189,2025-05-13 18:15:32.555425,14,1,0,5.33,157.99,2.64,1,33.5,0.86,pluie,proche_banlieue,standard,0
CMD-002190,2025-05-13 19:42:55.029171,16,1,0,2.37,157.16,21.78,1,11.3,0.73,normal,centre,standard,1
CMD-002191,2025-05-13 21:10:17.502917,12,1,0,11.94,99.16,0.65,0,23.8,0.26,normal,centre,standard,0
CMD-002192,2025-05-13 22:37:39.976662,13,1,0,16.71,69.87,0.27,1,35.4,0.89,normal,proche_banlieue,standard,0
CMD-002193,2025-05-14 00:05:02.450408,11,2,0,4.59,129.82,11.97,0,30.2,0.81,normal,centre,premium,1
CMD-002194,2025-05-14 01:32:24.924154,10,2,0,14.51,42.09,1.92,0,26.8,0.43,neige,proche_banlieue,premium,0
CMD-002195,2025-05-14 02:59:47.397899,17,2,0,29.62,171.33,4.59,1,8.6,0.42,normal,rurale,standard,1
CMD-002196,2025-05-14 04:27:09.871645,20,2,0,22.93,122.82,24.64,1,18.8,0.62,normal,centre,premium,1
CMD-002197,2025-05-14 05:54:32.345390,11,2,0,16.22,52.62,21.14,1,25.7,0.43,normal,banlieue,standard,0
CMD-002198,2025-05-14 07:21:54.819136,20,2,0,2.66,151.2,19.15,1,10.7,0.98,normal,centre,standard,1
CMD-002199,2025-05-14 08:49:17.292882,16,2,0,2.63,200.88,16.84,1,32.9,0.35,normal,banlieue,standard,1
CMD-002200,2025-05-14 10:16:39.766627,9,2,0,10.74,151.31,1.39,1,23.8,0.32,pluie,banlieue,standard,1
CMD-002201,2025-05-14 11:44:02.240373,12,2,0,6.94,137.12,20.93,0,5.2,0.23,normal,banlieue,standard,1
CMD-002202,2025-05-14 13:11:24.714119,7,2,0,0.94,213.45,11.89,0,19.3,0.64,pluie,centre,standard,1
CMD-002203,2025-05-14 14:38:47.187864,7,2,0,5.02,12.58,2.64,0,22.1,0.79,normal,centre,premium,0
CMD-002204,2025-05-14 16:06:09.661610,12,2,0,10.41,158.02,7.66,1,23.7,0.67,normal,centre,premium,1
CMD-002205,2025-05-14 17:33:32.135355,14,2,0,6.14,108.33,12.65,1,39.2,0.37,normal,rurale,standard,1
CMD-002206,2025-05-14 19:00:54.609101,19,2,0,6.97,56.46,0.54,1,30.8,0.94,normal,proche_banlieue,standard,1
CMD-002207,2025-05-14 20:28:17.082847,9,2,0,2.63,245.1,6.46,1,11.3,0.5,normal,banlieue,premium,1
CMD-002208,2025-05-14 21:55:39.556592,20,2,0,4.97,106.92,8.53,0,10.1,0.31,pluie,proche_banlieue,standard,1
CMD-002209,2025-05-14 23:23:02.030338,10,2,0,10.77,90.46,11.7,0,22.3,0.35,pluie,proche_banlieue,standard,0
CMD-002210,2025-05-15 00:50:24.504084,9,3,0,4.78,50.56,0.25,0,26.3,0.55,pluie,proche_banlieue,standard,1
CMD-002211,2025-05-15 02:17:46.977829,18,3,0,15.3,249.46,14.22,1,34.9,0.64,normal,centre,standard,1
CMD-002212,2025-05-15 03:45:09.451575,19,3,0,7.08,215.45,5.1,1,42.3,0.68,normal,proche_banlieue,standard,1
CMD-002213,2025-05-15 05:12:31.925320,16,3,0,9.35,26.79,15.01,1,42.8,0.26,normal,centre,standard,1
CMD-002214,2025-05-15 06:39:54.399066,8,3,0,10.6,145.78,6.13,1,20.6,0.89,normal,centre,standard,1
CMD-002215,2025-05-15 08:07:16.872812,8,3,0,10.31,45.38,10.19,1,34.3,0.47,normal,proche_banlieue,premium,0
CMD-002216,2025-05-15 09:34:39.346557,13,3,0,3.09,181.79,15.67,1,29.3,0.41,neige,banlieue,standard,1
CMD-002217,2025-05-15 11:02:01.820303,14,3,0,3.58,126.18,16.48,1,14.1,0.75,normal,centre,premium,1
CMD-002218,2025-05-15 12:29:24.294049,22,3,0,0.92,36.49,0.96,1,6.1,0.69,orage,centre,standard,1
CMD-002219,2025-05-15 13:56:46.767794,11,3,0,5.43,143.69,13.47,0,26.4,0.99,pluie,centre,standard,1
CMD-002220,2025-05-15 15:24:09.241540,10,3,0,3.35,228.56,20.45,1,10.0,0.53,normal,banlieue,standard,1
CMD-002221,2025-05-15 16:51:31.715285,22,3,0,4.67,91.89,5.32,1,16.5,0.35,normal,centre,standard,1
CMD-002222,2025-05-15 18:18:54.189031,9,3,0,5.87,22.19,13.39,1,18.2,0.98,normal,banlieue,standard,1
CMD-002223,2025-05-15 19:46:16.662777,7,3,0,7.77,236.85,11.3,0,27.2,0.59,normal,proche_banlieue,standard,1
CMD-002224,2025-05-15 21:13:39.136522,13,3,0,6.21,44.03,21.28,1,37.8,0.73,neige,proche_banlieue,standard,1
CMD-002225,2025-05-15 22:41:01.610268,13,3,0,6.12,124.01,11.08,1,25.1,0.23,normal,proche_banlieue,premium,1
CMD-002226,2025-05-16 00:08:24.084014,16,4,0,8.84,140.72,23.61,1,19.6,0.47,normal,proche_banlieue,standard,1
CMD-002227,2025-05-16 01:35:46.557759,21,4,0,6.74,66.9,16.38,1,5.0,0.99,normal,proche_banlieue,standard,1
CMD-002228,2025-05-16 03:03:09.031505,21,4,0,12.54,52.58,14.12,1,29.6,0.97,normal,proche_banlieue,standard,0
CMD-002229,2025-05-16 04:30:31.505250,11,4,0,6.76,37.15,7.44,1,25.3,0.99,normal,rurale,standard,1
CMD-002230,2025-05-16 05:57:53.978996,22,4,0,18.27,26.79,14.99,1,19.5,0.86,pluie,banlieue,standard,0
CMD-002231,2025-05-16 07:25:16.452742,17,4,0,2.98,131.95,3.45,1,36.7,0.6,normal,rurale,standard,1
CMD-002232,2025-05-16 08:52:38.926487,8,4,0,5.35,212.08,10.52,1,13.1,0.66,normal,rurale,standard,1
CMD-002233,2025-05-16 10:20:01.400233,22,4,0,4.09,40.42,7.25,1,18.2,0.26,normal,proche_banlieue,standard,0
CMD-002234,2025-05-16 11:47:23.873978,9,4,0,7.99,178.15,16.82,1,22.5,0.83,normal,banlieue,standard,1
CMD-002235,2025-05-16 13:14:46.347724,16,4,0,2.98,109.03,19.15,1,19.4,0.8,normal,proche_banlieue,standard,1
CMD-002236,2025-05-16 14:42:08.821470,19,4,0,1.91,18.45,23.23,1,30.5,0.77,normal,proche_banlieue,standard,0
CMD-002237,2025-05-16 16:09:31.295215,10,4,0,3.49,138.63,5.71,1,29.6,0.51,normal,banlieue,standard,1
CMD-002238,2025-05-16 17:36:53.768961,11,4,0,2.04,70.48,22.14,1,35.5,0.41,normal,proche_banlieue,standard,1
CMD-002239,2025-05-16 19:04:16.242707,14,4,0,5.93,155.26,21.18,1,30.0,0.85,normal,proche_banlieue,standard,1
CMD-002240,2025-05-16 20:31:38.716452,21,4,0,7.76,93.84,21.59,1,23.8,0.98,normal,centre,premium,1
CMD-002241,2025-05-16 21:59:01.190198,10,4,0,1.64,169.95,18.56,1,21.6,0.54,normal,rurale,premium,1
CMD-002242,2025-05-16 23:26:23.663943,17,4,0,5.1,230.44,6.84,1,29.6,0.24,normal,centre,standard,1
CMD-002243,2025-05-17 00:53:46.137689,14,5,1,13.68,68.69,21.97,1,23.1,0.92,normal,centre,standard,1
CMD-002244,2025-05-17 02:21:08.611435,8,5,1,16.36,235.56,15.07,1,25.5,0.75,pluie,centre,standard,1
CMD-002245,2025-05-17 03:48:31.085180,18,5,1,11.36,59.03,18.57,1,30.1,0.74,normal,banlieue,standard,0
CMD-002246,2025-05-17 05:15:53.558926,20,5,1,0.55,26.97,5.29,1,26.4,0.96,normal,proche_banlieue,standard,1
CMD-002247,2025-05-17 06:43:16.032672,16,5,1,7.26,56.25,4.1,1,28.1,0.74,pluie,rurale,standard,1
CMD-002248,2025-05-17 08:10:38.506417,9,5,1,14.75,205.58,7.07,1,17.1,0.69,orage,proche_banlieue,premium,1
CMD-002249,2025-05-17 09:38:00.980163,9,5,1,4.71,172.61,12.88,1,38.5,0.77,orage,banlieue,standard,1
CMD-002250,2025-05-17 11:05:23.453908,13,5,1,2.41,243.0,10.53,1,13.9,0.59,normal,centre,standard,1
CMD-002251,2025-05-17 12:32:45.927654,15,5,1,14.02,180.36,22.21,1,29.4,0.43,normal,proche_banlieue,standard,0
CMD-002252,2025-05-17 14:00:08.401400,15,5,1,15.41,109.03,0.52,1,20.1,0.4,pluie,banlieue,standard,0
CMD-002253,2025-05-17 15:27:30.875145,10,5,1,6.71,224.18,2.19,1,35.8,0.78,pluie,centre,standard,1
CMD-002254,2025-05-17 16:54:53.348891,15,5,1,2.43,239.95,8.27,1,33.8,0.39,orage,proche_banlieue,standard,1
CMD-002255,2025-05-17 18:22:15.822637,11,5,1,1.44,200.0,4.36,1,25.0,0.94,normal,banlieue,standard,1
CMD-002256,2025-05-17 19:49:38.296382,17,5,1,8.57,143.59,10.29,1,40.5,0.52,normal,banlieue,standard,1
CMD-002257,2025-05-17 21:17:00.770128,19,5,1,4.12,208.18,18.0,1,23.1,0.71,normal,rurale,standard,1
CMD-002258,2025-05-17 22:44:23.243873,17,5,1,6.4,52.97,24.84,1,33.8,0.23,normal,proche_banlieue,standard,1
CMD-002259,2025-05-18 00:11:45.717619,7,6,1,5.9,226.08,5.21,1,17.7,0.56,pluie,centre,standard,1
CMD-002260,2025-05-18 01:39:08.191365,22,6,1,3.33,249.89,6.8,1,29.0,0.52,orage,rurale,standard,1
CMD-002261,2025-05-18 03:06:30.665110,7,6,1,1.36,169.63,19.26,1,15.7,0.8,normal,rurale,premium,1
CMD-002262,2025-05-18 04:33:53.138856,22,6,1,4.81,57.01,6.95,1,25.2,0.24,normal,proche_banlieue,standard,1
CMD-002263,2025-05-18 06:01:15.612602,7,6,1,7.47,44.66,17.65,1,24.5,0.52,normal,centre,standard,1
CMD-002264,2025-05-18 07:28:38.086347,15,6,1,7.72,240.26,14.67,1,33.8,0.89,normal,centre,premium,1
CMD-002265,2025-05-18 08:56:00.560093,8,6,1,3.91,219.12,21.4,1,18.3,0.73,orage,banlieue,standard,1
CMD-002266,2025-05-18 10:23:23.033838,8,6,1,15.2,189.68,1.03,1,55.7,0.82,normal,centre,standard,0
CMD-002267,2025-05-18 11:50:45.507584,17,6,1,2.66,237.79,24.5,1,11.2,0.81,normal,centre,standard,1
CMD-002268,2025-05-18 13:18:07.981330,18,6,1,12.96,130.82,24.11,1,27.3,0.73,normal,proche_banlieue,standard,1
CMD-002269,2025-05-18 14:45:30.455075,8,6,1,7.29,223.06,0.76,1,27.9,0.51,normal,banlieue,standard,1
CMD-002270,2025-05-18 16:12:52.928821,22,6,1,4.84,49.08,12.59,1,30.4,0.52,pluie,proche_banlieue,premium,1
CMD-002271,2025-05-18 17:40:15.402567,12,6,1,9.37,53.87,10.16,0,19.8,0.24,normal,proche_banlieue,standard,1
CMD-002272,2025-05-18 19:07:37.876312,12,6,1,5.64,132.96,6.5,1,27.4,0.36,neige,banlieue,premium,1
CMD-002273,2025-05-18 20:35:00.350058,11,6,1,1.88,89.8,24.45,1,19.4,0.65,normal,banlieue,standard,1
CMD-002274,2025-05-18 22:02:22.823803,14,6,1,2.49,113.8,4.53,1,43.7,0.92,normal,proche_banlieue,standard,1
CMD-002275,2025-05-18 23:29:45.297549,9,6,1,5.36,201.57,6.74,1,18.6,0.69,normal,centre,standard,1
CMD-002276,2025-05-19 00:57:07.771295,13,0,0,4.35,22.82,0.4,1,23.5,0.51,normal,centre,standard,1
CMD-002277,2025-05-19 02:24:30.245040,10,0,0,12.76,183.0,14.59,0,18.4,0.87,normal,centre,premium,1
CMD-002278,2025-05-19 03:51:52.718786,7,0,0,4.19,31.18,21.55,0,17.0,0.56,normal,centre,premium,1
CMD-002279,2025-05-19 05:19:15.192532,12,0,0,3.99,213.4,15.62,1,11.0,0.41,normal,proche_banlieue,standard,1
CMD-002280,2025-05-19 06:46:37.666277,17,0,0,3.57,58.46,16.36,0,31.7,0.26,normal,centre,standard,1
CMD-002281,2025-05-19 08:14:00.140023,19,0,0,3.33,186.39,1.84,1,18.3,0.86,normal,banlieue,standard,1
CMD-002282,2025-05-19 09:41:22.613768,12,0,0,3.42,152.05,17.93,1,17.0,0.69,pluie,centre,standard,1
CMD-002283,2025-05-19 11:08:45.087514,12,0,0,2.16,102.55,10.34,1,15.4,0.66,normal,rurale,standard,1
CMD-002284,2025-05-19 12:36:07.561260,19,0,0,7.52,74.21,11.95,1,28.0,0.78,normal,centre,premium,1
CMD-002285,2025-05-19 14:03:30.035005,17,0,0,6.0,23.79,14.71,1,25.2,0.68,normal,proche_banlieue,standard,0
CMD-002286,2025-05-19 15:30:52.508751,20,0,0,5.82,94.81,24.39,1,25.3,0.48,neige,banlieue,standard,1
CMD-002287,2025-05-19 16:58:14.982497,21,0,0,1.53,58.13,18.75,1,17.4,0.69,normal,rurale,standard,1
CMD-002288,2025-05-19 18:25:37.456242,20,0,0,8.81,42.62,17.16,1,29.4,0.31,normal,centre,standard,1
CMD-002289,2025-05-19 19:52:59.929988,21,0,0,9.44,187.24,10.91,1,18.4,0.44,normal,banlieue,standard,1
CMD-002290,2025-05-19 21:20:22.403733,13,0,0,17.7,61.0,1.05,1,25.7,0.63,normal,banlieue,standard,1
CMD-002291,2025-05-19 22:47:44.877479,13,0,0,9.08,63.56,13.56,1,23.6,0.26,normal,proche_banlieue,standard,1
CMD-002292,2025-05-20 00:15:07.351225,12,1,0,20.06,91.72,16.59,0,8.1,0.86,orage,banlieue,standard,0
CMD-002293,2025-05-20 01:42:29.824970,10,1,0,3.83,121.04,17.66,1,45.3,0.24,pluie,proche_banlieue,standard,1
CMD-002294,2025-05-20 03:09:52.298716,18,1,0,18.33,133.29,15.28,1,30.7,0.5,pluie,proche_banlieue,premium,1
CMD-002295,2025-05-20 04:37:14.772462,18,1,0,9.29,169.49,7.65,0,26.8,0.56,neige,centre,standard,0
CMD-002296,2025-05-20 06:04:37.246207,19,1,0,8.49,151.25,5.68,1,28.4,0.74,normal,centre,standard,1
CMD-002297,2025-05-20 07:31:59.719953,9,1,0,5.71,125.6,2.43,1,45.5,0.32,neige,proche_banlieue,premium,1
CMD-002298,2025-05-20 08:59:22.193698,14,1,0,4.82,104.55,17.63,0,36.4,0.86,orage,centre,standard,1
CMD-002299,2025-05-20 10:26:44.667444,10,1,0,4.07,73.79,24.28,1,28.5,0.54,normal,centre,standard,1
CMD-002300,2025-05-20 11:54:07.141190,21,1,0,18.74,180.39,13.22,1,17.9,0.4,neige,centre,standard,0
CMD-002301,2025-05-20 13:21:29.614935,11,1,0,5.57,86.2,16.89,1,19.5,0.28,pluie,banlieue,premium,1
CMD-002302,2025-05-20 14:48:52.088681,9,1,0,9.41,213.9,17.38,1,7.0,0.94,normal,banlieue,standard,1
CMD-002303,2025-05-20 16:16:14.562427,16,1,0,10.87,150.68,4.2,1,21.3,0.52,normal,banlieue,standard,0
CMD-002304,2025-05-20 17:43:37.036172,21,1,0,10.76,162.15,4.96,1,31.6,0.51,pluie,rurale,standard,1
CMD-002305,2025-05-20 19:10:59.509918,21,1,0,7.54,132.11,5.36,1,31.3,0.34,normal,rurale,standard,1
CMD-002306,2025-05-20 20:38:21.983663,8,1,0,18.1,232.85,23.33,1,31.2,0.61,normal,centre,standard,1
CMD-002307,2025-05-20 22:05:44.457409,12,1,0,8.9,111.18,0.59,1,19.8,0.46,normal,proche_banlieue,standard,1
CMD-002308,2025-05-20 23:33:06.931155,9,1,0,3.99,112.47,13.62,1,30.5,0.33,normal,proche_banlieue,standard,1
CMD-002309,2025-05-21 01:00:29.404900,11,2,0,5.0,224.32,9.55,1,33.2,0.8,normal,centre,standard,1
CMD-002310,2025-05-21 02:27:51.878646,15,2,0,1.62,155.18,16.55,1,5.0,0.92,normal,centre,standard,1
CMD-002311,2025-05-21 03:55:14.352392,11,2,0,8.14,117.8,5.67,1,28.0,0.48,normal,rurale,standard,1
CMD-002312,2025-05-21 05:22:36.826137,8,2,0,9.96,72.92,24.04,1,45.8,0.43,normal,proche_banlieue,standard,1
CMD-002313,2025-05-21 06:49:59.299883,15,2,0,10.56,68.81,8.41,1,22.1,0.5,orage,proche_banlieue,standard,1
CMD-002314,2025-05-21 08:17:21.773628,7,2,0,9.29,202.34,23.16,1,5.0,0.94,normal,banlieue,premium,1
CMD-002315,2025-05-21 09:44:44.247374,10,2,0,5.72,77.07,14.81,1,16.9,0.67,neige,banlieue,standard,1
CMD-002316,2025-05-21 11:12:06.721120,7,2,0,6.55,11.38,10.48,1,6.9,0.33,normal,rurale,standard,1
CMD-002317,2025-05-21 12:39:29.194865,8,2,0,6.57,14.67,18.4,1,18.7,0.71,normal,rurale,standard,1
CMD-002318,2025-05-21 14:06:51.668611,13,2,0,12.79,244.82,13.92,1,12.8,0.52,pluie,centre,standard,1
CMD-002319,2025-05-21 15:34:14.142357,20,2,0,1.04,144.36,3.64,1,34.3,0.21,orage,banlieue,standard,1
CMD-002320,2025-05-21 17:01:36.616102,19,2,0,4.57,127.37,17.67,1,32.8,0.98,pluie,centre,premium,1
CMD-002321,2025-05-21 18:28:59.089848,8,2,0,2.8,230.29,14.57,1,28.4,0.29,neige,rurale,standard,1
CMD-002322,2025-05-21 19:56:21.563593,7,2,0,22.97,94.4,14.23,1,37.3,0.53,normal,centre,standard,0
CMD-002323,2025-05-21 21:23:44.037339,12,2,0,14.51,200.8,18.51,1,19.3,0.73,normal,proche_banlieue,standard,1
CMD-002324,2025-05-21 22:51:06.511085,17,2,0,4.72,183.23,16.41,1,25.7,0.67,neige,rurale,standard,1
CMD-002325,2025-05-22 00:18:28.984830,18,3,0,1.95,124.5,9.28,1,46.9,0.2,normal,banlieue,premium,1
CMD-002326,2025-05-22 01:45:51.458576,20,3,0,2.49,195.91,8.1,1,30.9,0.69,normal,centre,standard,1
CMD-002327,2025-05-22 03:13:13.932322,12,3,0,12.68,241.79,6.42,1,30.8,0.78,normal,centre,standard,1
CMD-002328,2025-05-22 04:40:36.406067,9,3,0,1.57,58.15,14.46,1,17.3,0.88,pluie,proche_banlieue,standard,1
CMD-002329,2025-05-22 06:07:58.879813,7,3,0,6.63,14.2,7.64,1,20.8,0.35,normal,proche_banlieue,standard,1
CMD-002330,2025-05-22 07:35:21.353558,9,3,0,11.31,207.15,3.19,1,15.0,0.23,normal,banlieue,standard,1
CMD-002331,2025-05-22 09:02:43.827304,8,3,0,2.28,106.86,19.61,1,41.8,0.96,normal,centre,premium,1
CMD-002332,2025-05-22 10:30:06.301050,20,3,0,6.58,140.66,5.39,0,9.4,0.74,normal,banlieue,standard,1
CMD-002333,2025-05-22 11:57:28.774795,11,3,0,4.79,63.39,4.29,1,34.1,0.56,normal,proche_banlieue,premium,1
CMD-002334,2025-05-22 13:24:51.248541,20,3,0,4.31,212.03,21.26,1,30.8,0.78,normal,rurale,standard,1
CMD-002335,2025-05-22 14:52:13.722287,15,3,0,3.74,183.09,17.61,0,9.0,0.33,pluie,banlieue,premium,1
CMD-002336,2025-05-22 16:19:36.196032,15,3,0,11.95,238.81,19.2,1,36.4,0.97,normal,rurale,standard,0
CMD-002337,2025-05-22 17:46:58.669778,14,3,0,16.57,124.06,8.89,0,22.4,0.72,pluie,centre,standard,0
CMD-002338,2025-05-22 19:14:21.143523,20,3,0,5.38,244.38,15.51,1,11.8,0.9,normal,rurale,standard,1
CMD-002339,2025-05-22 20:41:43.617269,7,3,0,8.52,132.61,23.32,1,28.6,0.65,normal,rurale,standard,0
CMD-002340,2025-05-22 22:09:06.091015,8,3,0,6.69,159.14,7.21,1,16.8,0.84,normal,proche_banlieue,premium,1
CMD-002341,2025-05-22 23:36:28.564760,13,3,0,1.2,171.79,1.91,1,23.0,0.46,normal,rurale,standard,1
CMD-002342,2025-05-23 01:03:51.038506,13,4,0,5.22,127.55,4.44,1,19.9,0.31,normal,banlieue,standard,1
CMD-002343,2025-05-23 02:31:13.512252,15,4,0,0.96,145.07,22.46,1,16.2,0.48,normal,rurale,standard,1
CMD-002344,2025-05-23 03:58:35.985997,18,4,0,4.48,63.59,7.18,1,13.1,0.92,normal,banlieue,standard,1
CMD-002345,2025-05-23 05:25:58.459743,16,4,0,6.44,96.97,12.38,1,33.0,0.76,normal,rurale,standard,1
CMD-002346,2025-05-23 06:53:20.933488,11,4,0,10.7,178.48,13.46,1,28.2,0.56,pluie,centre,standard,1
CMD-002347,2025-05-23 08:20:43.407234,12,4,0,7.98,19.36,24.01,0,27.6,0.39,normal,centre,standard,0
CMD-002348,2025-05-23 09:48:05.880980,19,4,0,12.16,178.1,7.68,1,21.4,0.68,normal,proche_banlieue,standard,1
CMD-002349,2025-05-23 11:15:28.354725,10,4,0,3.25,82.91,13.13,1,25.5,0.67,normal,banlieue,premium,1
CMD-002350,2025-05-23 12:42:50.828471,15,4,0,15.21,75.24,23.96,1,17.6,0.62,normal,centre,standard,1
CMD-002351,2025-05-23 14:10:13.302217,15,4,0,16.58,176.44,5.19,1,17.5,0.79,normal,proche_banlieue,standard,0
CMD-002352,2025-05-23 15:37:35.775962,19,4,0,0.9,61.59,15.03,1,42.1,0.39,normal,centre,standard,1
CMD-002353,2025-05-23 17:04:58.249708,18,4,0,1.48,240.8,1.78,1,33.8,0.61,normal,rurale,standard,1
CMD-002354,2025-05-23 18:32:20.723453,14,4,0,6.33,247.76,6.72,1,19.4,0.45,normal,banlieue,standard,0
CMD-002355,2025-05-23 19:59:43.197199,11,4,0,4.21,119.94,1.92,1,10.0,0.36,normal,centre,premium,1
CMD-002356,2025-05-23 21:27:05.670945,12,4,0,4.75,106.34,8.39,1,8.0,0.47,orage,centre,premium,1
CMD-002357,2025-05-23 22:54:28.144690,13,4,0,7.93,28.97,5.32,1,18.7,0.84,normal,rurale,premium,1
CMD-002358,2025-05-24 00:21:50.618436,10,5,1,12.49,196.77,20.0,1,26.1,0.29,pluie,proche_banlieue,standard,0
CMD-002359,2025-05-24 01:49:13.092182,17,5,1,3.11,49.05,11.69,0,26.2,0.42,normal,banlieue,standard,1
CMD-002360,2025-05-24 03:16:35.565927,10,5,1,13.9,233.93,10.24,1,26.5,0.63,normal,rurale,standard,0
CMD-002361,2025-05-24 04:43:58.039673,17,5,1,3.68,247.74,17.37,1,28.3,0.52,normal,rurale,premium,1
CMD-002362,2025-05-24 06:11:20.513418,19,5,1,24.98,39.38,23.69,0,14.6,0.86,normal,centre,standard,0
CMD-002363,2025-05-24 07:38:42.987164,22,5,1,15.28,173.92,7.68,1,40.1,0.82,normal,banlieue,standard,1
CMD-002364,2025-05-24 09:06:05.460910,8,5,1,4.0,121.84,1.86,1,23.0,0.74,neige,rurale,standard,0
CMD-002365,2025-05-24 10:33:27.934655,19,5,1,1.99,139.88,2.92,1,27.9,0.43,normal,centre,premium,1
CMD-002366,2025-05-24 12:00:50.408401,8,5,1,3.93,53.1,21.46,1,18.4,0.22,normal,banlieue,standard,1
CMD-002367,2025-05-24 13:28:12.882147,12,5,1,3.5,183.65,21.18,1,28.1,0.45,pluie,banlieue,standard,1
CMD-002368,2025-05-24 14:55:35.355892,9,5,1,9.81,49.99,11.99,1,45.8,0.68,normal,centre,standard,1
CMD-002369,2025-05-24 16:22:57.829638,9,5,1,0.93,222.47,3.86,0,15.1,0.28,pluie,proche_banlieue,standard,0
CMD-002370,2025-05-24 17:50:20.303383,9,5,1,1.5,118.95,13.26,1,13.8,0.86,pluie,centre,standard,1
CMD-002371,2025-05-24 19:17:42.777129,7,5,1,9.62,162.37,16.78,1,16.4,0.99,pluie,centre,premium,1
CMD-002372,2025-05-24 20:45:05.250875,20,5,1,3.37,231.23,8.44,0,21.7,0.79,normal,centre,standard,1
CMD-002373,2025-05-24 22:12:27.724620,7,5,1,4.52,187.11,2.25,1,19.8,0.53,normal,proche_banlieue,standard,1
CMD-002374,2025-05-24 23:39:50.198366,13,5,1,11.28,139.8,8.18,0,14.6,0.84,normal,proche_banlieue,premium,0
CMD-002375,2025-05-25 01:07:12.672112,18,6,1,12.87,106.64,17.33,0,24.5,0.42,normal,rurale,standard,0
CMD-002376,2025-05-25 02:34:35.145857,22,6,1,14.8,120.91,24.46,0,40.6,0.96,pluie,rurale,standard,0
CMD-002377,2025-05-25 04:01:57.619603,20,6,1,10.64,92.0,4.91,1,23.5,0.49,normal,rurale,standard,1
CMD-002378,2025-05-25 05:29:20.093348,9,6,1,5.58,237.08,22.88,1,24.0,0.75,normal,banlieue,standard,1
CMD-002379,2025-05-25 06:56:42.567094,22,6,1,5.23,70.69,11.52,1,28.4,0.22,normal,centre,standard,1
CMD-002380,2025-05-25 08:24:05.040840,17,6,1,4.77,108.24,16.65,1,31.5,0.7,normal,proche_banlieue,standard,1
CMD-002381,2025-05-25 09:51:27.514585,9,6,1,2.29,196.77,21.62,1,38.7,0.44,normal,banlieue,premium,1
CMD-002382,2025-05-25 11:18:49.988331,14,6,1,3.0,97.44,14.03,1,27.4,0.28,normal,rurale,standard,1
CMD-002383,2025-05-25 12:46:12.462077,21,6,1,13.54,222.79,1.72,1,25.0,0.55,normal,proche_banlieue,standard,1
CMD-002384,2025-05-25 14:13:34.935822,13,6,1,3.66,68.34,6.79,0,15.1,0.28,normal,banlieue,standard,1
CMD-002385,2025-05-25 15:40:57.409568,9,6,1,2.3,17.52,20.11,0,32.4,0.35,pluie,rurale,premium,0
CMD-002386,2025-05-25 17:08:19.883313,21,6,1,14.29,160.9,13.91,1,16.6,0.92,normal,banlieue,premium,1
CMD-002387,2025-05-25 18:35:42.357059,22,6,1,7.59,131.98,8.36,1,16.2,0.25,normal,banlieue,standard,1
CMD-002388,2025-05-25 20:03:04.830805,22,6,1,19.0,233.93,14.67,1,26.9,0.7,pluie,rurale,standard,0
CMD-002389,2025-05-25 21:30:27.304550,22,6,1,17.7,111.55,6.86,1,40.4,0.25,pluie,banlieue,standard,1
CMD-002390,2025-05-25 22:57:49.778296,20,6,1,2.49,42.54,6.18,1,32.3,0.77,normal,centre,standard,1
CMD-002391,2025-05-26 00:25:12.252042,14,0,0,6.02,89.14,20.74,1,24.6,0.98,normal,rurale,premium,1
CMD-002392,2025-05-26 01:52:34.725787,10,0,0,2.81,104.37,10.12,1,15.2,0.54,pluie,banlieue,standard,1
CMD-002393,2025-05-26 03:19:57.199533,16,0,0,2.79,149.95,6.99,1,40.2,0.97,normal,centre,standard,1
CMD-002394,2025-05-26 04:47:19.673278,10,0,0,4.66,75.88,10.35,1,24.4,0.71,normal,rurale,standard,1
CMD-002395,2025-05-26 06:14:42.147024,14,0,0,10.01,142.08,23.03,1,22.1,0.68,normal,centre,standard,1
CMD-002396,2025-05-26 07:42:04.620770,17,0,0,10.05,227.93,4.68,1,30.6,0.34,pluie,rurale,premium,1
CMD-002397,2025-05-26 09:09:27.094515,22,0,0,9.2,111.7,4.79,1,20.5,0.96,normal,banlieue,standard,1
CMD-002398,2025-05-26 10:36:49.568261,11,0,0,5.56,166.38,8.97,1,17.5,0.89,normal,centre,standard,1
CMD-002399,2025-05-26 12:04:12.042007,11,0,0,10.42,64.94,1.7,1,18.4,0.31,pluie,rurale,standard,1
CMD-002400,2025-05-26 13:31:34.515752,18,0,0,2.27,202.32,2.06,1,18.4,0.22,normal,centre,standard,1
CMD-002401,2025-05-26 14:58:56.989498,7,0,0,7.68,74.72,0.47,1,13.7,0.49,normal,rurale,standard,0
CMD-002402,2025-05-26 16:26:19.463243,16,0,0,6.6,149.15,3.83,1,12.6,0.33,normal,banlieue,standard,1
CMD-002403,2025-05-26 17:53:41.936989,18,0,0,5.31,82.06,16.08,1,34.7,0.47,pluie,proche_banlieue,standard,0
CMD-002404,2025-05-26 19:21:04.410735,15,0,0,7.89,26.18,5.07,1,31.7,0.97,neige,rurale,standard,1
CMD-002405,2025-05-26 20:48:26.884480,13,0,0,2.86,86.72,9.57,1,16.8,0.89,orage,centre,premium,1
CMD-002406,2025-05-26 22:15:49.358226,20,0,0,9.46,60.89,17.7,1,33.9,0.55,pluie,proche_banlieue,standard,0
CMD-002407,2025-05-26 23:43:11.831971,12,0,0,6.47,224.24,0.99,1,28.1,0.42,normal,banlieue,standard,1
CMD-002408,2025-05-27 01:10:34.305717,18,1,0,1.64,73.88,5.38,0,21.8,0.66,neige,centre,standard,1
CMD-002409,2025-05-27 02:37:56.779463,14,1,0,6.36,243.86,24.9,1,12.7,0.95,normal,centre,standard,1
CMD-002410,2025-05-27 04:05:19.253208,7,1,0,4.25,128.16,15.0,1,28.4,0.83,neige,banlieue,standard,1
CMD-002411,2025-05-27 05:32:41.726954,15,1,0,13.77,63.06,16.57,1,43.7,0.89,normal,proche_banlieue,standard,1
CMD-002412,2025-05-27 07:00:04.200700,7,1,0,2.42,103.92,13.0,1,25.1,0.81,normal,proche_banlieue,standard,1
CMD-002413,2025-05-27 08:27:26.674445,21,1,0,2.5,54.02,24.15,1,35.0,0.6,normal,banlieue,standard,1
CMD-002414,2025-05-27 09:54:49.148191,16,1,0,8.62,210.08,3.78,1,22.9,0.31,normal,proche_banlieue,premium,0
CMD-002415,2025-05-27 11:22:11.621936,12,1,0,5.73,38.79,1.87,1,34.2,0.85,normal,centre,standard,1
CMD-002416,2025-05-27 12:49:34.095682,14,1,0,5.53,219.65,20.44,1,23.5,0.72,normal,centre,premium,1
CMD-002417,2025-05-27 14:16:56.569428,16,1,0,25.08,21.02,0.3,1,5.0,0.82,normal,centre,standard,1
CMD-002418,2025-05-27 15:44:19.043173,11,1,0,10.25,81.91,14.13,1,17.8,0.79,neige,banlieue,standard,0
CMD-002419,2025-05-27 17:11:41.516919,11,1,0,5.0,43.57,0.24,1,26.3,0.4,pluie,centre,standard,1
CMD-002420,2025-05-27 18:39:03.990665,13,1,0,1.44,174.46,8.84,1,35.8,0.43,normal,rurale,standard,0
CMD-002421,2025-05-27 20:06:26.464410,11,1,0,4.78,132.96,16.34,0,23.5,0.89,pluie,centre,premium,1
CMD-002422,2025-05-27 21:33:48.938156,19,1,0,2.2,235.44,13.77,1,25.3,0.53,normal,proche_banlieue,standard,1
CMD-002423,2025-05-27 23:01:11.411901,8,1,0,3.02,97.88,14.08,1,19.1,0.34,normal,banlieue,standard,1
CMD-002424,2025-05-28 00:28:33.885647,20,2,0,3.11,19.78,4.1,1,40.6,0.71,neige,centre,standard,1
CMD-002425,2025-05-28 01:55:56.359393,12,2,0,13.04,192.8,7.51,1,40.0,0.44,normal,proche_banlieue,standard,0
CMD-002426,2025-05-28 03:23:18.833138,15,2,0,1.78,149.08,17.81,1,18.2,0.71,pluie,centre,standard,1
CMD-002427,2025-05-28 04:50:41.306884,9,2,0,12.16,208.58,0.78,1,9.8,0.67,normal,rurale,standard,0
CMD-002428,2025-05-28 06:18:03.780630,13,2,0,8.9,112.27,14.96,1,6.9,0.73,neige,centre,standard,1
CMD-002429,2025-05-28 07:45:26.254375,19,2,0,8.81,187.16,13.02,1,31.0,0.99,pluie,centre,premium,1
CMD-002430,2025-05-28 09:12:48.728121,11,2,0,2.91,51.06,8.73,1,26.4,0.42,normal,banlieue,standard,1
CMD-002431,2025-05-28 10:40:11.201866,9,2,0,11.08,249.89,8.5,1,17.2,0.98,normal,proche_banlieue,premium,1
CMD-002432,2025-05-28 12:07:33.675612,15,2,0,2.62,51.68,20.01,1,27.7,0.81,normal,rurale,standard,1
CMD-002433,2025-05-28 13:34:56.149358,9,2,0,16.76,209.15,9.67,1,12.7,0.88,normal,rurale,standard,1
CMD-002434,2025-05-28 15:02:18.623103,12,2,0,13.24,60.99,2.18,1,32.9,0.84,pluie,banlieue,standard,1
CMD-002435,2025-05-28 16:29:41.096849,14,2,0,18.68,197.8,24.06,1,21.2,0.22,normal,centre,standard,0
CMD-002436,2025-05-28 17:57:03.570595,16,2,0,6.62,216.7,3.43,1,14.2,0.6,normal,banlieue,standard,1
CMD-002437,2025-05-28 19:24:26.044340,17,2,0,5.73,220.39,19.98,1,21.3,0.28,normal,centre,standard,1
CMD-002438,2025-05-28 20:51:48.518086,17,2,0,4.68,124.17,0.55,0,21.0,0.74,normal,centre,standard,1
CMD-002439,2025-05-28 22:19:10.991831,20,2,0,24.73,112.92,9.24,1,28.7,0.25,pluie,centre,premium,0
CMD-002440,2025-05-28 23:46:33.465577,8,2,0,9.95,210.11,12.98,1,36.7,0.23,normal,proche_banlieue,standard,1
CMD-002441,2025-05-29 01:13:55.939323,12,3,0,2.22,149.08,0.94,1,36.1,0.93,pluie,proche_banlieue,standard,1
CMD-002442,2025-05-29 02:41:18.413068,7,3,0,15.49,159.11,18.41,1,26.6,0.93,pluie,banlieue,standard,1
CMD-002443,2025-05-29 04:08:40.886814,7,3,0,5.56,66.66,6.66,1,23.1,0.7,normal,proche_banlieue,standard,1
CMD-002444,2025-05-29 05:36:03.360560,10,3,0,0.38,117.08,13.62,1,19.3,0.57,normal,centre,standard,1
CMD-002445,2025-05-29 07:03:25.834305,16,3,0,3.49,98.67,19.85,1,7.3,0.86,normal,centre,standard,1
CMD-002446,2025-05-29 08:30:48.308051,21,3,0,13.24,169.68,14.86,1,24.8,0.97,neige,proche_banlieue,standard,1
CMD-002447,2025-05-29 09:58:10.781796,19,3,0,8.92,57.16,11.5,1,16.5,0.24,normal,banlieue,premium,1
CMD-002448,2025-05-29 11:25:33.255542,17,3,0,10.21,107.38,8.54,1,37.2,0.28,normal,centre,standard,1
CMD-002449,2025-05-29 12:52:55.729288,19,3,0,15.39,213.7,1.32,1,23.0,0.92,normal,banlieue,standard,1
CMD-002450,2025-05-29 14:20:18.203033,9,3,0,1.19,141.15,22.84,1,32.5,0.28,normal,rurale,standard,1
CMD-002451,2025-05-29 15:47:40.676779,20,3,0,3.52,225.05,14.88,1,20.2,0.77,normal,centre,standard,1
CMD-002452,2025-05-29 17:15:03.150525,21,3,0,6.74,65.81,15.86,1,18.2,0.64,normal,banlieue,premium,1
CMD-002453,2025-05-29 18:42:25.624270,8,3,0,13.51,115.58,11.12,0,31.0,0.62,normal,rurale,standard,0
CMD-002454,2025-05-29 20:09:48.098016,14,3,0,2.61,130.1,9.44,1,27.8,0.28,normal,rurale,premium,1
CMD-002455,2025-05-29 21:37:10.571761,20,3,0,4.97,106.14,1.36,1,28.2,0.78,neige,centre,standard,1
CMD-002456,2025-05-29 23:04:33.045507,14,3,0,6.42,174.28,4.39,1,24.1,0.68,neige,centre,standard,1
CMD-002457,2025-05-30 00:31:55.519253,20,4,0,3.37,45.69,10.75,0,32.9,0.94,normal,banlieue,standard,1
CMD-002458,2025-05-30 01:59:17.992998,21,4,0,6.36,134.66,6.19,1,31.4,0.58,normal,proche_banlieue,standard,1
CMD-002459,2025-05-30 03:26:40.466744,14,4,0,5.71,43.31,1.3,1,5.0,0.93,normal,centre,premium,1
CMD-002460,2025-05-30 04:54:02.940490,7,4,0,4.16,161.01,13.74,1,22.4,0.35,normal,proche_banlieue,standard,1
CMD-002461,2025-05-30 06:21:25.414235,12,4,0,11.06,209.26,11.71,1,35.1,0.36,normal,proche_banlieue,standard,1
CMD-002462,2025-05-30 07:48:47.887981,10,4,0,9.72,14.8,10.65,1,14.8,0.96,normal,centre,standard,1
CMD-002463,2025-05-30 09:16:10.361726,14,4,0,11.4,119.66,19.65,1,8.1,0.28,normal,centre,standard,1
CMD-002464,2025-05-30 10:43:32.835472,16,4,0,12.1,128.25,15.07,0,23.6,0.39,normal,banlieue,standard,0
CMD-002465,2025-05-30 12:10:55.309218,14,4,0,1.58,182.86,0.24,1,30.2,0.31,normal,proche_banlieue,standard,1
CMD-002466,2025-05-30 13:38:17.782963,10,4,0,1.77,27.93,19.1,1,20.4,0.77,pluie,centre,standard,1
CMD-002467,2025-05-30 15:05:40.256709,11,4,0,10.42,107.44,12.17,1,37.9,0.82,orage,rurale,standard,1
CMD-002468,2025-05-30 16:33:02.730455,17,4,0,4.48,198.52,13.02,1,43.4,0.92,pluie,banlieue,standard,1
CMD-002469,2025-05-30 18:00:25.204200,7,4,0,4.03,137.71,22.26,0,5.7,0.32,normal,proche_banlieue,standard,1
CMD-002470,2025-05-30 19:27:47.677946,10,4,0,3.54,189.96,2.91,1,21.2,0.46,normal,centre,standard,1
CMD-002471,2025-05-30 20:55:10.151691,21,4,0,11.68,97.36,15.07,1,5.0,0.45,normal,banlieue,standard,1
CMD-002472,2025-05-30 22:22:32.625437,8,4,0,23.71,230.82,7.2,1,31.6,0.98,neige,banlieue,standard,0
CMD-002473,2025-05-30 23:49:55.099183,13,4,0,12.06,28.56,1.11,1,18.2,0.67,pluie,rurale,standard,1
CMD-002474,2025-05-31 01:17:17.572928,10,5,1,4.32,31.88,11.05,1,20.2,0.47,normal,centre,premium,1
CMD-002475,2025-05-31 02:44:40.046674,8,5,1,11.27,136.84,7.23,1,36.5,0.44,normal,banlieue,standard,1
CMD-002476,2025-05-31 04:12:02.520420,13,5,1,1.71,123.0,0.24,1,11.7,0.46,normal,centre,standard,1
CMD-002477,2025-05-31 05:39:24.994165,15,5,1,5.4,163.23,12.43,1,9.2,0.77,normal,rurale,standard,1
CMD-002478,2025-05-31 07:06:47.467911,9,5,1,1.19,64.97,7.92,1,5.0,0.64,orage,centre,standard,1
CMD-002479,2025-05-31 08:34:09.941656,8,5,1,4.49,64.25,10.97,0,37.7,0.7,neige,proche_banlieue,standard,1
CMD-002480,2025-05-31 10:01:32.415402,9,5,1,7.29,189.79,0.49,1,35.4,0.58,normal,banlieue,standard,1
CMD-002481,2025-05-31 11:28:54.889148,17,5,1,26.6,80.02,10.16,1,22.1,0.22,pluie,banlieue,standard,0
CMD-002482,2025-05-31 12:56:17.362893,20,5,1,14.24,184.55,11.87,0,12.2,0.75,normal,banlieue,standard,0
CMD-002483,2025-05-31 14:23:39.836639,9,5,1,1.22,163.77,11.76,1,33.3,0.78,normal,proche_banlieue,standard,1
CMD-002484,2025-05-31 15:51:02.310385,12,5,1,1.35,30.0,17.98,1,52.5,0.34,neige,rurale,standard,1
CMD-002485,2025-05-31 17:18:24.784130,12,5,1,3.39,180.67,24.78,1,22.6,0.72,pluie,proche_banlieue,standard,1
CMD-002486,2025-05-31 18:45:47.257876,12,5,1,20.25,221.08,0.89,1,13.0,0.9,normal,proche_banlieue,standard,1
CMD-002487,2025-05-31 20:13:09.731621,10,5,1,1.28,206.0,10.02,1,37.4,0.68,pluie,rurale,standard,1
CMD-002488,2025-05-31 21:40:32.205367,7,5,1,3.57,12.13,21.45,1,13.7,0.73,normal,proche_banlieue,standard,1
CMD-002489,2025-05-31 23:07:54.679113,15,5,1,3.55,139.53,15.72,1,21.3,0.76,normal,banlieue,standard,1
CMD-002490,2025-06-01 00:35:17.152858,12,6,1,8.61,229.2,24.59,0,5.0,0.46,orage,proche_banlieue,standard,0
CMD-002491,2025-06-01 02:02:39.626604,12,6,1,11.47,153.69,17.89,1,22.0,0.32,pluie,centre,premium,1
CMD-002492,2025-06-01 03:30:02.100350,11,6,1,9.79,79.68,18.16,1,12.2,0.58,normal,proche_banlieue,standard,1
CMD-002493,2025-06-01 04:57:24.574095,21,6,1,7.76,56.69,2.09,1,37.6,0.39,normal,proche_banlieue,premium,1
CMD-002494,2025-06-01 06:24:47.047841,16,6,1,1.64,174.39,7.03,0,15.2,0.75,pluie,centre,premium,1
CMD-002495,2025-06-01 07:52:09.521586,13,6,1,6.89,195.1,14.68,0,32.8,0.77,orage,proche_banlieue,standard,0
CMD-002496,2025-06-01 09:19:31.995332,10,6,1,15.68,229.02,13.16,1,24.0,0.21,normal,banlieue,standard,1
CMD-002497,2025-06-01 10:46:54.469078,19,6,1,19.27,227.37,19.11,1,26.3,0.96,normal,centre,standard,1
CMD-002498,2025-06-01 12:14:16.942823,21,6,1,8.44,91.43,24.84,1,30.2,0.94,normal,proche_banlieue,standard,1
CMD-002499,2025-06-01 13:41:39.416569,7,6,1,1.23,154.93,5.33,1,24.5,0.31,normal,proche_banlieue,standard,1
CMD-002500,2025-06-01 15:09:01.890315,21,6,1,8.55,34.36,10.82,0,18.5,0.58,normal,centre,standard,1
CMD-002501,2025-06-01 16:36:24.364060,18,6,1,5.7,32.67,21.7,1,16.9,0.37,normal,centre,standard,1
CMD-002502,2025-06-01 18:03:46.837806,8,6,1,1.45,27.15,20.99,1,30.1,0.97,normal,banlieue,standard,1
CMD-002503,2025-06-01 19:31:09.311551,19,6,1,2.47,232.51,20.47,1,6.0,0.65,orage,proche_banlieue,standard,1
CMD-002504,2025-06-01 20:58:31.785297,8,6,1,2.91,46.58,15.59,1,41.8,0.76,normal,rurale,standard,1
CMD-002505,2025-06-01 22:25:54.259043,7,6,1,10.44,125.76,24.83,1,26.3,0.98,pluie,banlieue,standard,0
CMD-002506,2025-06-01 23:53:16.732788,8,6,1,18.73,113.94,9.08,1,21.6,0.74,orage,rurale,standard,1
CMD-002507,2025-06-02 01:20:39.206534,14,0,0,9.34,87.95,3.08,1,27.7,0.9,normal,centre,standard,1
CMD-002508,2025-06-02 02:48:01.680280,16,0,0,10.68,139.06,3.49,1,19.1,0.39,normal,proche_banlieue,standard,0
CMD-002509,2025-06-02 04:15:24.154025,13,0,0,6.01,10.67,11.01,1,23.2,0.38,neige,proche_banlieue,standard,1
CMD-002510,2025-06-02 05:42:46.627771,8,0,0,3.98,101.24,20.16,1,13.7,0.55,normal,proche_banlieue,standard,0
CMD-002511,2025-06-02 07:10:09.101516,10,0,0,9.52,125.04,11.43,0,28.8,0.91,normal,rurale,standard,1
CMD-002512,2025-06-02 08:37:31.575262,20,0,0,7.83,202.79,15.36,1,24.2,0.23,normal,proche_banlieue,standard,1
CMD-002513,2025-06-02 10:04:54.049008,22,0,0,3.16,178.23,9.08,1,26.9,0.55,normal,centre,premium,1
CMD-002514,2025-06-02 11:32:16.522753,19,0,0,7.45,213.94,17.93,1,39.8,0.86,normal,banlieue,standard,0
CMD-002515,2025-06-02 12:59:38.996499,8,0,0,6.32,100.31,4.0,0,17.0,0.34,pluie,centre,standard,1
CMD-002516,2025-06-02 14:27:01.470245,20,0,0,4.94,43.82,13.1,1,23.7,0.69,orage,centre,standard,1
CMD-002517,2025-06-02 15:54:23.943990,18,0,0,3.86,106.25,4.79,0,8.5,0.26,normal,proche_banlieue,standard,1
CMD-002518,2025-06-02 17:21:46.417736,15,0,0,8.44,241.13,11.82,1,30.5,0.21,normal,centre,standard,1
CMD-002519,2025-06-02 18:49:08.891481,9,0,0,4.08,61.44,10.88,1,24.8,0.46,normal,banlieue,standard,1
CMD-002520,2025-06-02 20:16:31.365227,22,0,0,23.73,51.94,15.19,1,25.2,0.84,normal,proche_banlieue,standard,0
CMD-002521,2025-06-02 21:43:53.838973,14,0,0,9.12,236.64,12.84,1,23.4,0.23,normal,rurale,standard,0
CMD-002522,2025-06-02 23:11:16.312718,7,0,0,8.54,237.98,24.4,1,19.2,0.49,normal,proche_banlieue,standard,1
CMD-002523,2025-06-03 00:38:38.786464,10,1,0,5.52,45.82,22.53,1,50.0,0.78,normal,proche_banlieue,standard,1
CMD-002524,2025-06-03 02:06:01.260210,13,1,0,4.6,194.67,7.49,1,25.4,0.5,normal,proche_banlieue,premium,1
CMD-002525,2025-06-03 03:33:23.733955,7,1,0,0.93,113.14,3.21,1,28.0,0.58,normal,banlieue,standard,1
CMD-002526,2025-06-03 05:00:46.207701,12,1,0,3.35,128.13,1.81,1,13.6,0.6,normal,centre,standard,1
CMD-002527,2025-06-03 06:28:08.681446,14,1,0,1.2,129.69,5.11,1,33.9,0.93,pluie,proche_banlieue,standard,1
CMD-002528,2025-06-03 07:55:31.155192,22,1,0,1.18,242.41,5.71,1,23.8,0.9,normal,centre,standard,1
CMD-002529,2025-06-03 09:22:53.628938,8,1,0,2.13,54.32,22.24,1,29.5,0.25,neige,proche_banlieue,standard,1
CMD-002530,2025-06-03 10:50:16.102683,16,1,0,14.58,195.54,23.14,1,34.0,0.75,neige,rurale,standard,0
CMD-002531,2025-06-03 12:17:38.576429,21,1,0,14.54,11.36,5.92,1,24.0,0.63,neige,banlieue,standard,1
CMD-002532,2025-06-03 13:45:01.050175,19,1,0,3.42,160.87,19.02,0,18.2,0.48,normal,proche_banlieue,standard,1
CMD-002533,2025-06-03 15:12:23.523920,21,1,0,1.6,166.64,20.93,1,5.0,0.59,normal,centre,standard,1
CMD-002534,2025-06-03 16:39:45.997666,9,1,0,4.43,190.89,9.56,1,21.1,0.9,normal,proche_banlieue,standard,0
CMD-002535,2025-06-03 18:07:08.471411,19,1,0,10.37,232.23,21.82,1,18.2,0.82,normal,banlieue,standard,1
CMD-002536,2025-06-03 19:34:30.945157,22,1,0,12.6,190.92,24.72,1,13.6,0.65,normal,proche_banlieue,standard,0
CMD-002537,2025-06-03 21:01:53.418903,12,1,0,7.37,185.71,24.2,1,39.5,0.34,normal,rurale,standard,0
CMD-002538,2025-06-03 22:29:15.892648,14,1,0,8.36,70.91,18.6,1,34.8,0.69,normal,proche_banlieue,standard,1
CMD-002539,2025-06-03 23:56:38.366394,15,1,0,7.78,248.28,9.42,1,6.7,0.6,pluie,centre,premium,1
CMD-002540,2025-06-04 01:24:00.840140,14,2,0,1.3,122.42,5.83,1,26.5,0.56,normal,banlieue,premium,1
CMD-002541,2025-06-04 02:51:23.313885,11,2,0,1.77,110.19,24.82,1,16.8,0.96,normal,proche_banlieue,standard,1
CMD-002542,2025-06-04 04:18:45.787631,22,2,0,19.25,130.45,7.05,1,28.7,0.99,normal,proche_banlieue,premium,1
CMD-002543,2025-06-04 05:46:08.261376,22,2,0,7.35,104.57,11.07,1,17.0,0.96,pluie,rurale,standard,1
CMD-002544,2025-06-04 07:13:30.735122,13,2,0,0.68,152.47,6.75,1,19.6,0.79,pluie,banlieue,premium,1
CMD-002545,2025-06-04 08:40:53.208868,19,2,0,8.73,93.91,12.5,1,34.6,0.68,pluie,rurale,premium,1
CMD-002546,2025-06-04 10:08:15.682613,13,2,0,2.79,67.59,2.94,1,33.2,0.46,normal,banlieue,standard,1
CMD-002547,2025-06-04 11:35:38.156359,19,2,0,13.3,232.72,20.26,1,40.1,0.96,normal,proche_banlieue,premium,0
CMD-002548,2025-06-04 13:03:00.630105,16,2,0,12.34,232.68,12.73,1,22.8,0.56,normal,proche_banlieue,standard,0
CMD-002549,2025-06-04 14:30:23.103850,14,2,0,9.97,129.1,10.6,0,10.4,0.36,normal,proche_banlieue,standard,0
CMD-002550,2025-06-04 15:57:45.577596,9,2,0,7.28,240.92,9.21,1,34.2,0.29,normal,centre,standard,1
CMD-002551,2025-06-04 17:25:08.051341,17,2,0,15.55,109.77,14.58,1,34.3,0.87,neige,banlieue,standard,1
CMD-002552,2025-06-04 18:52:30.525087,12,2,0,16.63,102.97,19.54,1,31.3,0.46,normal,centre,standard,1
CMD-002553,2025-06-04 20:19:52.998833,10,2,0,2.85,230.06,22.58,1,17.6,0.81,normal,rurale,standard,1
CMD-002554,2025-06-04 21:47:15.472578,10,2,0,9.89,161.9,21.07,1,14.3,0.7,normal,centre,premium,1
CMD-002555,2025-06-04 23:14:37.946324,22,2,0,3.9,193.0,11.25,1,30.4,0.43,normal,centre,standard,0
CMD-002556,2025-06-05 00:42:00.420070,8,3,0,2.49,109.06,20.88,1,16.1,0.88,normal,centre,standard,1
CMD-002557,2025-06-05 02:09:22.893815,19,3,0,16.62,107.68,13.31,1,21.9,0.88,normal,proche_banlieue,standard,1
CMD-002558,2025-06-05 03:36:45.367561,20,3,0,11.04,29.99,16.03,1,54.1,0.34,normal,centre,premium,1
CMD-002559,2025-06-05 05:04:07.841306,7,3,0,7.74,242.02,16.93,1,46.3,0.3,normal,centre,standard,1
CMD-002560,2025-06-05 06:31:30.315052,16,3,0,3.11,64.71,10.11,1,32.9,0.68,normal,banlieue,standard,1
CMD-002561,2025-06-05 07:58:52.788798,16,3,0,16.95,128.62,12.25,1,18.4,0.39,normal,proche_banlieue,premium,0
CMD-002562,2025-06-05 09:26:15.262543,12,3,0,2.75,37.51,17.38,1,17.8,0.47,normal,centre,standard,1
CMD-002563,2025-06-05 10:53:37.736289,17,3,0,2.2,165.27,7.84,1,32.2,0.95,normal,proche_banlieue,standard,1
CMD-002564,2025-06-05 12:21:00.210035,13,3,0,6.33,103.81,18.72,0,40.0,0.34,pluie,centre,standard,1
CMD-002565,2025-06-05 13:48:22.683780,14,3,0,10.37,194.24,8.98,1,19.9,0.58,normal,rurale,premium,0
CMD-002566,2025-06-05 15:15:45.157526,13,3,0,4.8,136.81,14.72,1,20.4,0.44,normal,rurale,standard,1
CMD-002567,2025-06-05 16:43:07.631271,19,3,0,7.19,41.08,20.97,1,25.9,0.48,normal,proche_banlieue,premium,1
CMD-002568,2025-06-05 18:10:30.105017,17,3,0,3.89,12.58,0.78,0,11.1,0.5,normal,centre,standard,1
CMD-002569,2025-06-05 19:37:52.578763,13,3,0,4.27,60.99,6.16,1,11.4,0.41,pluie,centre,standard,0
CMD-002570,2025-06-05 21:05:15.052508,21,3,0,20.71,183.84,14.12,1,13.2,0.81,pluie,banlieue,premium,1
CMD-002571,2025-06-05 22:32:37.526254,19,3,0,5.88,208.84,2.83,1,30.5,0.85,pluie,centre,standard,1
CMD-002572,2025-06-06 00:00:00.000000,21,4,0,16.23,91.92,5.3,1,27.7,0.63,normal,banlieue,standard,1
CMD-002573,2025-06-06 01:27:22.473745,18,4,0,1.13,138.62,18.78,1,36.4,0.92,pluie,centre,standard,0
CMD-002574,2025-06-06 02:54:44.947491,13,4,0,13.49,67.6,0.84,1,7.6,0.31,normal,banlieue,premium,1
CMD-002575,2025-06-06 04:22:07.421236,19,4,0,3.25,221.31,15.33,0,9.8,0.61,pluie,proche_banlieue,standard,1
CMD-002576,2025-06-06 05:49:29.894982,12,4,0,11.22,241.65,1.05,1,29.6,0.86,normal,centre,standard,1
CMD-002577,2025-06-06 07:16:52.368728,11,4,0,3.23,190.71,3.07,1,16.3,0.7,normal,centre,standard,1
CMD-002578,2025-06-06 08:44:14.842473,14,4,0,4.53,31.33,9.88,1,17.0,0.99,pluie,banlieue,premium,1
CMD-002579,2025-06-06 10:11:37.316219,22,4,0,2.42,114.91,24.13,1,35.1,0.68,pluie,banlieue,premium,1
CMD-002580,2025-06-06 11:38:59.789964,16,4,0,11.38,247.72,13.74,0,19.5,0.97,normal,proche_banlieue,standard,1
CMD-002581,2025-06-06 13:06:22.263710,13,4,0,12.65,65.05,7.94,1,20.6,0.28,neige,proche_banlieue,standard,1
CMD-002582,2025-06-06 14:33:44.737456,14,4,0,3.35,170.91,10.4,1,22.5,0.23,normal,banlieue,standard,1
CMD-002583,2025-06-06 16:01:07.211201,11,4,0,1.49,235.26,14.31,1,23.1,0.49,normal,centre,standard,1
CMD-002584,2025-06-06 17:28:29.684947,17,4,0,16.07,195.57,15.56,1,31.8,0.87,normal,banlieue,premium,0
CMD-002585,2025-06-06 18:55:52.158693,12,4,0,3.71,156.13,6.84,0,12.9,0.24,pluie,banlieue,standard,1
CMD-002586,2025-06-06 20:23:14.632438,15,4,0,5.64,131.61,5.09,1,23.1,0.4,orage,centre,standard,1
CMD-002587,2025-06-06 21:50:37.106184,12,4,0,2.83,232.92,12.48,1,36.6,0.99,pluie,banlieue,standard,1
CMD-002588,2025-06-06 23:17:59.579929,12,4,0,10.61,104.74,16.19,1,46.3,0.71,normal,rurale,standard,1
CMD-002589,2025-06-07 00:45:22.053675,22,5,1,10.8,226.3,20.45,1,11.4,0.51,normal,rurale,standard,1
CMD-002590,2025-06-07 02:12:44.527421,12,5,1,17.9,113.45,14.9,1,28.3,0.26,normal,centre,premium,0
CMD-002591,2025-06-07 03:40:07.001166,8,5,1,13.76,191.57,17.37,1,23.1,0.8,pluie,rurale,standard,1
CMD-002592,2025-06-07 05:07:29.474912,13,5,1,13.12,229.77,12.2,1,24.0,0.94,orage,centre,standard,1
CMD-002593,2025-06-07 06:34:51.948658,15,5,1,6.06,142.15,14.25,1,17.1,0.79,neige,proche_banlieue,standard,1
CMD-002594,2025-06-07 08:02:14.422403,8,5,1,5.49,84.37,15.96,1,32.6,0.29,normal,proche_banlieue,standard,1
CMD-002595,2025-06-07 09:29:36.896149,11,5,1,10.51,22.24,6.06,1,32.0,0.63,normal,centre,standard,1
CMD-002596,2025-06-07 10:56:59.369894,9,5,1,5.79,204.22,23.37,1,50.2,0.52,normal,proche_banlieue,standard,1
CMD-002597,2025-06-07 12:24:21.843640,15,5,1,14.09,159.28,8.76,1,11.8,0.92,normal,rurale,standard,1
CMD-002598,2025-06-07 13:51:44.317386,18,5,1,2.67,73.13,15.2,1,7.5,0.81,orage,centre,premium,1
CMD-002599,2025-06-07 15:19:06.791131,22,5,1,1.11,220.58,14.11,1,45.5,0.84,normal,proche_banlieue,standard,1
CMD-002600,2025-06-07 16:46:29.264877,13,5,1,9.64,230.87,21.36,1,24.5,0.53,pluie,banlieue,premium,0
CMD-002601,2025-06-07 18:13:51.738623,20,5,1,4.12,222.92,3.02,1,20.4,0.22,normal,centre,standard,1
CMD-002602,2025-06-07 19:41:14.212368,10,5,1,2.3,154.36,22.13,1,26.9,0.81,pluie,rurale,standard,1
CMD-002603,2025-06-07 21:08:36.686114,19,5,1,25.53,244.38,3.6,1,11.1,0.71,neige,rurale,standard,0
CMD-002604,2025-06-07 22:35:59.159859,16,5,1,6.51,219.95,3.78,1,28.8,0.31,normal,centre,standard,1
CMD-002605,2025-06-08 00:03:21.633605,19,6,1,1.82,35.02,21.58,1,24.2,0.81,normal,proche_banlieue,standard,1
CMD-002606,2025-06-08 01:30:44.107351,19,6,1,3.71,245.47,6.58,1,35.7,0.32,normal,centre,standard,1
CMD-002607,2025-06-08 02:58:06.581096,15,6,1,5.12,141.71,15.37,1,33.6,0.79,normal,rurale,standard,1
CMD-002608,2025-06-08 04:25:29.054842,11,6,1,9.5,230.81,11.7,1,34.4,0.77,normal,centre,premium,1
CMD-002609,2025-06-08 05:52:51.528588,15,6,1,3.73,192.48,23.37,1,26.9,0.21,normal,proche_banlieue,standard,0
CMD-002610,2025-06-08 07:20:14.002333,20,6,1,5.71,165.42,19.6,1,41.0,0.82,normal,banlieue,standard,1
CMD-002611,2025-06-08 08:47:36.476079,22,6,1,7.94,88.4,8.51,1,30.8,0.53,normal,banlieue,standard,1
CMD-002612,2025-06-08 10:14:58.949824,21,6,1,9.07,16.49,20.37,1,19.7,0.61,normal,banlieue,standard,1
CMD-002613,2025-06-08 11:42:21.423570,9,6,1,6.04,76.42,5.8,1,16.9,0.97,pluie,centre,standard,1
CMD-002614,2025-06-08 13:09:43.897316,16,6,1,20.49,174.6,15.47,0,18.0,0.94,pluie,banlieue,standard,0
CMD-002615,2025-06-08 14:37:06.371061,8,6,1,10.69,217.15,18.84,1,30.9,0.51,orage,banlieue,premium,1
CMD-002616,2025-06-08 16:04:28.844807,17,6,1,10.28,10.56,17.64,1,11.7,0.77,normal,proche_banlieue,premium,1
CMD-002617,2025-06-08 17:31:51.318553,22,6,1,10.01,59.91,16.49,0,26.6,0.61,normal,banlieue,premium,0
CMD-002618,2025-06-08 18:59:13.792298,7,6,1,14.16,171.54,20.78,1,16.7,0.86,normal,centre,standard,1
CMD-002619,2025-06-08 20:26:36.266044,17,6,1,7.55,78.07,13.99,1,12.5,0.46,neige,centre,standard,1
CMD-002620,2025-06-08 21:53:58.739789,22,6,1,2.63,44.01,23.22,0,14.1,0.58,normal,centre,premium,0
CMD-002621,2025-06-08 23:21:21.213535,20,6,1,8.75,29.66,3.79,1,24.8,0.29,neige,proche_banlieue,premium,0
CMD-002622,2025-06-09 00:48:43.687281,13,0,0,9.58,163.09,9.02,1,32.6,0.94,neige,centre,standard,1
CMD-002623,2025-06-09 02:16:06.161026,8,0,0,15.7,152.77,19.62,1,18.2,0.92,normal,centre,standard,1
CMD-002624,2025-06-09 03:43:28.634772,21,0,0,2.38,216.07,7.84,0,5.0,0.42,normal,proche_banlieue,standard,1
CMD-002625,2025-06-09 05:10:51.108518,21,0,0,2.97,85.56,11.19,1,56.5,0.67,normal,banlieue,standard,0
CMD-002626,2025-06-09 06:38:13.582263,16,0,0,6.67,42.81,19.37,1,36.2,0.5,normal,proche_banlieue,standard,1
CMD-002627,2025-06-09 08:05:36.056009,22,0,0,10.21,201.8,13.56,1,34.3,0.32,orage,banlieue,premium,1
CMD-002628,2025-06-09 09:32:58.529754,7,0,0,1.98,247.16,4.85,0,41.3,0.24,normal,proche_banlieue,premium,0
CMD-002629,2025-06-09 11:00:21.003500,16,0,0,2.45,96.49,4.54,1,25.9,0.86,pluie,proche_banlieue,standard,1
CMD-002630,2025-06-09 12:27:43.477246,7,0,0,11.99,217.68,7.67,1,23.6,0.43,normal,centre,standard,0
CMD-002631,2025-06-09 13:55:05.950991,21,0,0,2.06,193.01,7.71,1,38.6,0.61,pluie,banlieue,standard,1
CMD-002632,2025-06-09 15:22:28.424737,17,0,0,3.0,228.78,3.59,1,38.5,0.92,normal,banlieue,standard,1
CMD-002633,2025-06-09 16:49:50.898483,21,0,0,12.53,111.85,20.9,1,31.2,0.22,normal,centre,standard,1
CMD-002634,2025-06-09 18:17:13.372228,16,0,0,10.11,34.31,7.21,1,33.8,0.64,pluie,centre,standard,1
CMD-002635,2025-06-09 19:44:35.845974,8,0,0,3.76,38.41,20.1,1,12.6,0.96,normal,centre,premium,1
CMD-002636,2025-06-09 21:11:58.319719,7,0,0,9.29,193.17,24.34,1,22.4,0.85,orage,proche_banlieue,premium,1
CMD-002637,2025-06-09 22:39:20.793465,12,0,0,8.03,217.2,8.43,1,42.0,0.38,pluie,centre,premium,1
CMD-002638,2025-06-10 00:06:43.267211,18,1,0,5.86,119.68,24.26,1,33.0,0.36,normal,banlieue,standard,1
CMD-002639,2025-06-10 01:34:05.740956,9,1,0,4.7,24.3,4.94,1,10.4,0.81,normal,proche_banlieue,standard,1
CMD-002640,2025-06-10 03:01:28.214702,20,1,0,9.02,26.01,16.26,1,19.7,0.26,normal,rurale,standard,1
CMD-002641,2025-06-10 04:28:50.688448,10,1,0,2.24,153.66,24.78,1,40.4,0.68,normal,centre,standard,1
CMD-002642,2025-06-10 05:56:13.162193,14,1,0,8.95,230.47,20.25,1,29.6,0.39,normal,proche_banlieue,standard,0
CMD-002643,2025-06-10 07:23:35.635939,10,1,0,7.49,105.9,5.9,1,26.8,0.87,normal,rurale,standard,1
CMD-002644,2025-06-10 08:50:58.109684,14,1,0,7.89,166.15,6.58,1,27.1,0.5,neige,centre,standard,1
CMD-002645,2025-06-10 10:18:20.583430,14,1,0,2.89,140.08,6.71,1,24.2,0.53,orage,banlieue,standard,0
CMD-002646,2025-06-10 11:45:43.057176,7,1,0,15.97,223.54,23.59,1,19.8,0.84,normal,centre,standard,0
CMD-002647,2025-06-10 13:13:05.530921,16,1,0,3.77,209.77,6.29,1,16.7,0.27,pluie,proche_banlieue,standard,0
CMD-002648,2025-06-10 14:40:28.004667,19,1,0,4.3,57.84,12.84,1,35.1,0.68,normal,rurale,premium,1
CMD-002649,2025-06-10 16:07:50.478413,21,1,0,5.68,172.61,8.88,0,27.4,0.97,normal,centre,standard,1
CMD-002650,2025-06-10 17:35:12.952158,12,1,0,10.09,213.4,9.16,1,32.1,0.72,normal,centre,standard,1
CMD-002651,2025-06-10 19:02:35.425904,21,1,0,7.72,233.26,10.32,0,30.5,0.27,normal,centre,premium,1
CMD-002652,2025-06-10 20:29:57.899649,21,1,0,1.43,151.58,8.76,1,39.1,0.93,normal,centre,standard,1
CMD-002653,2025-06-10 21:57:20.373395,22,1,0,6.43,52.22,15.08,1,29.5,0.3,pluie,proche_banlieue,standard,1
CMD-002654,2025-06-10 23:24:42.847141,12,1,0,6.85,143.98,10.75,1,33.2,0.5,normal,banlieue,standard,1
CMD-002655,2025-06-11 00:52:05.320886,20,2,0,16.23,169.8,11.14,0,26.7,0.35,pluie,centre,premium,1
CMD-002656,2025-06-11 02:19:27.794632,16,2,0,5.05,75.4,12.75,0,15.5,0.78,normal,proche_banlieue,standard,1
CMD-002657,2025-06-11 03:46:50.268378,7,2,0,9.47,243.52,9.03,1,22.7,0.41,normal,banlieue,standard,1
CMD-002658,2025-06-11 05:14:12.742123,11,2,0,33.39,65.04,18.91,1,30.9,0.41,normal,banlieue,standard,0
CMD-002659,2025-06-11 06:41:35.215869,17,2,0,14.38,228.72,12.69,1,31.8,0.53,normal,rurale,standard,1
CMD-002660,2025-06-11 08:08:57.689614,9,2,0,2.74,112.04,12.83,1,39.5,0.43,normal,banlieue,premium,1
CMD-002661,2025-06-11 09:36:20.163360,13,2,0,11.06,10.13,5.4,0,20.4,0.83,normal,centre,premium,1
CMD-002662,2025-06-11 11:03:42.637106,19,2,0,8.97,140.39,0.96,1,27.3,0.62,pluie,centre,premium,1
CMD-002663,2025-06-11 12:31:05.110851,9,2,0,4.92,160.79,20.27,1,23.7,0.64,normal,banlieue,standard,1
CMD-002664,2025-06-11 13:58:27.584597,14,2,0,11.15,218.65,21.42,1,41.2,0.33,normal,centre,standard,1
CMD-002665,2025-06-11 15:25:50.058343,10,2,0,2.7,139.74,6.18,1,28.8,0.93,normal,centre,standard,1
CMD-002666,2025-06-11 16:53:12.532088,15,2,0,3.84,32.59,9.13,1,29.0,0.48,normal,banlieue,standard,1
CMD-002667,2025-06-11 18:20:35.005834,10,2,0,5.72,232.44,9.08,1,24.6,0.5,normal,proche_banlieue,standard,1
CMD-002668,2025-06-11 19:47:57.479579,22,2,0,4.73,145.69,17.17,1,22.7,0.39,normal,proche_banlieue,standard,1
CMD-002669,2025-06-11 21:15:19.953325,8,2,0,10.32,75.17,4.84,1,10.5,0.97,normal,proche_banlieue,standard,1
CMD-002670,2025-06-11 22:42:42.427071,22,2,0,6.3,225.73,24.47,1,12.4,0.69,normal,centre,standard,1
CMD-002671,2025-06-12 00:10:04.900816,19,3,0,4.35,39.02,1.73,0,26.8,0.25,neige,centre,standard,0
CMD-002672,2025-06-12 01:37:27.374562,20,3,0,14.22,33.4,24.35,1,25.5,0.35,normal,rurale,standard,1
CMD-002673,2025-06-12 03:04:49.848308,20,3,0,10.04,138.4,1.91,0,26.8,0.58,normal,centre,standard,0
CMD-002674,2025-06-12 04:32:12.322053,10,3,0,1.74,159.97,8.07,1,34.4,0.35,normal,proche_banlieue,standard,1
CMD-002675,2025-06-12 05:59:34.795799,21,3,0,1.71,132.63,6.42,0,25.9,0.68,neige,centre,standard,1
CMD-002676,2025-06-12 07:26:57.269544,16,3,0,4.38,232.96,6.64,1,21.5,0.45,normal,centre,premium,1
CMD-002677,2025-06-12 08:54:19.743290,22,3,0,1.97,73.08,24.87,1,22.9,0.48,normal,centre,standard,1
CMD-002678,2025-06-12 10:21:42.217036,21,3,0,12.69,247.66,11.57,1,27.4,0.83,orage,centre,premium,1
CMD-002679,2025-06-12 11:49:04.690781,16,3,0,4.0,14.64,3.16,1,21.2,0.62,neige,banlieue,standard,1
CMD-002680,2025-06-12 13:16:27.164527,12,3,0,9.46,38.45,24.56,1,35.6,0.29,normal,centre,standard,1
CMD-002681,2025-06-12 14:43:49.638273,8,3,0,10.95,54.56,6.22,1,24.9,0.5,normal,proche_banlieue,standard,1
CMD-002682,2025-06-12 16:11:12.112018,8,3,0,0.94,29.1,2.0,0,27.5,0.92,normal,banlieue,standard,1
CMD-002683,2025-06-12 17:38:34.585764,13,3,0,4.15,115.17,0.8,1,16.8,0.88,neige,proche_banlieue,premium,1
CMD-002684,2025-06-12 19:05:57.059509,19,3,0,5.52,217.69,11.69,1,35.6,0.81,pluie,centre,standard,1
CMD-002685,2025-06-12 20:33:19.533255,15,3,0,7.97,206.98,22.97,1,39.4,0.87,normal,centre,standard,0
CMD-002686,2025-06-12 22:00:42.007001,14,3,0,12.2,188.74,0.62,1,11.4,0.27,normal,centre,standard,0
CMD-002687,2025-06-12 23:28:04.480746,10,3,0,26.29,11.78,18.18,0,29.0,0.3,normal,centre,standard,0
CMD-002688,2025-06-13 00:55:26.954492,16,4,0,19.15,217.77,6.66,1,23.9,0.21,pluie,proche_banlieue,standard,1
CMD-002689,2025-06-13 02:22:49.428238,17,4,0,6.24,105.16,5.63,1,27.8,0.3,normal,proche_banlieue,standard,1
CMD-002690,2025-06-13 03:50:11.901983,22,4,0,6.18,185.59,17.65,1,29.5,0.86,normal,centre,standard,1
CMD-002691,2025-06-13 05:17:34.375729,18,4,0,17.83,184.46,18.75,1,5.0,0.23,normal,centre,premium,1
CMD-002692,2025-06-13 06:44:56.849474,16,4,0,6.51,52.61,14.06,1,32.6,0.57,pluie,banlieue,standard,1
CMD-002693,2025-06-13 08:12:19.323220,21,4,0,4.07,133.69,5.22,1,36.1,0.4,normal,centre,standard,1
CMD-002694,2025-06-13 09:39:41.796966,13,4,0,12.83,232.28,0.36,1,37.2,0.87,normal,proche_banlieue,standard,1
CMD-002695,2025-06-13 11:07:04.270711,21,4,0,8.26,73.13,18.48,1,15.6,0.84,orage,rurale,standard,1
CMD-002696,2025-06-13 12:34:26.744457,12,4,0,1.68,181.61,15.07,1,24.7,0.81,normal,banlieue,standard,1
CMD-002697,2025-06-13 14:01:49.218203,9,4,0,5.09,239.93,10.68,1,19.6,0.5,normal,proche_banlieue,standard,1
CMD-002698,2025-06-13 15:29:11.691948,13,4,0,2.03,96.55,5.5,1,5.8,0.94,normal,proche_banlieue,standard,1
CMD-002699,2025-06-13 16:56:34.165694,9,4,0,0.38,103.03,19.1,1,18.8,0.92,pluie,rurale,standard,1
CMD-002700,2025-06-13 18:23:56.639439,8,4,0,20.93,118.62,1.96,1,14.2,0.72,normal,banlieue,standard,0
CMD-002701,2025-06-13 19:51:19.113185,21,4,0,7.16,204.17,16.14,0,28.3,0.69,normal,proche_banlieue,standard,0
CMD-002702,2025-06-13 21:18:41.586931,19,4,0,5.24,115.43,17.27,1,8.7,0.47,normal,proche_banlieue,premium,1
CMD-002703,2025-06-13 22:46:04.060676,10,4,0,4.35,126.7,5.74,0,15.2,0.79,normal,rurale,premium,1
CMD-002704,2025-06-14 00:13:26.534422,20,5,1,6.6,63.36,12.19,1,19.8,0.95,normal,centre,standard,1
CMD-002705,2025-06-14 01:40:49.008168,8,5,1,4.3,247.2,13.1,1,32.7,0.45,normal,proche_banlieue,standard,0
CMD-002706,2025-06-14 03:08:11.481913,11,5,1,2.79,224.16,14.86,1,52.8,0.43,normal,proche_banlieue,standard,1
CMD-002707,2025-06-14 04:35:33.955659,18,5,1,4.52,154.06,22.55,1,28.0,0.41,orage,proche_banlieue,standard,1
CMD-002708,2025-06-14 06:02:56.429404,11,5,1,16.67,240.53,13.75,1,14.7,0.99,normal,centre,standard,1
CMD-002709,2025-06-14 07:30:18.903150,18,5,1,12.63,174.88,1.87,1,18.2,0.63,normal,banlieue,premium,0
CMD-002710,2025-06-14 08:57:41.376896,20,5,1,4.52,240.19,8.76,1,31.6,0.97,normal,centre,standard,1
CMD-002711,2025-06-14 10:25:03.850641,8,5,1,22.35,48.77,15.78,1,11.5,0.69,pluie,proche_banlieue,standard,0
CMD-002712,2025-06-14 11:52:26.324387,7,5,1,6.18,64.11,8.46,1,36.0,0.43,normal,rurale,premium,1
CMD-002713,2025-06-14 13:19:48.798133,22,5,1,3.38,222.44,19.24,1,27.7,0.67,pluie,centre,standard,1
CMD-002714,2025-06-14 14:47:11.271878,15,5,1,8.53,110.77,4.91,1,23.7,0.32,normal,proche_banlieue,premium,1
CMD-002715,2025-06-14 16:14:33.745624,15,5,1,18.46,99.08,3.75,1,8.2,0.56,normal,proche_banlieue,premium,0
CMD-002716,2025-06-14 17:41:56.219369,14,5,1,16.14,191.04,5.93,1,34.2,0.55,orage,proche_banlieue,standard,0
CMD-002717,2025-06-14 19:09:18.693115,13,5,1,3.53,161.28,21.93,1,17.4,0.66,pluie,centre,standard,1
CMD-002718,2025-06-14 20:36:41.166861,18,5,1,2.29,92.58,17.09,1,26.5,0.51,pluie,banlieue,premium,1
CMD-002719,2025-06-14 22:04:03.640606,16,5,1,4.87,105.49,13.1,1,23.4,0.56,pluie,banlieue,premium,0
CMD-002720,2025-06-14 23:31:26.114352,9,5,1,9.59,108.01,7.65,1,9.2,0.9,normal,centre,standard,0
CMD-002721,2025-06-15 00:58:48.588098,17,6,1,11.49,40.32,22.98,1,22.7,0.34,normal,proche_banlieue,standard,1
CMD-002722,2025-06-15 02:26:11.061843,17,6,1,14.62,65.09,22.24,1,12.9,0.94,normal,proche_banlieue,standard,1
CMD-002723,2025-06-15 03:53:33.535589,8,6,1,7.45,139.01,10.11,1,18.5,0.63,neige,proche_banlieue,standard,1
CMD-002724,2025-06-15 05:20:56.009334,13,6,1,7.64,197.64,18.87,1,29.3,0.7,orage,rurale,standard,1
CMD-002725,2025-06-15 06:48:18.483080,19,6,1,7.25,110.57,22.86,1,32.0,0.28,normal,proche_banlieue,standard,1
CMD-002726,2025-06-15 08:15:40.956826,16,6,1,13.35,102.0,7.97,1,24.8,0.32,normal,centre,standard,1
CMD-002727,2025-06-15 09:43:03.430571,9,6,1,11.63,166.12,8.35,1,16.2,0.79,normal,proche_banlieue,premium,0
CMD-002728,2025-06-15 11:10:25.904317,7,6,1,3.42,47.74,13.74,1,18.5,0.92,pluie,proche_banlieue,standard,1
CMD-002729,2025-06-15 12:37:48.378063,16,6,1,10.66,101.38,10.33,0,18.4,0.62,pluie,proche_banlieue,standard,1
CMD-002730,2025-06-15 14:05:10.851808,14,6,1,12.77,59.95,19.08,0,5.0,0.33,neige,centre,standard,0
CMD-002731,2025-06-15 15:32:33.325554,22,6,1,13.47,166.4,13.52,1,25.7,0.84,normal,centre,standard,1
CMD-002732,2025-06-15 16:59:55.799299,15,6,1,8.27,36.97,5.45,1,8.3,0.93,pluie,banlieue,standard,1
CMD-002733,2025-06-15 18:27:18.273045,21,6,1,7.94,117.48,9.04,0,25.8,0.74,normal,centre,premium,1
CMD-002734,2025-06-15 19:54:40.746791,10,6,1,6.39,153.08,16.85,1,10.4,0.35,normal,centre,standard,1
CMD-002735,2025-06-15 21:22:03.220536,14,6,1,6.91,210.08,1.53,0,12.9,0.53,normal,rurale,premium,0
CMD-002736,2025-06-15 22:49:25.694282,9,6,1,20.11,183.89,8.69,1,31.7,0.95,normal,banlieue,standard,1
CMD-002737,2025-06-16 00:16:48.168028,16,0,0,7.09,236.29,0.6,0,25.2,0.35,normal,centre,standard,0
CMD-002738,2025-06-16 01:44:10.641773,10,0,0,3.66,173.17,20.56,1,6.2,0.34,normal,centre,premium,1
CMD-002739,2025-06-16 03:11:33.115519,14,0,0,8.4,93.81,3.11,1,19.4,0.76,pluie,proche_banlieue,standard,1
CMD-002740,2025-06-16 04:38:55.589264,12,0,0,11.33,65.61,2.11,1,27.6,0.63,normal,banlieue,standard,1
CMD-002741,2025-06-16 06:06:18.063010,9,0,0,13.09,23.58,19.71,1,18.8,0.36,normal,centre,standard,1
CMD-002742,2025-06-16 07:33:40.536756,8,0,0,2.76,76.62,2.42,1,21.6,0.69,pluie,banlieue,standard,1
CMD-002743,2025-06-16 09:01:03.010501,15,0,0,17.44,42.84,17.17,1,27.4,0.95,normal,centre,standard,1
CMD-002744,2025-06-16 10:28:25.484247,22,0,0,11.04,98.61,9.62,1,25.4,0.88,normal,centre,premium,1
CMD-002745,2025-06-16 11:55:47.957992,10,0,0,16.78,178.62,20.58,0,15.1,0.21,normal,proche_banlieue,standard,1
CMD-002746,2025-06-16 13:23:10.431738,13,0,0,1.89,176.09,4.73,0,25.2,0.9,normal,banlieue,standard,1
CMD-002747,2025-06-16 14:50:32.905484,10,0,0,13.82,86.36,2.29,0,22.1,0.7,pluie,banlieue,premium,1
CMD-002748,2025-06-16 16:17:55.379229,19,0,0,2.64,132.05,5.86,0,42.2,0.41,pluie,centre,standard,1
CMD-002749,2025-06-16 17:45:17.852975,13,0,0,5.33,62.03,23.32,1,24.0,0.27,pluie,proche_banlieue,standard,1
CMD-002750,2025-06-16 19:12:40.326721,22,0,0,11.29,130.71,20.76,0,26.3,0.98,normal,centre,premium,0
CMD-002751,2025-06-16 20:40:02.800466,10,0,0,2.4,132.42,7.29,1,27.6,0.22,normal,centre,standard,1
CMD-002752,2025-06-16 22:07:25.274212,8,0,0,4.27,82.31,5.31,1,21.8,0.35,pluie,proche_banlieue,standard,1
CMD-002753,2025-06-16 23:34:47.747957,16,0,0,1.86,72.27,4.09,0,17.8,0.74,pluie,proche_banlieue,premium,1
CMD-002754,2025-06-17 01:02:10.221703,17,1,0,11.08,245.1,5.69,1,29.6,0.81,normal,banlieue,standard,1
CMD-002755,2025-06-17 02:29:32.695449,22,1,0,3.37,138.91,5.29,1,29.7,0.41,normal,rurale,standard,1
CMD-002756,2025-06-17 03:56:55.169194,20,1,0,6.75,144.9,22.23,1,45.8,0.79,normal,proche_banlieue,standard,1
CMD-002757,2025-06-17 05:24:17.642940,21,1,0,8.99,11.87,0.7,1,32.4,0.81,normal,banlieue,standard,0
CMD-002758,2025-06-17 06:51:40.116686,17,1,0,8.33,53.64,22.03,1,32.6,0.84,normal,centre,standard,1
CMD-002759,2025-06-17 08:19:02.590431,12,1,0,7.78,95.59,1.23,1,32.2,0.8,pluie,banlieue,premium,1
CMD-002760,2025-06-17 09:46:25.064177,13,1,0,7.77,241.84,20.71,1,18.1,0.23,normal,centre,standard,1
CMD-002761,2025-06-17 11:13:47.537922,9,1,0,1.98,52.06,10.76,1,12.4,0.91,pluie,proche_banlieue,standard,1
CMD-002762,2025-06-17 12:41:10.011668,13,1,0,5.56,82.79,2.11,1,15.0,0.65,normal,centre,standard,1
CMD-002763,2025-06-17 14:08:32.485414,12,1,0,7.72,247.64,20.02,1,31.9,0.54,normal,proche_banlieue,standard,1
CMD-002764,2025-06-17 15:35:54.959159,7,1,0,7.11,125.47,6.56,1,39.2,0.22,normal,banlieue,premium,1
CMD-002765,2025-06-17 17:03:17.432905,10,1,0,6.08,86.42,21.98,1,32.3,0.67,normal,centre,standard,1
CMD-002766,2025-06-17 18:30:39.906651,15,1,0,3.77,162.25,18.86,1,23.3,0.33,orage,banlieue,standard,0
CMD-002767,2025-06-17 19:58:02.380396,12,1,0,8.19,129.11,24.55,0,41.8,0.64,normal,rurale,standard,0
CMD-002768,2025-06-17 21:25:24.854142,22,1,0,9.32,239.79,20.83,1,20.6,0.35,pluie,proche_banlieue,standard,1
CMD-002769,2025-06-17 22:52:47.327887,14,1,0,4.75,29.97,6.18,0,13.5,0.75,normal,centre,premium,1
CMD-002770,2025-06-18 00:20:09.801633,22,2,0,13.15,199.73,10.35,1,27.5,0.27,normal,banlieue,standard,0
CMD-002771,2025-06-18 01:47:32.275379,17,2,0,17.68,76.98,17.48,0,37.9,0.68,normal,centre,standard,1
CMD-002772,2025-06-18 03:14:54.749124,7,2,0,6.85,203.6,8.04,1,16.6,0.72,normal,centre,standard,1
CMD-002773,2025-06-18 04:42:17.222870,10,2,0,3.48,213.45,13.75,1,8.0,0.52,normal,centre,standard,1
CMD-002774,2025-06-18 06:09:39.696616,18,2,0,2.38,213.81,6.09,1,25.4,0.93,normal,proche_banlieue,standard,1
CMD-002775,2025-06-18 07:37:02.170361,15,2,0,5.27,218.01,16.64,1,32.7,0.62,pluie,centre,standard,1
CMD-002776,2025-06-18 09:04:24.644107,11,2,0,6.48,182.35,8.68,1,5.0,0.8,normal,proche_banlieue,standard,1
CMD-002777,2025-06-18 10:31:47.117852,15,2,0,2.26,44.18,1.57,1,34.8,0.56,normal,proche_banlieue,standard,1
CMD-002778,2025-06-18 11:59:09.591598,21,2,0,5.14,22.46,24.2,1,11.3,0.83,normal,banlieue,standard,1
CMD-002779,2025-06-18 13:26:32.065344,13,2,0,12.69,91.78,21.13,1,32.2,0.92,orage,rurale,premium,1
CMD-002780,2025-06-18 14:53:54.539089,7,2,0,0.77,128.82,7.73,1,5.0,0.53,normal,banlieue,standard,1
CMD-002781,2025-06-18 16:21:17.012835,11,2,0,7.18,82.63,3.41,1,10.3,0.97,normal,centre,standard,1
CMD-002782,2025-06-18 17:48:39.486581,21,2,0,4.25,188.13,18.43,1,31.2,0.32,normal,banlieue,premium,0
CMD-002783,2025-06-18 19:16:01.960326,19,2,0,6.63,183.39,5.67,1,37.2,0.88,normal,banlieue,premium,0
CMD-002784,2025-06-18 20:43:24.434072,20,2,0,18.31,243.26,15.22,1,24.9,0.62,normal,centre,standard,0
CMD-002785,2025-06-18 22:10:46.907817,21,2,0,6.4,106.14,19.52,0,49.0,0.31,orage,proche_banlieue,standard,0
CMD-002786,2025-06-18 23:38:09.381563,8,2,0,5.71,198.57,6.96,1,14.8,0.7,normal,proche_banlieue,standard,1
CMD-002787,2025-06-19 01:05:31.855309,11,3,0,10.59,187.89,7.26,0,14.6,0.31,normal,proche_banlieue,standard,1
CMD-002788,2025-06-19 02:32:54.329054,7,3,0,8.28,247.3,1.73,1,22.0,0.91,normal,banlieue,standard,1
CMD-002789,2025-06-19 04:00:16.802800,7,3,0,7.2,195.67,8.13,1,21.5,0.85,normal,proche_banlieue,standard,1
CMD-002790,2025-06-19 05:27:39.276546,20,3,0,8.49,78.06,15.02,1,27.8,0.72,neige,centre,standard,1
CMD-002791,2025-06-19 06:55:01.750291,21,3,0,15.08,13.67,4.06,1,17.6,0.39,normal,banlieue,standard,1
CMD-002792,2025-06-19 08:22:24.224037,9,3,0,12.13,242.36,23.84,1,30.7,0.97,neige,banlieue,standard,1
CMD-002793,2025-06-19 09:49:46.697782,18,3,0,5.41,181.86,18.12,1,30.4,0.88,pluie,proche_banlieue,standard,1
CMD-002794,2025-06-19 11:17:09.171528,15,3,0,17.67,205.03,5.26,1,41.1,0.77,normal,proche_banlieue,premium,1
CMD-002795,2025-06-19 12:44:31.645274,8,3,0,4.47,200.38,13.36,1,20.1,0.49,orage,banlieue,standard,0
CMD-002796,2025-06-19 14:11:54.119019,21,3,0,7.18,186.58,9.91,1,28.4,0.59,orage,centre,standard,1
CMD-002797,2025-06-19 15:39:16.592765,20,3,0,7.79,190.35,9.68,0,31.1,0.47,pluie,proche_banlieue,standard,0
CMD-002798,2025-06-19 17:06:39.066511,16,3,0,5.21,233.07,14.09,1,24.9,0.88,normal,rurale,standard,1
CMD-002799,2025-06-19 18:34:01.540256,18,3,0,16.42,229.39,2.88,1,22.9,0.45,pluie,banlieue,standard,1
CMD-002800,2025-06-19 20:01:24.014002,13,3,0,5.01,101.01,5.54,1,5.0,0.39,normal,centre,standard,1
CMD-002801,2025-06-19 21:28:46.487747,19,3,0,6.02,17.43,3.91,1,25.8,0.37,neige,rurale,premium,1
CMD-002802,2025-06-19 22:56:08.961493,14,3,0,13.36,19.28,4.51,1,31.0,0.52,normal,centre,premium,1
CMD-002803,2025-06-20 00:23:31.435239,22,4,0,4.6,117.19,16.45,1,24.4,0.7,pluie,proche_banlieue,standard,1
CMD-002804,2025-06-20 01:50:53.908984,8,4,0,2.17,210.4,24.9,1,17.2,0.87,pluie,banlieue,standard,1
CMD-002805,2025-06-20 03:18:16.382730,9,4,0,7.33,213.43,16.35,1,8.2,0.94,orage,centre,standard,1
CMD-002806,2025-06-20 04:45:38.856476,22,4,0,2.82,107.05,24.62,1,29.5,0.26,pluie,centre,standard,1
CMD-002807,2025-06-20 06:13:01.330221,11,4,0,2.54,82.39,14.51,1,25.3,0.24,pluie,proche_banlieue,standard,1
CMD-002808,2025-06-20 07:40:23.803967,11,4,0,0.79,131.58,7.23,1,38.9,0.49,pluie,centre,standard,1
CMD-002809,2025-06-20 09:07:46.277712,19,4,0,0.93,209.81,21.83,0,10.5,0.85,normal,proche_banlieue,standard,1
CMD-002810,2025-06-20 10:35:08.751458,10,4,0,1.02,162.76,1.87,1,20.3,0.93,normal,banlieue,standard,1
CMD-002811,2025-06-20 12:02:31.225204,15,4,0,19.22,43.55,2.74,1,11.8,0.33,orage,banlieue,standard,0
CMD-002812,2025-06-20 13:29:53.698949,11,4,0,1.01,96.94,23.7,1,35.3,0.43,normal,rurale,standard,1
CMD-002813,2025-06-20 14:57:16.172695,10,4,0,2.75,143.3,16.32,1,37.4,0.92,pluie,rurale,standard,1
CMD-002814,2025-06-20 16:24:38.646441,22,4,0,6.1,139.18,23.24,1,44.2,0.66,normal,rurale,standard,1
CMD-002815,2025-06-20 17:52:01.120186,10,4,0,10.27,209.35,3.5,0,30.2,0.53,normal,proche_banlieue,standard,1
CMD-002816,2025-06-20 19:19:23.593932,8,4,0,11.01,233.72,19.25,1,32.9,0.39,normal,centre,standard,0
CMD-002817,2025-06-20 20:46:46.067677,17,4,0,3.49,34.11,6.02,1,29.4,0.29,orage,banlieue,standard,1
CMD-002818,2025-06-20 22:14:08.541423,20,4,0,7.08,63.86,8.72,0,30.7,0.29,normal,rurale,standard,0
CMD-002819,2025-06-20 23:41:31.015169,9,4,0,5.96,104.12,22.49,1,25.5,0.74,normal,banlieue,standard,1
CMD-002820,2025-06-21 01:08:53.488914,18,5,1,6.78,81.14,10.4,1,31.2,0.78,normal,banlieue,standard,1
CMD-002821,2025-06-21 02:36:15.962660,15,5,1,7.47,107.99,16.83,0,46.4,0.49,normal,banlieue,standard,0
CMD-002822,2025-06-21 04:03:38.436406,20,5,1,8.96,19.77,22.2,1,27.2,0.68,normal,proche_banlieue,premium,1
CMD-002823,2025-06-21 05:31:00.910151,9,5,1,4.19,25.84,21.8,1,25.2,0.32,normal,proche_banlieue,premium,0
CMD-002824,2025-06-21 06:58:23.383897,22,5,1,5.04,211.21,0.42,1,27.0,0.22,pluie,centre,standard,1
CMD-002825,2025-06-21 08:25:45.857642,16,5,1,25.55,34.62,4.12,1,23.5,0.28,pluie,banlieue,premium,0
CMD-002826,2025-06-21 09:53:08.331388,20,5,1,4.4,207.78,22.98,1,27.5,0.28,pluie,proche_banlieue,premium,1
CMD-002827,2025-06-21 11:20:30.805134,12,5,1,7.17,83.56,14.15,1,23.2,0.99,pluie,centre,standard,1
CMD-002828,2025-06-21 12:47:53.278879,22,5,1,6.0,84.21,12.11,0,36.4,0.39,normal,centre,standard,0
CMD-002829,2025-06-21 14:15:15.752625,17,5,1,6.97,34.18,1.82,1,35.4,0.31,normal,proche_banlieue,standard,1
CMD-002830,2025-06-21 15:42:38.226371,9,5,1,13.6,13.18,0.82,1,46.7,0.84,pluie,proche_banlieue,premium,1
CMD-002831,2025-06-21 17:10:00.700116,21,5,1,5.74,95.27,23.84,1,24.8,0.49,pluie,banlieue,standard,1
CMD-002832,2025-06-21 18:37:23.173862,19,5,1,2.44,210.49,11.95,1,27.9,0.37,pluie,rurale,standard,1
CMD-002833,2025-06-21 20:04:45.647607,11,5,1,4.13,230.79,19.7,1,27.5,0.38,normal,proche_banlieue,premium,1
CMD-002834,2025-06-21 21:32:08.121353,15,5,1,5.75,24.78,5.66,1,27.0,0.31,pluie,proche_banlieue,premium,1
CMD-002835,2025-06-21 22:59:30.595099,13,5,1,7.65,17.42,6.08,1,36.3,0.26,neige,centre,standard,1
CMD-002836,2025-06-22 00:26:53.068844,15,6,1,3.5,48.11,14.09,1,8.8,0.74,normal,proche_banlieue,standard,1
CMD-002837,2025-06-22 01:54:15.542590,22,6,1,3.83,193.91,21.93,1,29.6,0.55,normal,banlieue,standard,1
CMD-002838,2025-06-22 03:21:38.016336,21,6,1,7.85,59.17,7.36,1,45.0,0.32,pluie,banlieue,standard,1
CMD-002839,2025-06-22 04:49:00.490081,10,6,1,8.05,65.39,8.35,1,38.6,0.83,pluie,centre,standard,0
CMD-002840,2025-06-22 06:16:22.963827,22,6,1,12.32,223.35,13.86,1,37.5,0.22,pluie,proche_banlieue,standard,0
CMD-002841,2025-06-22 07:43:45.437572,14,6,1,4.08,219.99,1.19,1,33.4,0.54,normal,banlieue,standard,1
CMD-002842,2025-06-22 09:11:07.911318,18,6,1,9.59,170.87,9.59,1,19.0,0.3,normal,centre,standard,1
CMD-002843,2025-06-22 10:38:30.385064,19,6,1,6.01,49.36,14.0,1,17.5,0.22,pluie,rurale,standard,1
CMD-002844,2025-06-22 12:05:52.858809,14,6,1,4.58,101.48,0.32,1,17.6,0.64,normal,centre,standard,1
CMD-002845,2025-06-22 13:33:15.332555,14,6,1,6.16,66.68,16.02,1,13.6,0.32,normal,proche_banlieue,premium,1
CMD-002846,2025-06-22 15:00:37.806301,14,6,1,6.82,171.24,1.46,1,34.5,0.25,normal,proche_banlieue,standard,1
CMD-002847,2025-06-22 16:28:00.280046,20,6,1,2.2,197.18,18.05,1,39.7,0.58,normal,centre,standard,1
CMD-002848,2025-06-22 17:55:22.753792,13,6,1,2.37,44.11,20.08,0,29.3,0.87,normal,centre,standard,1
CMD-002849,2025-06-22 19:22:45.227537,11,6,1,10.52,225.51,21.0,1,33.0,0.59,normal,centre,premium,0
CMD-002850,2025-06-22 20:50:07.701283,12,6,1,4.94,121.08,16.9,1,27.9,0.26,normal,centre,premium,1
CMD-002851,2025-06-22 22:17:30.175029,10,6,1,7.69,200.8,14.13,1,30.7,0.44,orage,proche_banlieue,standard,1
CMD-002852,2025-06-22 23:44:52.648774,13,6,1,10.3,22.39,7.83,1,5.0,0.56,normal,centre,standard,1
CMD-002853,2025-06-23 01:12:15.122520,8,0,0,6.19,96.54,10.73,1,28.1,0.42,orage,centre,standard,1
CMD-002854,2025-06-23 02:39:37.596266,8,0,0,9.71,13.55,2.36,1,20.7,0.47,normal,proche_banlieue,standard,1
CMD-002855,2025-06-23 04:07:00.070011,18,0,0,6.86,182.44,17.74,1,24.6,0.6,pluie,proche_banlieue,standard,0
CMD-002856,2025-06-23 05:34:22.543757,8,0,0,7.09,29.07,0.81,0,27.3,0.95,normal,banlieue,standard,1
CMD-002857,2025-06-23 07:01:45.017502,16,0,0,14.34,91.19,10.45,1,17.8,0.84,normal,proche_banlieue,standard,1
CMD-002858,2025-06-23 08:29:07.491248,19,0,0,5.7,197.62,12.75,1,14.2,0.36,normal,rurale,standard,1
CMD-002859,2025-06-23 09:56:29.964994,18,0,0,10.6,189.75,16.32,1,17.5,0.83,normal,centre,standard,0
CMD-002860,2025-06-23 11:23:52.438739,14,0,0,1.84,163.67,8.71,0,10.5,0.52,orage,banlieue,standard,1
CMD-002861,2025-06-23 12:51:14.912485,10,0,0,7.49,176.56,11.18,1,13.4,0.85,normal,proche_banlieue,standard,1
CMD-002862,2025-06-23 14:18:37.386231,21,0,0,16.79,166.3,14.77,0,14.8,0.69,normal,rurale,standard,0
CMD-002863,2025-06-23 15:45:59.859976,20,0,0,26.74,163.91,23.09,0,10.6,0.74,normal,centre,premium,0
CMD-002864,2025-06-23 17:13:22.333722,16,0,0,1.93,93.92,16.86,1,30.3,0.49,normal,rurale,standard,1
CMD-002865,2025-06-23 18:40:44.807467,8,0,0,4.92,16.76,6.51,1,16.0,0.77,neige,rurale,standard,1
CMD-002866,2025-06-23 20:08:07.281213,7,0,0,2.87,116.04,21.21,1,6.4,0.65,pluie,centre,standard,1
CMD-002867,2025-06-23 21:35:29.754959,12,0,0,5.87,20.91,1.57,1,21.0,0.69,normal,proche_banlieue,standard,1
CMD-002868,2025-06-23 23:02:52.228704,9,0,0,11.8,122.53,6.95,1,13.9,0.64,normal,centre,standard,1
CMD-002869,2025-06-24 00:30:14.702450,20,1,0,14.69,121.38,2.88,1,39.6,0.24,normal,centre,premium,1
CMD-002870,2025-06-24 01:57:37.176196,10,1,0,15.0,52.89,11.29,0,26.3,0.58,pluie,proche_banlieue,standard,1
CMD-002871,2025-06-24 03:24:59.649941,11,1,0,1.76,198.22,16.0,1,10.3,0.24,normal,proche_banlieue,standard,1
CMD-002872,2025-06-24 04:52:22.123687,22,1,0,6.71,179.01,13.37,1,30.7,0.33,neige,proche_banlieue,standard,1
CMD-002873,2025-06-24 06:19:44.597432,20,1,0,4.02,144.29,20.32,1,25.8,0.58,neige,proche_banlieue,standard,1
CMD-002874,2025-06-24 07:47:07.071178,10,1,0,5.61,232.22,14.27,1,22.6,0.52,normal,proche_banlieue,standard,1
CMD-002875,2025-06-24 09:14:29.544924,13,1,0,4.49,78.92,5.97,1,40.7,0.24,normal,centre,standard,1
CMD-002876,2025-06-24 10:41:52.018669,15,1,0,1.85,72.89,13.5,0,15.2,0.31,neige,centre,standard,1
CMD-002877,2025-06-24 12:09:14.492415,17,1,0,14.78,54.02,18.44,1,35.4,0.57,normal,proche_banlieue,standard,1
CMD-002878,2025-06-24 13:36:36.966161,21,1,0,3.53,140.67,12.67,1,20.9,0.97,normal,centre,standard,1
CMD-002879,2025-06-24 15:03:59.439906,20,1,0,4.08,59.29,11.16,1,24.8,0.59,normal,banlieue,standard,1
CMD-002880,2025-06-24 16:31:21.913652,22,1,0,16.86,218.53,13.32,1,17.5,0.82,normal,banlieue,standard,0
CMD-002881,2025-06-24 17:58:44.387397,7,1,0,1.54,83.03,13.79,0,18.1,0.55,normal,rurale,premium,0
CMD-002882,2025-06-24 19:26:06.861143,10,1,0,8.87,127.82,7.9,0,20.6,0.35,neige,proche_banlieue,standard,0
CMD-002883,2025-06-24 20:53:29.334889,16,1,0,12.92,137.08,21.38,1,6.0,0.22,normal,centre,standard,1
CMD-002884,2025-06-24 22:20:51.808634,7,1,0,15.99,83.84,5.35,1,28.5,0.5,normal,centre,standard,1
CMD-002885,2025-06-24 23:48:14.282380,12,1,0,8.45,187.22,1.01,1,26.1,0.94,normal,proche_banlieue,standard,0
CMD-002886,2025-06-25 01:15:36.756126,9,2,0,10.73,176.1,18.59,1,10.0,0.46,orage,rurale,standard,1
CMD-002887,2025-06-25 02:42:59.229871,21,2,0,12.92,192.59,21.09,1,31.6,0.49,normal,proche_banlieue,standard,1
CMD-002888,2025-06-25 04:10:21.703617,8,2,0,5.94,155.42,16.14,0,39.6,0.75,normal,rurale,standard,0
CMD-002889,2025-06-25 05:37:44.177362,9,2,0,3.11,120.44,11.83,1,18.4,0.79,normal,rurale,standard,0
CMD-002890,2025-06-25 07:05:06.651108,10,2,0,17.7,117.74,24.39,1,17.2,0.69,neige,proche_banlieue,standard,1
CMD-002891,2025-06-25 08:32:29.124854,9,2,0,9.95,181.97,9.39,1,36.1,0.47,normal,proche_banlieue,standard,0
CMD-002892,2025-06-25 09:59:51.598599,16,2,0,6.71,100.49,10.27,1,29.0,0.96,orage,centre,standard,1
CMD-002893,2025-06-25 11:27:14.072345,12,2,0,1.95,114.94,14.86,0,23.6,0.48,normal,banlieue,standard,1
CMD-002894,2025-06-25 12:54:36.546091,21,2,0,0.6,49.28,10.87,1,33.1,0.43,normal,proche_banlieue,premium,1
CMD-002895,2025-06-25 14:21:59.019836,11,2,0,8.75,173.11,13.97,1,27.7,0.87,normal,centre,standard,1
CMD-002896,2025-06-25 15:49:21.493582,15,2,0,0.55,28.46,24.17,1,39.3,0.95,normal,rurale,standard,1
CMD-002897,2025-06-25 17:16:43.967327,17,2,0,6.65,247.72,6.09,0,24.8,0.97,orage,banlieue,standard,1
CMD-002898,2025-06-25 18:44:06.441073,17,2,0,3.67,44.5,3.88,1,29.3,0.63,normal,rurale,premium,1
CMD-002899,2025-06-25 20:11:28.914819,19,2,0,4.48,101.91,10.7,1,36.0,0.9,pluie,centre,standard,1
CMD-002900,2025-06-25 21:38:51.388564,10,2,0,15.11,67.07,12.7,1,5.0,0.35,pluie,banlieue,standard,0
CMD-002901,2025-06-25 23:06:13.862310,15,2,0,3.7,79.76,17.89,1,36.3,0.91,normal,banlieue,standard,1
CMD-002902,2025-06-26 00:33:36.336056,19,3,0,6.9,87.39,23.89,1,19.9,0.81,normal,centre,standard,1
CMD-002903,2025-06-26 02:00:58.809801,20,3,0,3.72,182.4,17.28,1,30.0,0.52,neige,centre,standard,1
CMD-002904,2025-06-26 03:28:21.283547,16,3,0,8.18,52.42,24.68,1,41.6,0.4,normal,centre,standard,0
CMD-002905,2025-06-26 04:55:43.757292,17,3,0,7.37,73.33,6.31,1,21.9,0.81,normal,centre,standard,1
CMD-002906,2025-06-26 06:23:06.231038,20,3,0,6.66,34.29,5.38,1,20.4,0.54,neige,banlieue,standard,1
CMD-002907,2025-06-26 07:50:28.704784,16,3,0,12.95,89.55,7.8,1,24.5,0.98,normal,rurale,standard,1
CMD-002908,2025-06-26 09:17:51.178529,22,3,0,1.54,235.9,19.72,0,10.5,0.88,orage,rurale,premium,1
CMD-002909,2025-06-26 10:45:13.652275,9,3,0,1.13,101.23,4.83,1,47.0,0.83,pluie,centre,standard,1
CMD-002910,2025-06-26 12:12:36.126021,12,3,0,2.31,196.56,5.07,1,24.6,0.47,normal,banlieue,standard,1
CMD-002911,2025-06-26 13:39:58.599766,8,3,0,7.4,120.81,10.41,1,41.5,0.77,normal,centre,standard,1
CMD-002912,2025-06-26 15:07:21.073512,8,3,0,9.2,117.9,8.08,1,21.7,0.8,neige,centre,standard,1
CMD-002913,2025-06-26 16:34:43.547257,14,3,0,0.18,207.75,16.23,1,25.3,0.53,orage,banlieue,standard,1
CMD-002914,2025-06-26 18:02:06.021003,10,3,0,9.11,16.44,22.28,1,34.4,0.28,normal,rurale,standard,0
CMD-002915,2025-06-26 19:29:28.494749,13,3,0,5.02,217.57,3.64,1,14.0,0.79,normal,rurale,standard,1
CMD-002916,2025-06-26 20:56:50.968494,14,3,0,18.0,126.45,13.76,1,24.0,0.44,normal,proche_banlieue,standard,0
CMD-002917,2025-06-26 22:24:13.442240,16,3,0,8.65,94.27,2.39,1,34.1,0.31,normal,banlieue,standard,1
CMD-002918,2025-06-26 23:51:35.915985,22,3,0,16.64,227.64,5.69,1,22.9,0.23,normal,proche_banlieue,premium,0
CMD-002919,2025-06-27 01:18:58.389731,20,4,0,14.61,91.57,7.87,1,20.2,0.46,normal,banlieue,standard,1
CMD-002920,2025-06-27 02:46:20.863477,13,4,0,5.02,244.65,14.56,0,36.2,0.61,normal,centre,standard,0
CMD-002921,2025-06-27 04:13:43.337222,12,4,0,11.83,234.73,13.96,1,39.0,0.23,normal,centre,premium,1
CMD-002922,2025-06-27 05:41:05.810968,19,4,0,5.01,74.3,16.15,1,40.6,0.65,neige,rurale,standard,1
CMD-002923,2025-06-27 07:08:28.284714,8,4,0,19.48,91.74,20.51,1,18.3,0.92,normal,proche_banlieue,standard,1
CMD-002924,2025-06-27 08:35:50.758459,15,4,0,5.4,204.92,4.84,1,19.2,0.68,pluie,rurale,standard,1
CMD-002925,2025-06-27 10:03:13.232205,13,4,0,9.51,56.95,18.64,1,20.3,0.62,normal,centre,standard,1
CMD-002926,2025-06-27 11:30:35.705950,9,4,0,21.89,185.67,16.74,0,32.2,0.39,normal,banlieue,premium,0
CMD-002927,2025-06-27 12:57:58.179696,16,4,0,9.8,41.0,2.18,1,13.0,0.55,neige,rurale,standard,1
CMD-002928,2025-06-27 14:25:20.653442,12,4,0,4.61,59.35,8.75,1,13.6,0.68,normal,centre,standard,1
CMD-002929,2025-06-27 15:52:43.127187,9,4,0,2.06,130.12,0.89,1,17.9,0.89,pluie,proche_banlieue,standard,1
CMD-002930,2025-06-27 17:20:05.600933,17,4,0,1.55,189.01,2.44,1,15.6,0.91,normal,banlieue,standard,1
CMD-002931,2025-06-27 18:47:28.074679,9,4,0,9.08,187.46,7.24,1,33.8,0.56,normal,centre,standard,1
CMD-002932,2025-06-27 20:14:50.548424,17,4,0,6.16,156.14,6.23,0,33.2,0.35,normal,proche_banlieue,premium,1
CMD-002933,2025-06-27 21:42:13.022170,9,4,0,2.35,75.31,22.52,1,20.2,0.77,normal,centre,standard,1
CMD-002934,2025-06-27 23:09:35.495915,13,4,0,10.97,109.69,22.37,1,23.1,0.96,normal,centre,standard,1
CMD-002935,2025-06-28 00:36:57.969661,19,5,1,10.87,69.09,14.53,1,5.0,0.97,pluie,centre,premium,1
CMD-002936,2025-06-28 02:04:20.443407,10,5,1,6.08,76.48,18.43,1,20.4,1.0,normal,centre,standard,1
CMD-002937,2025-06-28 03:31:42.917152,19,5,1,17.13,87.57,24.99,1,37.4,0.4,pluie,centre,standard,0
CMD-002938,2025-06-28 04:59:05.390898,18,5,1,1.26,153.72,10.37,1,19.9,0.87,normal,rurale,standard,1
CMD-002939,2025-06-28 06:26:27.864644,21,5,1,4.75,59.82,13.16,1,14.1,0.24,normal,centre,premium,1
CMD-002940,2025-06-28 07:53:50.338389,9,5,1,9.77,20.22,16.35,1,38.8,0.21,normal,centre,standard,0
CMD-002941,2025-06-28 09:21:12.812135,18,5,1,2.62,176.19,23.03,0,13.9,0.74,pluie,banlieue,standard,1
CMD-002942,2025-06-28 10:48:35.285880,21,5,1,11.73,15.23,19.97,1,40.5,0.3,neige,banlieue,standard,0
CMD-002943,2025-06-28 12:15:57.759626,19,5,1,14.14,242.99,1.8,1,53.9,0.51,pluie,proche_banlieue,standard,1
CMD-002944,2025-06-28 13:43:20.233372,10,5,1,0.35,94.07,17.88,0,23.9,0.21,normal,proche_banlieue,standard,1
CMD-002945,2025-06-28 15:10:42.707117,20,5,1,17.51,11.58,6.45,1,37.4,0.27,orage,proche_banlieue,premium,0
CMD-002946,2025-06-28 16:38:05.180863,8,5,1,9.35,222.3,6.52,1,8.3,0.37,normal,rurale,standard,1
CMD-002947,2025-06-28 18:05:27.654609,16,5,1,4.31,153.95,13.77,0,7.9,0.64,orage,rurale,standard,0
CMD-002948,2025-06-28 19:32:50.128354,14,5,1,1.7,206.17,17.47,1,17.0,0.47,normal,centre,premium,0
CMD-002949,2025-06-28 21:00:12.602100,15,5,1,12.81,114.41,4.15,1,33.2,0.65,normal,proche_banlieue,standard,1
CMD-002950,2025-06-28 22:27:35.075845,15,5,1,2.24,95.0,8.0,1,25.0,0.72,normal,banlieue,premium,1
CMD-002951,2025-06-28 23:54:57.549591,7,5,1,9.34,167.25,17.96,1,23.1,0.2,normal,banlieue,premium,1
CMD-002952,2025-06-29 01:22:20.023337,15,6,1,2.33,107.44,3.97,1,12.1,0.88,normal,centre,standard,1
CMD-002953,2025-06-29 02:49:42.497082,21,6,1,6.54,143.49,21.27,1,23.7,0.25,normal,rurale,standard,1
CMD-002954,2025-06-29 04:17:04.970828,13,6,1,12.43,76.68,11.51,1,18.6,0.9,normal,banlieue,standard,0
CMD-002955,2025-06-29 05:44:27.444574,11,6,1,4.35,89.83,14.73,1,15.8,0.98,normal,proche_banlieue,standard,1
CMD-002956,2025-06-29 07:11:49.918319,22,6,1,17.43,29.73,2.19,1,14.9,0.92,pluie,proche_banlieue,standard,1
CMD-002957,2025-06-29 08:39:12.392065,8,6,1,9.93,197.53,23.87,1,26.9,0.63,orage,proche_banlieue,standard,0
CMD-002958,2025-06-29 10:06:34.865810,14,6,1,2.63,93.72,22.71,1,17.8,0.82,orage,banlieue,standard,1
CMD-002959,2025-06-29 11:33:57.339556,15,6,1,1.84,244.0,4.91,1,24.9,0.34,normal,proche_banlieue,standard,1
CMD-002960,2025-06-29 13:01:19.813302,14,6,1,3.34,72.34,16.64,1,7.3,0.95,normal,banlieue,standard,1
CMD-002961,2025-06-29 14:28:42.287047,21,6,1,6.3,124.01,19.87,0,30.0,0.22,pluie,rurale,standard,0
CMD-002962,2025-06-29 15:56:04.760793,13,6,1,18.54,83.33,3.22,0,27.4,0.64,pluie,banlieue,standard,0
CMD-002963,2025-06-29 17:23:27.234539,22,6,1,20.89,176.54,14.52,1,22.7,0.57,pluie,centre,standard,0
CMD-002964,2025-06-29 18:50:49.708284,8,6,1,4.22,204.01,21.29,1,26.6,0.84,pluie,proche_banlieue,standard,1
CMD-002965,2025-06-29 20:18:12.182030,18,6,1,4.1,126.88,12.77,1,34.3,0.8,normal,centre,standard,1
CMD-002966,2025-06-29 21:45:34.655775,16,6,1,11.12,98.06,23.11,0,10.5,0.46,neige,centre,standard,0
CMD-002967,2025-06-29 23:12:57.129521,10,6,1,11.06,188.74,1.39,1,25.7,0.33,pluie,banlieue,standard,1
CMD-002968,2025-06-30 00:40:19.603267,10,0,0,15.6,55.95,23.0,1,11.9,0.84,normal,proche_banlieue,premium,1
CMD-002969,2025-06-30 02:07:42.077012,18,0,0,15.89,153.87,24.44,1,25.9,0.98,normal,centre,premium,1
CMD-002970,2025-06-30 03:35:04.550758,17,0,0,3.13,186.07,4.07,1,22.4,0.28,normal,banlieue,standard,1
CMD-002971,2025-06-30 05:02:27.024504,16,0,0,1.48,74.62,10.89,1,24.8,0.79,normal,centre,standard,1
CMD-002972,2025-06-30 06:29:49.498249,7,0,0,10.03,167.37,15.59,1,33.5,0.61,normal,rurale,premium,0
CMD-002973,2025-06-30 07:57:11.971995,16,0,0,7.69,186.45,22.35,0,33.2,0.45,normal,banlieue,standard,0
CMD-002974,2025-06-30 09:24:34.445740,22,0,0,0.76,38.18,4.16,1,35.9,0.21,orage,centre,premium,1
CMD-002975,2025-06-30 10:51:56.919486,7,0,0,1.44,87.74,8.48,1,21.0,0.78,orage,rurale,standard,1
CMD-002976,2025-06-30 12:19:19.393232,14,0,0,9.69,107.51,19.99,1,32.0,0.31,normal,centre,premium,1
CMD-002977,2025-06-30 13:46:41.866977,14,0,0,5.88,196.23,10.37,1,30.1,0.88,normal,centre,premium,1
CMD-002978,2025-06-30 15:14:04.340723,21,0,0,9.85,146.2,15.2,1,21.3,0.41,normal,proche_banlieue,standard,1
CMD-002979,2025-06-30 16:41:26.814469,11,0,0,2.46,117.89,14.09,1,26.2,0.67,orage,centre,standard,1
CMD-002980,2025-06-30 18:08:49.288214,14,0,0,10.36,86.51,24.33,1,23.7,0.43,normal,banlieue,standard,0
CMD-002981,2025-06-30 19:36:11.761960,18,0,0,8.41,10.97,3.71,1,38.9,0.76,normal,rurale,standard,1
CMD-002982,2025-06-30 21:03:34.235705,7,0,0,10.9,14.85,23.72,1,33.1,0.29,normal,banlieue,standard,1
CMD-002983,2025-06-30 22:30:56.709451,19,0,0,4.47,67.71,14.19,1,21.6,0.47,normal,proche_banlieue,standard,1
CMD-002984,2025-06-30 23:58:19.183197,20,0,0,3.7,38.01,22.62,1,20.9,0.61,normal,centre,premium,1
CMD-002985,2025-07-01 01:25:41.656942,18,1,0,1.7,38.7,3.12,1,34.6,0.67,neige,proche_banlieue,standard,1
CMD-002986,2025-07-01 02:53:04.130688,17,1,0,5.11,154.66,16.11,1,38.4,0.66,pluie,centre,premium,1
CMD-002987,2025-07-01 04:20:26.604434,18,1,0,13.73,155.31,21.03,1,28.2,0.26,normal,rurale,standard,1
CMD-002988,2025-07-01 05:47:49.078179,19,1,0,16.36,20.75,19.71,1,31.6,0.23,normal,centre,premium,0
CMD-002989,2025-07-01 07:15:11.551925,21,1,0,2.26,152.54,0.45,1,38.0,0.39,normal,centre,standard,1
CMD-002990,2025-07-01 08:42:34.025670,13,1,0,6.3,45.0,11.41,1,23.3,0.23,normal,banlieue,standard,1
CMD-002991,2025-07-01 10:09:56.499416,14,1,0,18.72,100.53,3.06,1,25.8,0.38,normal,banlieue,premium,1
CMD-002992,2025-07-01 11:37:18.973162,17,1,0,20.42,247.52,3.99,1,29.9,0.25,normal,rurale,standard,1
CMD-002993,2025-07-01 13:04:41.446907,10,1,0,4.94,135.28,17.72,1,20.7,0.62,normal,rurale,standard,1
CMD-002994,2025-07-01 14:32:03.920653,20,1,0,14.56,18.21,23.92,0,42.0,0.28,normal,proche_banlieue,standard,0
CMD-002995,2025-07-01 15:59:26.394399,19,1,0,12.91,93.44,15.93,1,20.6,0.53,normal,rurale,standard,1
CMD-002996,2025-07-01 17:26:48.868144,17,1,0,12.19,171.02,2.74,1,25.6,0.82,normal,rurale,standard,1
CMD-002997,2025-07-01 18:54:11.341890,11,1,0,1.22,63.9,6.25,1,44.2,0.82,normal,rurale,standard,1
CMD-002998,2025-07-01 20:21:33.815635,12,1,0,4.0,241.47,9.6,1,6.4,0.65,pluie,rurale,premium,1
CMD-002999,2025-07-01 21:48:56.289381,13,1,0,5.78,112.07,3.31,0,27.2,0.22,normal,proche_banlieue,standard,0
CMD-003000,2025-07-01 23:16:18.763127,17,1,0,5.65,15.06,21.23,1,18.4,0.63,normal,centre,premium,1
CMD-003001,2025-07-02 00:43:41.236872,19,2,0,6.25,139.74,5.02,1,25.0,0.4,normal,rurale,standard,0
CMD-003002,2025-07-02 02:11:03.710618,17,2,0,21.91,172.29,3.41,1,12.9,0.65,pluie,proche_banlieue,standard,1
CMD-003003,2025-07-02 03:38:26.184364,21,2,0,5.08,119.44,18.2,0,21.3,0.93,neige,rurale,standard,0
CMD-003004,2025-07-02 05:05:48.658109,22,2,0,8.7,232.76,3.35,1,25.2,0.68,pluie,proche_banlieue,standard,1
CMD-003005,2025-07-02 06:33:11.131855,18,2,0,8.48,226.46,10.38,0,27.4,0.95,pluie,proche_banlieue,standard,0
CMD-003006,2025-07-02 08:00:33.605600,12,2,0,6.31,43.35,12.98,1,34.0,0.37,neige,banlieue,standard,1
CMD-003007,2025-07-02 09:27:56.079346,16,2,0,2.4,29.19,2.19,0,5.0,0.41,neige,proche_banlieue,standard,1
CMD-003008,2025-07-02 10:55:18.553092,13,2,0,6.98,84.95,13.98,0,23.7,0.32,pluie,centre,standard,1
CMD-003009,2025-07-02 12:22:41.026837,17,2,0,0.74,155.95,12.11,1,23.3,0.26,normal,banlieue,standard,1
CMD-003010,2025-07-02 13:50:03.500583,19,2,0,9.34,154.38,16.78,0,24.4,0.21,pluie,centre,standard,1
CMD-003011,2025-07-02 15:17:25.974329,12,2,0,0.58,75.19,5.63,0,25.3,0.94,normal,banlieue,standard,1
CMD-003012,2025-07-02 16:44:48.448074,15,2,0,8.74,238.26,9.04,0,16.7,0.56,orage,rurale,premium,1
CMD-003013,2025-07-02 18:12:10.921820,7,2,0,3.82,83.76,16.56,1,9.5,0.95,normal,proche_banlieue,premium,1
CMD-003014,2025-07-02 19:39:33.395565,18,2,0,2.73,203.01,1.08,1,27.2,0.89,normal,banlieue,standard,1
CMD-003015,2025-07-02 21:06:55.869311,14,2,0,11.24,209.68,3.07,1,15.1,0.8,normal,centre,standard,1
CMD-003016,2025-07-02 22:34:18.343057,14,2,0,4.61,33.62,7.23,1,29.0,0.93,pluie,banlieue,standard,1
CMD-003017,2025-07-03 00:01:40.816802,15,3,0,6.7,65.81,2.84,1,15.6,0.41,normal,proche_banlieue,standard,1
CMD-003018,2025-07-03 01:29:03.290548,10,3,0,1.27,61.65,1.18,1,31.9,0.89,pluie,centre,standard,1
CMD-003019,2025-07-03 02:56:25.764294,16,3,0,17.18,230.72,24.69,0,24.5,0.74,normal,rurale,standard,1
CMD-003020,2025-07-03 04:23:48.238039,18,3,0,7.21,94.27,11.5,1,25.1,0.68,normal,proche_banlieue,standard,1
CMD-003021,2025-07-03 05:51:10.711785,12,3,0,7.2,210.75,13.44,1,22.5,0.69,neige,banlieue,premium,1
CMD-003022,2025-07-03 07:18:33.185530,9,3,0,9.49,124.72,6.52,1,20.9,0.92,normal,proche_banlieue,standard,1
CMD-003023,2025-07-03 08:45:55.659276,13,3,0,0.28,119.73,0.39,1,22.7,0.94,normal,rurale,standard,1
CMD-003024,2025-07-03 10:13:18.133022,10,3,0,18.35,226.82,18.82,1,36.8,0.34,neige,banlieue,standard,0
CMD-003025,2025-07-03 11:40:40.606767,12,3,0,4.93,115.82,18.15,1,9.7,0.26,normal,banlieue,standard,1
CMD-003026,2025-07-03 13:08:03.080513,17,3,0,17.62,188.76,24.32,1,18.5,0.42,normal,centre,standard,1
CMD-003027,2025-07-03 14:35:25.554259,8,3,0,4.79,111.85,0.72,1,35.6,0.85,normal,banlieue,standard,1
CMD-003028,2025-07-03 16:02:48.028004,18,3,0,3.92,34.45,3.6,1,33.2,0.28,normal,proche_banlieue,standard,1
CMD-003029,2025-07-03 17:30:10.501750,10,3,0,9.03,22.74,17.86,1,38.4,0.73,pluie,banlieue,standard,0
CMD-003030,2025-07-03 18:57:32.975495,21,3,0,24.84,59.98,8.39,1,24.4,0.52,normal,rurale,standard,0
CMD-003031,2025-07-03 20:24:55.449241,18,3,0,14.55,183.34,1.78,1,11.8,0.93,normal,banlieue,standard,1
CMD-003032,2025-07-03 21:52:17.922987,11,3,0,9.76,99.68,7.66,1,13.9,0.86,pluie,proche_banlieue,standard,1
CMD-003033,2025-07-03 23:19:40.396732,16,3,0,8.92,118.99,2.38,1,22.0,0.61,pluie,rurale,standard,0
CMD-003034,2025-07-04 00:47:02.870478,8,4,0,6.93,34.45,20.97,1,32.6,0.5,normal,banlieue,standard,0
CMD-003035,2025-07-04 02:14:25.344224,8,4,0,17.09,159.53,21.95,1,22.5,0.87,normal,banlieue,standard,1
CMD-003036,2025-07-04 03:41:47.817969,22,4,0,11.44,202.83,15.99,1,21.7,0.4,normal,rurale,standard,0
CMD-003037,2025-07-04 05:09:10.291715,19,4,0,1.66,159.92,9.76,1,29.0,0.63,normal,centre,premium,1
CMD-003038,2025-07-04 06:36:32.765460,9,4,0,2.75,246.31,19.27,1,25.3,0.95,normal,proche_banlieue,standard,1
CMD-003039,2025-07-04 08:03:55.239206,11,4,0,10.01,13.92,15.86,1,20.6,0.68,normal,centre,premium,0
CMD-003040,2025-07-04 09:31:17.712952,10,4,0,2.31,13.76,19.84,1,15.0,0.94,neige,banlieue,standard,1
CMD-003041,2025-07-04 10:58:40.186697,13,4,0,7.18,130.0,12.87,1,34.5,0.55,normal,proche_banlieue,standard,1
CMD-003042,2025-07-04 12:26:02.660443,11,4,0,12.12,73.94,23.97,1,35.5,0.7,normal,banlieue,standard,1
CMD-003043,2025-07-04 13:53:25.134189,12,4,0,9.07,174.76,7.39,1,14.4,0.95,normal,centre,standard,1
CMD-003044,2025-07-04 15:20:47.607934,15,4,0,1.96,200.37,15.18,1,21.0,0.79,pluie,banlieue,standard,0
CMD-003045,2025-07-04 16:48:10.081680,10,4,0,2.89,34.58,20.24,1,31.7,0.92,normal,centre,standard,1
CMD-003046,2025-07-04 18:15:32.555425,21,4,0,9.28,230.16,22.37,1,13.6,0.87,pluie,proche_banlieue,standard,1
CMD-003047,2025-07-04 19:42:55.029171,18,4,0,23.07,17.18,23.68,1,28.7,0.26,normal,proche_banlieue,standard,0
CMD-003048,2025-07-04 21:10:17.502917,19,4,0,6.07,175.22,10.0,1,21.7,0.41,normal,banlieue,standard,0
CMD-003049,2025-07-04 22:37:39.976662,9,4,0,12.42,102.28,17.54,1,12.8,0.79,neige,proche_banlieue,standard,1
CMD-003050,2025-07-05 00:05:02.450408,18,5,1,9.13,170.19,7.4,1,42.8,0.91,normal,banlieue,standard,1
CMD-003051,2025-07-05 01:32:24.924154,20,5,1,3.79,33.43,16.3,1,21.6,0.84,normal,centre,standard,1
CMD-003052,2025-07-05 02:59:47.397899,9,5,1,12.52,234.9,4.77,0,30.2,0.45,normal,banlieue,premium,0
CMD-003053,2025-07-05 04:27:09.871645,19,5,1,1.23,234.98,10.65,1,13.8,0.7,pluie,proche_banlieue,standard,1
CMD-003054,2025-07-05 05:54:32.345390,12,5,1,11.88,134.66,23.02,1,40.5,0.73,normal,centre,standard,0
CMD-003055,2025-07-05 07:21:54.819136,19,5,1,9.54,132.3,20.31,1,44.5,0.55,normal,rurale,standard,0
CMD-003056,2025-07-05 08:49:17.292882,14,5,1,4.11,162.35,12.51,1,10.0,0.67,normal,rurale,standard,1
CMD-003057,2025-07-05 10:16:39.766627,19,5,1,2.52,149.22,3.84,1,23.4,0.99,pluie,centre,standard,1
CMD-003058,2025-07-05 11:44:02.240373,9,5,1,4.43,140.45,10.08,1,38.3,0.64,pluie,centre,standard,0
CMD-003059,2025-07-05 13:11:24.714119,13,5,1,3.54,151.41,3.64,1,20.3,0.36,pluie,banlieue,standard,1
CMD-003060,2025-07-05 14:38:47.187864,11,5,1,5.31,216.07,1.9,1,29.1,0.6,normal,rurale,standard,1
CMD-003061,2025-07-05 16:06:09.661610,10,5,1,4.83,156.66,22.68,1,8.2,0.34,normal,proche_banlieue,standard,1
CMD-003062,2025-07-05 17:33:32.135355,11,5,1,4.11,57.0,12.39,0,17.1,0.75,pluie,banlieue,standard,1
CMD-003063,2025-07-05 19:00:54.609101,13,5,1,1.17,229.34,2.42,1,28.1,0.92,normal,centre,standard,1
CMD-003064,2025-07-05 20:28:17.082847,9,5,1,2.17,61.83,17.97,1,19.1,0.74,normal,centre,standard,1
CMD-003065,2025-07-05 21:55:39.556592,18,5,1,13.91,49.64,2.04,0,21.4,0.9,neige,centre,premium,1
CMD-003066,2025-07-05 23:23:02.030338,15,5,1,4.21,249.29,10.02,1,9.8,0.78,pluie,banlieue,standard,1
CMD-003067,2025-07-06 00:50:24.504084,20,6,1,5.39,61.22,5.91,1,31.5,0.55,orage,proche_banlieue,standard,1
CMD-003068,2025-07-06 02:17:46.977829,18,6,1,4.62,34.02,4.28,1,11.6,0.63,normal,banlieue,standard,1
CMD-003069,2025-07-06 03:45:09.451575,9,6,1,17.36,144.88,13.43,1,40.4,0.63,normal,centre,standard,0
CMD-003070,2025-07-06 05:12:31.925320,8,6,1,3.46,208.53,18.05,0,18.2,0.51,normal,centre,premium,1
CMD-003071,2025-07-06 06:39:54.399066,13,6,1,3.24,24.58,12.28,0,33.0,0.27,pluie,proche_banlieue,premium,0
CMD-003072,2025-07-06 08:07:16.872812,14,6,1,9.7,127.63,20.56,1,32.0,0.76,pluie,proche_banlieue,premium,1
CMD-003073,2025-07-06 09:34:39.346557,10,6,1,7.61,26.44,22.95,0,15.1,0.24,normal,proche_banlieue,premium,1
CMD-003074,2025-07-06 11:02:01.820303,19,6,1,9.89,112.89,20.22,1,19.2,0.36,normal,banlieue,standard,1
CMD-003075,2025-07-06 12:29:24.294049,16,6,1,9.45,92.55,23.92,1,20.4,0.56,pluie,proche_banlieue,standard,1
CMD-003076,2025-07-06 13:56:46.767794,18,6,1,12.74,42.91,23.24,1,21.1,0.99,normal,rurale,standard,1
CMD-003077,2025-07-06 15:24:09.241540,8,6,1,1.91,233.45,20.85,1,12.0,0.45,normal,banlieue,standard,1
CMD-003078,2025-07-06 16:51:31.715285,20,6,1,9.04,162.37,7.46,1,30.3,0.84,orage,proche_banlieue,standard,1
CMD-003079,2025-07-06 18:18:54.189031,10,6,1,3.26,212.33,4.52,1,18.1,0.54,normal,rurale,standard,0
CMD-003080,2025-07-06 19:46:16.662777,14,6,1,0.79,227.43,18.23,0,23.9,0.38,pluie,proche_banlieue,standard,0
CMD-003081,2025-07-06 21:13:39.136522,14,6,1,9.4,233.24,21.17,1,35.1,0.22,orage,proche_banlieue,premium,1
CMD-003082,2025-07-06 22:41:01.610268,20,6,1,9.01,189.55,20.61,0,30.7,0.27,pluie,banlieue,standard,0
CMD-003083,2025-07-07 00:08:24.084014,11,0,0,6.5,83.67,16.16,1,18.8,0.53,normal,rurale,premium,1
CMD-003084,2025-07-07 01:35:46.557759,10,0,0,12.9,208.94,20.78,1,35.4,0.52,normal,centre,standard,1
CMD-003085,2025-07-07 03:03:09.031505,12,0,0,3.28,134.84,17.74,1,31.7,0.7,normal,centre,standard,1
CMD-003086,2025-07-07 04:30:31.505250,12,0,0,10.53,75.2,16.7,1,17.9,0.25,neige,banlieue,premium,1
CMD-003087,2025-07-07 05:57:53.978996,9,0,0,5.79,102.59,1.36,1,19.9,0.43,normal,proche_banlieue,premium,1
CMD-003088,2025-07-07 07:25:16.452742,9,0,0,6.15,82.29,11.62,1,35.0,0.22,pluie,rurale,standard,0
CMD-003089,2025-07-07 08:52:38.926487,10,0,0,0.95,121.89,1.04,1,32.8,0.9,neige,proche_banlieue,standard,1
CMD-003090,2025-07-07 10:20:01.400233,14,0,0,12.99,197.52,2.49,1,10.0,0.52,normal,rurale,standard,1
CMD-003091,2025-07-07 11:47:23.873978,12,0,0,8.76,126.37,13.62,1,14.9,0.67,pluie,centre,premium,1
CMD-003092,2025-07-07 13:14:46.347724,13,0,0,10.24,74.29,1.38,1,32.0,0.77,normal,rurale,standard,1
CMD-003093,2025-07-07 14:42:08.821470,18,0,0,2.89,30.98,22.85,1,13.3,0.41,normal,banlieue,standard,1
CMD-003094,2025-07-07 16:09:31.295215,10,0,0,8.03,215.38,11.37,1,33.0,0.31,normal,rurale,standard,1
CMD-003095,2025-07-07 17:36:53.768961,21,0,0,5.78,110.17,17.56,1,44.4,0.66,normal,centre,standard,0
CMD-003096,2025-07-07 19:04:16.242707,19,0,0,9.1,116.06,3.87,1,28.7,0.92,normal,proche_banlieue,standard,1
CMD-003097,2025-07-07 20:31:38.716452,9,0,0,7.76,193.29,21.22,0,15.8,0.91,normal,centre,premium,1
CMD-003098,2025-07-07 21:59:01.190198,12,0,0,19.64,213.93,12.06,1,26.8,0.45,normal,banlieue,premium,1
CMD-003099,2025-07-07 23:26:23.663943,9,0,0,15.71,132.67,14.06,1,35.3,0.41,normal,centre,standard,0
CMD-003100,2025-07-08 00:53:46.137689,11,1,0,5.26,161.77,16.28,1,26.0,0.48,normal,proche_banlieue,premium,1
CMD-003101,2025-07-08 02:21:08.611435,12,1,0,9.39,67.4,13.59,1,29.8,0.4,pluie,centre,standard,0
CMD-003102,2025-07-08 03:48:31.085180,9,1,0,4.92,234.42,14.17,1,17.0,0.97,normal,banlieue,standard,1
CMD-003103,2025-07-08 05:15:53.558926,7,1,0,12.66,146.3,18.66,1,17.8,0.23,pluie,banlieue,standard,1
CMD-003104,2025-07-08 06:43:16.032672,14,1,0,5.97,182.71,20.2,1,34.1,0.35,pluie,centre,standard,0
CMD-003105,2025-07-08 08:10:38.506417,18,1,0,4.37,37.41,7.79,1,17.9,0.22,pluie,banlieue,premium,1
CMD-003106,2025-07-08 09:38:00.980163,11,1,0,7.95,162.86,23.07,1,5.0,0.88,pluie,centre,premium,1
CMD-003107,2025-07-08 11:05:23.453908,20,1,0,14.9,98.55,8.98,1,21.9,0.58,pluie,rurale,standard,1
CMD-003108,2025-07-08 12:32:45.927654,12,1,0,13.34,118.02,6.95,1,28.1,0.38,normal,rurale,standard,1
CMD-003109,2025-07-08 14:00:08.401400,21,1,0,4.59,173.72,7.92,1,35.6,0.52,normal,centre,standard,0
CMD-003110,2025-07-08 15:27:30.875145,10,1,0,18.51,201.12,9.09,1,41.5,0.28,normal,proche_banlieue,standard,0
CMD-003111,2025-07-08 16:54:53.348891,15,1,0,3.05,93.85,8.06,1,25.8,0.29,orage,proche_banlieue,standard,1
CMD-003112,2025-07-08 18:22:15.822637,19,1,0,3.94,219.58,21.13,1,31.6,0.96,pluie,banlieue,standard,1
CMD-003113,2025-07-08 19:49:38.296382,7,1,0,12.29,62.56,14.12,0,26.2,0.76,pluie,rurale,standard,1
CMD-003114,2025-07-08 21:17:00.770128,21,1,0,0.8,145.1,24.2,1,28.5,0.71,normal,proche_banlieue,premium,1
CMD-003115,2025-07-08 22:44:23.243873,12,1,0,6.72,46.3,2.28,1,23.1,0.58,normal,proche_banlieue,standard,1
CMD-003116,2025-07-09 00:11:45.717619,14,2,0,5.25,79.42,15.43,1,28.9,0.59,normal,centre,standard,1
CMD-003117,2025-07-09 01:39:08.191365,17,2,0,19.23,224.9,2.58,1,17.7,0.82,normal,proche_banlieue,standard,1
CMD-003118,2025-07-09 03:06:30.665110,17,2,0,2.56,12.77,11.58,0,44.8,0.24,normal,rurale,standard,1
CMD-003119,2025-07-09 04:33:53.138856,7,2,0,2.84,229.75,9.69,0,5.0,0.73,pluie,rurale,premium,1
CMD-003120,2025-07-09 06:01:15.612602,20,2,0,20.99,88.82,17.08,1,30.7,0.64,normal,proche_banlieue,standard,1
CMD-003121,2025-07-09 07:28:38.086347,16,2,0,5.3,176.99,18.69,1,28.2,0.45,normal,centre,premium,1
CMD-003122,2025-07-09 08:56:00.560093,22,2,0,14.51,32.01,6.1,1,28.7,0.37,normal,proche_banlieue,standard,1
CMD-003123,2025-07-09 10:23:23.033838,14,2,0,4.63,163.91,5.0,1,13.2,0.89,neige,proche_banlieue,standard,1
CMD-003124,2025-07-09 11:50:45.507584,16,2,0,3.8,228.27,10.6,1,8.2,0.95,pluie,banlieue,premium,1
CMD-003125,2025-07-09 13:18:07.981330,14,2,0,15.0,143.25,6.2,1,31.1,0.28,pluie,banlieue,premium,1
CMD-003126,2025-07-09 14:45:30.455075,21,2,0,24.37,96.91,16.98,1,38.4,0.34,normal,banlieue,standard,1
CMD-003127,2025-07-09 16:12:52.928821,20,2,0,15.78,200.46,13.04,1,27.2,0.73,normal,proche_banlieue,standard,0
CMD-003128,2025-07-09 17:40:15.402567,21,2,0,4.39,181.05,20.71,1,33.1,0.82,normal,banlieue,premium,1
CMD-003129,2025-07-09 19:07:37.876312,15,2,0,6.5,38.25,24.54,1,20.4,0.59,normal,banlieue,standard,1
CMD-003130,2025-07-09 20:35:00.350058,19,2,0,2.95,169.77,9.58,1,28.3,0.94,normal,banlieue,standard,1
CMD-003131,2025-07-09 22:02:22.823803,12,2,0,3.43,169.52,22.82,1,37.3,0.9,normal,banlieue,standard,1
CMD-003132,2025-07-09 23:29:45.297549,14,2,0,3.27,190.46,19.47,1,21.9,0.3,pluie,rurale,standard,1
CMD-003133,2025-07-10 00:57:07.771295,19,3,0,4.72,85.91,3.9,1,36.9,0.31,normal,centre,standard,1
CMD-003134,2025-07-10 02:24:30.245040,8,3,0,7.31,106.31,20.93,1,8.7,0.27,normal,centre,standard,0
CMD-003135,2025-07-10 03:51:52.718786,18,3,0,6.7,240.41,12.14,1,18.9,0.9,normal,centre,standard,1
CMD-003136,2025-07-10 05:19:15.192532,7,3,0,11.09,147.63,17.79,1,30.5,0.65,normal,banlieue,standard,1
CMD-003137,2025-07-10 06:46:37.666277,16,3,0,7.6,132.04,17.62,1,44.0,0.95,pluie,proche_banlieue,standard,1
CMD-003138,2025-07-10 08:14:00.140023,14,3,0,10.36,246.84,22.17,0,25.1,0.78,neige,proche_banlieue,standard,0
CMD-003139,2025-07-10 09:41:22.613768,14,3,0,11.54,65.09,19.08,0,14.7,0.79,normal,centre,standard,0
CMD-003140,2025-07-10 11:08:45.087514,14,3,0,4.45,105.5,20.65,1,43.8,0.3,normal,rurale,standard,1
CMD-003141,2025-07-10 12:36:07.561260,14,3,0,5.88,192.37,8.16,1,23.7,0.29,normal,proche_banlieue,standard,1
CMD-003142,2025-07-10 14:03:30.035005,13,3,0,41.18,181.14,24.33,1,31.6,0.94,pluie,centre,standard,0
CMD-003143,2025-07-10 15:30:52.508751,14,3,0,4.15,242.01,16.61,1,21.7,0.59,neige,proche_banlieue,standard,1
CMD-003144,2025-07-10 16:58:14.982497,16,3,0,10.78,167.03,19.39,1,26.4,1.0,normal,proche_banlieue,standard,1
CMD-003145,2025-07-10 18:25:37.456242,19,3,0,2.05,85.14,21.5,1,19.4,0.46,pluie,rurale,standard,1
CMD-003146,2025-07-10 19:52:59.929988,15,3,0,11.77,105.44,3.27,1,47.6,0.7,normal,rurale,standard,1
CMD-003147,2025-07-10 21:20:22.403733,17,3,0,3.59,31.53,8.54,1,36.9,0.66,neige,banlieue,standard,1
CMD-003148,2025-07-10 22:47:44.877479,20,3,0,6.88,231.69,20.93,1,42.7,0.25,pluie,proche_banlieue,premium,1
CMD-003149,2025-07-11 00:15:07.351225,22,4,0,1.71,40.88,23.07,0,17.1,0.62,normal,rurale,standard,1
CMD-003150,2025-07-11 01:42:29.824970,8,4,0,6.37,140.97,18.95,1,6.7,0.94,pluie,centre,premium,1
CMD-003151,2025-07-11 03:09:52.298716,18,4,0,6.47,106.33,12.16,1,22.1,0.56,normal,banlieue,standard,1
CMD-003152,2025-07-11 04:37:14.772462,10,4,0,5.71,42.21,6.43,1,50.2,0.58,orage,proche_banlieue,standard,1
CMD-003153,2025-07-11 06:04:37.246207,10,4,0,9.16,80.32,13.22,0,21.8,0.76,normal,proche_banlieue,standard,1
CMD-003154,2025-07-11 07:31:59.719953,19,4,0,14.14,162.06,10.05,0,35.5,0.82,normal,centre,standard,0
CMD-003155,2025-07-11 08:59:22.193698,8,4,0,2.82,17.5,22.16,1,14.8,0.86,normal,centre,standard,1
CMD-003156,2025-07-11 10:26:44.667444,20,4,0,5.82,241.84,14.27,0,16.7,0.56,normal,banlieue,standard,0
CMD-003157,2025-07-11 11:54:07.141190,19,4,0,1.06,228.18,9.92,0,24.2,0.56,pluie,banlieue,standard,1
CMD-003158,2025-07-11 13:21:29.614935,22,4,0,7.53,30.3,12.56,0,46.1,0.58,pluie,rurale,premium,0
CMD-003159,2025-07-11 14:48:52.088681,17,4,0,2.62,218.4,23.35,1,36.0,0.98,normal,banlieue,premium,1
CMD-003160,2025-07-11 16:16:14.562427,20,4,0,6.65,88.86,15.41,1,5.0,0.94,neige,centre,premium,0
CMD-003161,2025-07-11 17:43:37.036172,8,4,0,7.75,26.2,5.88,1,31.7,0.7,neige,centre,standard,1
CMD-003162,2025-07-11 19:10:59.509918,21,4,0,1.29,83.47,12.6,1,13.5,0.43,pluie,banlieue,standard,1
CMD-003163,2025-07-11 20:38:21.983663,9,4,0,8.64,204.13,11.75,1,18.2,0.92,normal,centre,standard,1
CMD-003164,2025-07-11 22:05:44.457409,12,4,0,13.68,169.8,7.9,1,30.1,0.34,neige,centre,standard,1
CMD-003165,2025-07-11 23:33:06.931155,9,4,0,10.1,67.25,18.46,0,39.0,0.29,normal,proche_banlieue,premium,0
CMD-003166,2025-07-12 01:00:29.404900,13,5,1,2.89,182.6,6.85,1,38.5,0.53,normal,banlieue,premium,1
CMD-003167,2025-07-12 02:27:51.878646,18,5,1,6.33,179.88,12.42,1,28.3,0.75,orage,banlieue,standard,0
CMD-003168,2025-07-12 03:55:14.352392,11,5,1,6.89,188.29,11.14,1,28.5,0.24,normal,centre,standard,1
CMD-003169,2025-07-12 05:22:36.826137,20,5,1,5.9,139.76,11.78,1,38.5,0.45,normal,rurale,standard,1
CMD-003170,2025-07-12 06:49:59.299883,16,5,1,1.94,206.55,14.26,1,9.2,0.83,neige,rurale,standard,0
CMD-003171,2025-07-12 08:17:21.773628,17,5,1,3.32,163.93,17.15,1,43.3,0.73,normal,banlieue,standard,1
CMD-003172,2025-07-12 09:44:44.247374,22,5,1,5.5,40.1,3.75,1,17.6,0.27,normal,centre,premium,1
CMD-003173,2025-07-12 11:12:06.721120,13,5,1,7.67,204.46,7.35,1,27.6,0.36,normal,banlieue,standard,1
CMD-003174,2025-07-12 12:39:29.194865,12,5,1,4.13,87.7,19.37,1,20.0,0.78,pluie,proche_banlieue,standard,1
CMD-003175,2025-07-12 14:06:51.668611,22,5,1,0.92,179.21,22.71,1,13.4,0.29,normal,centre,standard,1
CMD-003176,2025-07-12 15:34:14.142357,15,5,1,4.35,172.03,1.31,1,29.6,0.21,normal,banlieue,standard,1
CMD-003177,2025-07-12 17:01:36.616102,16,5,1,19.62,90.62,2.02,1,27.4,0.99,neige,rurale,standard,1
CMD-003178,2025-07-12 18:28:59.089848,11,5,1,8.68,48.8,23.36,0,23.9,0.69,pluie,proche_banlieue,standard,1
CMD-003179,2025-07-12 19:56:21.563593,10,5,1,7.51,176.79,3.87,1,23.5,0.54,normal,centre,standard,1
CMD-003180,2025-07-12 21:23:44.037339,9,5,1,3.28,213.77,24.49,1,40.3,0.68,normal,centre,standard,1
CMD-003181,2025-07-12 22:51:06.511085,10,5,1,4.52,211.18,20.74,1,46.9,0.74,neige,proche_banlieue,standard,1
CMD-003182,2025-07-13 00:18:28.984830,10,6,1,0.83,160.36,3.19,1,37.5,0.6,normal,banlieue,standard,1
CMD-003183,2025-07-13 01:45:51.458576,18,6,1,3.08,64.58,2.74,1,27.8,0.73,neige,centre,premium,1
CMD-003184,2025-07-13 03:13:13.932322,7,6,1,8.37,85.89,24.44,1,8.6,0.77,normal,centre,premium,1
CMD-003185,2025-07-13 04:40:36.406067,17,6,1,7.55,191.11,6.52,1,31.3,0.34,pluie,rurale,premium,0
CMD-003186,2025-07-13 06:07:58.879813,22,6,1,3.8,108.6,13.56,1,31.7,0.54,neige,rurale,standard,1
CMD-003187,2025-07-13 07:35:21.353558,19,6,1,5.9,185.8,6.06,1,32.7,0.44,normal,rurale,standard,1
CMD-003188,2025-07-13 09:02:43.827304,13,6,1,6.7,84.27,15.1,1,13.6,0.84,normal,centre,standard,1
CMD-003189,2025-07-13 10:30:06.301050,7,6,1,3.98,11.52,21.03,1,33.5,0.82,normal,rurale,premium,1
CMD-003190,2025-07-13 11:57:28.774795,20,6,1,9.05,154.84,16.49,1,40.6,0.85,normal,proche_banlieue,premium,1
CMD-003191,2025-07-13 13:24:51.248541,7,6,1,7.45,154.22,1.36,1,15.2,0.55,normal,proche_banlieue,standard,1
CMD-003192,2025-07-13 14:52:13.722287,17,6,1,4.66,160.61,14.96,0,31.8,0.66,normal,proche_banlieue,premium,0
CMD-003193,2025-07-13 16:19:36.196032,17,6,1,2.08,74.36,16.59,0,16.9,0.76,normal,rurale,standard,1
CMD-003194,2025-07-13 17:46:58.669778,10,6,1,4.38,204.66,5.18,1,24.0,0.46,normal,centre,standard,1
CMD-003195,2025-07-13 19:14:21.143523,18,6,1,4.14,126.99,19.1,1,15.5,0.98,normal,rurale,standard,1
CMD-003196,2025-07-13 20:41:43.617269,9,6,1,3.8,192.97,15.75,0,21.5,0.5,pluie,rurale,standard,1
CMD-003197,2025-07-13 22:09:06.091015,10,6,1,1.35,156.66,0.44,1,21.6,0.63,normal,rurale,standard,1
CMD-003198,2025-07-13 23:36:28.564760,19,6,1,16.22,109.86,23.77,1,29.1,0.86,normal,proche_banlieue,standard,1
CMD-003199,2025-07-14 01:03:51.038506,22,0,0,15.69,173.11,11.25,1,33.9,0.8,normal,proche_banlieue,standard,1
CMD-003200,2025-07-14 02:31:13.512252,11,0,0,5.74,147.99,5.96,1,37.2,0.6,normal,centre,standard,1
CMD-003201,2025-07-14 03:58:35.985997,21,0,0,7.64,132.57,2.34,1,18.5,0.53,normal,proche_banlieue,premium,1
CMD-003202,2025-07-14 05:25:58.459743,21,0,0,8.94,165.65,9.49,1,28.6,0.71,normal,centre,premium,1
CMD-003203,2025-07-14 06:53:20.933488,19,0,0,5.81,30.63,7.83,1,14.0,0.55,normal,banlieue,standard,1
CMD-003204,2025-07-14 08:20:43.407234,9,0,0,8.05,228.46,7.59,1,23.9,0.67,normal,rurale,standard,1
CMD-003205,2025-07-14 09:48:05.880980,11,0,0,9.86,90.42,19.87,1,25.4,0.84,normal,rurale,standard,1
CMD-003206,2025-07-14 11:15:28.354725,17,0,0,7.24,63.93,16.22,1,15.8,0.3,normal,proche_banlieue,standard,1
CMD-003207,2025-07-14 12:42:50.828471,22,0,0,11.11,195.23,3.5,1,30.6,0.76,neige,proche_banlieue,standard,0
CMD-003208,2025-07-14 14:10:13.302217,20,0,0,3.69,65.49,17.76,1,23.4,0.24,pluie,proche_banlieue,premium,1
CMD-003209,2025-07-14 15:37:35.775962,13,0,0,6.33,248.98,18.14,1,26.5,0.79,normal,rurale,standard,1
CMD-003210,2025-07-14 17:04:58.249708,10,0,0,32.27,110.92,12.95,0,37.2,0.37,normal,centre,standard,0
CMD-003211,2025-07-14 18:32:20.723453,22,0,0,12.94,81.19,24.9,1,20.7,0.59,pluie,proche_banlieue,standard,0
CMD-003212,2025-07-14 19:59:43.197199,11,0,0,7.37,24.9,7.23,1,33.5,0.41,normal,centre,standard,1
CMD-003213,2025-07-14 21:27:05.670945,12,0,0,2.83,20.03,1.65,1,39.4,0.46,normal,banlieue,standard,1
CMD-003214,2025-07-14 22:54:28.144690,22,0,0,6.58,32.83,0.91,1,38.8,0.7,pluie,proche_banlieue,premium,1
CMD-003215,2025-07-15 00:21:50.618436,15,1,0,12.35,11.21,8.15,0,23.1,0.54,normal,rurale,standard,1
CMD-003216,2025-07-15 01:49:13.092182,11,1,0,10.65,88.5,12.55,0,15.3,0.59,normal,rurale,standard,1
CMD-003217,2025-07-15 03:16:35.565927,7,1,0,1.01,84.51,2.14,1,17.9,1.0,pluie,rurale,standard,1
CMD-003218,2025-07-15 04:43:58.039673,13,1,0,1.4,113.22,14.23,1,9.1,0.3,orage,proche_banlieue,premium,1
CMD-003219,2025-07-15 06:11:20.513418,22,1,0,1.48,65.9,22.54,1,31.9,0.51,neige,rurale,standard,1
CMD-003220,2025-07-15 07:38:42.987164,13,1,0,9.04,25.06,19.96,1,32.5,0.62,orage,proche_banlieue,standard,1
CMD-003221,2025-07-15 09:06:05.460910,18,1,0,1.5,27.08,16.88,1,26.2,0.85,normal,proche_banlieue,standard,1
CMD-003222,2025-07-15 10:33:27.934655,11,1,0,2.72,53.72,16.61,1,11.2,0.43,normal,proche_banlieue,standard,1
CMD-003223,2025-07-15 12:00:50.408401,19,1,0,5.64,85.98,18.31,1,21.3,0.52,normal,banlieue,standard,1
CMD-003224,2025-07-15 13:28:12.882147,19,1,0,13.78,45.52,12.46,1,38.8,0.86,normal,centre,standard,1
CMD-003225,2025-07-15 14:55:35.355892,16,1,0,9.35,97.63,10.16,0,31.1,0.62,pluie,proche_banlieue,standard,1
CMD-003226,2025-07-15 16:22:57.829638,19,1,0,5.12,231.33,7.81,1,32.8,0.88,normal,rurale,standard,1
CMD-003227,2025-07-15 17:50:20.303383,16,1,0,11.33,72.78,2.67,1,58.1,0.25,normal,centre,standard,1
CMD-003228,2025-07-15 19:17:42.777129,13,1,0,23.46,50.42,14.14,1,28.3,0.43,neige,centre,premium,1
CMD-003229,2025-07-15 20:45:05.250875,18,1,0,6.62,169.55,11.92,1,5.0,0.65,normal,rurale,premium,1
CMD-003230,2025-07-15 22:12:27.724620,20,1,0,1.96,127.81,3.15,0,14.0,0.3,normal,banlieue,premium,1
CMD-003231,2025-07-15 23:39:50.198366,20,1,0,2.81,21.34,6.85,1,28.1,0.59,neige,centre,standard,1
CMD-003232,2025-07-16 01:07:12.672112,10,2,0,2.78,199.07,19.72,1,25.2,0.21,normal,proche_banlieue,standard,1
CMD-003233,2025-07-16 02:34:35.145857,17,2,0,3.39,181.68,6.54,1,23.3,0.6,pluie,proche_banlieue,standard,1
CMD-003234,2025-07-16 04:01:57.619603,7,2,0,4.84,244.55,10.76,1,23.5,0.94,normal,centre,standard,1
CMD-003235,2025-07-16 05:29:20.093348,16,2,0,7.84,235.19,4.2,1,17.2,0.96,normal,centre,premium,1
CMD-003236,2025-07-16 06:56:42.567094,16,2,0,1.67,150.22,4.41,1,28.7,0.46,normal,centre,standard,1
CMD-003237,2025-07-16 08:24:05.040840,12,2,0,2.0,174.65,18.96,1,38.9,0.2,normal,banlieue,standard,1
CMD-003238,2025-07-16 09:51:27.514585,22,2,0,9.8,108.28,1.85,0,42.3,0.93,normal,proche_banlieue,standard,0
CMD-003239,2025-07-16 11:18:49.988331,21,2,0,4.16,223.23,7.27,1,42.0,0.65,pluie,proche_banlieue,standard,1
CMD-003240,2025-07-16 12:46:12.462077,7,2,0,3.06,142.67,24.52,1,15.4,0.66,normal,centre,premium,1
CMD-003241,2025-07-16 14:13:34.935822,10,2,0,5.29,88.13,12.0,1,24.8,0.85,normal,centre,standard,1
CMD-003242,2025-07-16 15:40:57.409568,10,2,0,15.43,12.28,15.23,0,21.9,0.51,normal,proche_banlieue,standard,0
CMD-003243,2025-07-16 17:08:19.883313,21,2,0,10.77,150.75,16.09,1,30.9,0.54,pluie,banlieue,standard,1
CMD-003244,2025-07-16 18:35:42.357059,15,2,0,10.25,136.1,5.06,0,24.2,0.88,normal,rurale,standard,1
CMD-003245,2025-07-16 20:03:04.830805,18,2,0,19.13,204.85,9.36,1,22.7,0.59,normal,centre,standard,0
CMD-003246,2025-07-16 21:30:27.304550,19,2,0,8.12,54.88,10.14,1,39.5,0.79,orage,centre,standard,1
CMD-003247,2025-07-16 22:57:49.778296,19,2,0,20.3,205.7,5.92,1,26.0,0.92,neige,banlieue,standard,0
CMD-003248,2025-07-17 00:25:12.252042,8,3,0,21.38,13.67,6.0,1,26.2,0.51,normal,proche_banlieue,standard,1
CMD-003249,2025-07-17 01:52:34.725787,9,3,0,1.72,150.96,15.28,1,29.1,0.91,normal,proche_banlieue,standard,1
CMD-003250,2025-07-17 03:19:57.199533,13,3,0,1.26,105.24,2.89,0,31.8,0.46,normal,banlieue,standard,0
CMD-003251,2025-07-17 04:47:19.673278,12,3,0,2.61,89.56,3.4,1,31.8,0.94,normal,proche_banlieue,premium,1
CMD-003252,2025-07-17 06:14:42.147024,18,3,0,14.41,113.99,14.42,1,40.5,0.44,neige,proche_banlieue,premium,0
CMD-003253,2025-07-17 07:42:04.620770,9,3,0,5.38,63.66,11.34,1,12.1,0.39,normal,proche_banlieue,standard,0
CMD-003254,2025-07-17 09:09:27.094515,12,3,0,4.86,54.02,15.38,1,28.2,0.78,normal,proche_banlieue,standard,1
CMD-003255,2025-07-17 10:36:49.568261,10,3,0,11.54,203.23,0.87,1,24.0,0.94,normal,centre,standard,1
CMD-003256,2025-07-17 12:04:12.042007,10,3,0,3.98,64.66,17.68,1,22.0,0.81,normal,centre,premium,1
CMD-003257,2025-07-17 13:31:34.515752,9,3,0,7.36,186.87,21.28,0,32.6,0.79,normal,banlieue,standard,0
CMD-003258,2025-07-17 14:58:56.989498,10,3,0,9.8,180.73,13.2,1,38.0,0.98,normal,centre,standard,1
CMD-003259,2025-07-17 16:26:19.463243,16,3,0,2.84,18.02,21.05,1,19.1,0.65,neige,centre,standard,1
CMD-003260,2025-07-17 17:53:41.936989,13,3,0,2.27,221.46,10.11,1,41.9,0.91,normal,proche_banlieue,premium,1
CMD-003261,2025-07-17 19:21:04.410735,13,3,0,6.59,199.45,2.16,1,10.7,0.23,normal,proche_banlieue,standard,1
CMD-003262,2025-07-17 20:48:26.884480,14,3,0,7.25,201.06,9.56,1,30.9,0.31,normal,centre,standard,1
CMD-003263,2025-07-17 22:15:49.358226,18,3,0,10.93,204.21,11.27,1,16.1,0.42,neige,rurale,premium,1
CMD-003264,2025-07-17 23:43:11.831971,20,3,0,2.55,149.81,21.67,1,18.6,0.96,normal,centre,standard,1
CMD-003265,2025-07-18 01:10:34.305717,15,4,0,3.48,248.41,8.5,0,25.6,0.36,normal,rurale,standard,1
CMD-003266,2025-07-18 02:37:56.779463,17,4,0,21.24,53.0,8.01,0,21.0,0.51,normal,rurale,standard,1
CMD-003267,2025-07-18 04:05:19.253208,18,4,0,12.74,27.36,22.22,1,5.0,0.23,pluie,centre,standard,0
CMD-003268,2025-07-18 05:32:41.726954,18,4,0,5.78,179.0,6.42,0,31.1,0.26,normal,centre,premium,0
CMD-003269,2025-07-18 07:00:04.200700,9,4,0,14.17,80.54,16.13,1,32.8,0.67,normal,centre,standard,1
CMD-003270,2025-07-18 08:27:26.674445,22,4,0,2.56,155.98,8.3,1,23.4,0.28,normal,rurale,premium,1
CMD-003271,2025-07-18 09:54:49.148191,9,4,0,5.27,104.01,23.8,0,22.6,0.92,pluie,rurale,standard,1
CMD-003272,2025-07-18 11:22:11.621936,13,4,0,7.2,90.05,4.9,0,21.3,0.91,orage,proche_banlieue,standard,1
CMD-003273,2025-07-18 12:49:34.095682,17,4,0,4.8,224.38,18.15,1,7.9,0.7,normal,rurale,standard,1
CMD-003274,2025-07-18 14:16:56.569428,13,4,0,4.93,44.09,13.84,1,6.8,0.52,normal,banlieue,standard,1
CMD-003275,2025-07-18 15:44:19.043173,10,4,0,10.54,55.36,24.47,1,33.0,0.91,normal,proche_banlieue,standard,1
CMD-003276,2025-07-18 17:11:41.516919,21,4,0,12.87,170.28,24.85,1,35.6,0.59,normal,rurale,standard,0
CMD-003277,2025-07-18 18:39:03.990665,8,4,0,4.39,197.82,19.88,1,31.0,0.35,normal,proche_banlieue,standard,1
CMD-003278,2025-07-18 20:06:26.464410,10,4,0,1.82,209.73,2.77,1,28.8,0.48,normal,proche_banlieue,standard,0
CMD-003279,2025-07-18 21:33:48.938156,22,4,0,1.45,65.48,11.83,1,32.8,0.49,pluie,banlieue,standard,1
CMD-003280,2025-07-18 23:01:11.411901,18,4,0,0.73,221.71,21.39,1,32.2,0.66,normal,banlieue,standard,1
CMD-003281,2025-07-19 00:28:33.885647,8,5,1,18.91,156.29,16.03,1,17.1,0.52,normal,proche_banlieue,standard,1
CMD-003282,2025-07-19 01:55:56.359393,19,5,1,10.57,207.57,22.0,1,27.2,0.85,normal,proche_banlieue,standard,0
CMD-003283,2025-07-19 03:23:18.833138,22,5,1,8.98,26.45,20.02,1,22.0,0.7,pluie,centre,standard,1
CMD-003284,2025-07-19 04:50:41.306884,8,5,1,3.92,95.65,7.96,1,22.2,0.4,orage,centre,standard,1
CMD-003285,2025-07-19 06:18:03.780630,13,5,1,3.9,135.97,5.04,1,36.4,0.52,neige,proche_banlieue,premium,1
CMD-003286,2025-07-19 07:45:26.254375,14,5,1,13.16,148.47,8.2,1,40.7,0.78,pluie,proche_banlieue,standard,0
CMD-003287,2025-07-19 09:12:48.728121,9,5,1,1.27,33.78,17.46,1,5.0,0.39,neige,centre,standard,1
CMD-003288,2025-07-19 10:40:11.201866,10,5,1,4.55,139.28,12.13,0,22.4,0.27,pluie,centre,standard,0
CMD-003289,2025-07-19 12:07:33.675612,9,5,1,14.48,169.72,1.29,1,21.9,0.77,normal,centre,premium,1
CMD-003290,2025-07-19 13:34:56.149358,9,5,1,4.54,96.78,18.61,1,36.6,0.53,normal,rurale,standard,1
CMD-003291,2025-07-19 15:02:18.623103,13,5,1,10.19,130.18,1.31,1,10.5,0.3,neige,banlieue,standard,1
CMD-003292,2025-07-19 16:29:41.096849,14,5,1,5.96,80.22,10.35,1,5.0,0.58,normal,centre,premium,0
CMD-003293,2025-07-19 17:57:03.570595,10,5,1,0.22,218.92,11.66,1,33.2,0.65,normal,banlieue,standard,1
CMD-003294,2025-07-19 19:24:26.044340,11,5,1,5.77,153.81,12.68,1,34.6,0.22,pluie,proche_banlieue,premium,1
CMD-003295,2025-07-19 20:51:48.518086,10,5,1,6.7,142.31,3.65,1,7.2,0.83,normal,proche_banlieue,standard,1
CMD-003296,2025-07-19 22:19:10.991831,19,5,1,5.42,236.65,18.75,0,23.8,0.59,pluie,banlieue,standard,1
CMD-003297,2025-07-19 23:46:33.465577,10,5,1,2.16,169.58,21.26,1,40.3,0.22,pluie,proche_banlieue,standard,1
CMD-003298,2025-07-20 01:13:55.939323,21,6,1,5.47,77.16,17.51,1,14.2,0.89,normal,centre,standard,1
CMD-003299,2025-07-20 02:41:18.413068,15,6,1,0.79,164.02,23.79,1,26.0,0.67,pluie,banlieue,standard,1
CMD-003300,2025-07-20 04:08:40.886814,19,6,1,4.5,240.79,6.59,1,30.1,0.97,normal,centre,premium,1
CMD-003301,2025-07-20 05:36:03.360560,17,6,1,10.78,15.65,4.19,1,10.7,0.42,neige,rurale,standard,1
CMD-003302,2025-07-20 07:03:25.834305,11,6,1,18.21,160.38,1.87,1,19.4,0.53,normal,rurale,standard,1
CMD-003303,2025-07-20 08:30:48.308051,16,6,1,16.21,47.64,18.09,0,8.1,0.73,normal,proche_banlieue,standard,0
CMD-003304,2025-07-20 09:58:10.781796,11,6,1,2.5,205.95,4.22,1,23.4,0.93,normal,banlieue,premium,1
CMD-003305,2025-07-20 11:25:33.255542,8,6,1,1.52,163.76,23.47,1,17.1,0.83,pluie,rurale,standard,1
CMD-003306,2025-07-20 12:52:55.729288,11,6,1,7.2,234.88,15.04,1,27.1,0.71,pluie,rurale,premium,1
CMD-003307,2025-07-20 14:20:18.203033,11,6,1,6.36,170.7,20.14,1,31.3,0.84,normal,centre,standard,1
CMD-003308,2025-07-20 15:47:40.676779,9,6,1,9.66,14.13,10.98,0,38.9,0.28,pluie,centre,standard,0
CMD-003309,2025-07-20 17:15:03.150525,7,6,1,3.64,132.48,18.42,1,48.3,0.78,normal,proche_banlieue,standard,1
CMD-003310,2025-07-20 18:42:25.624270,22,6,1,6.52,226.88,11.2,1,27.1,0.66,neige,proche_banlieue,standard,0
CMD-003311,2025-07-20 20:09:48.098016,15,6,1,6.25,65.75,13.56,1,21.8,0.42,normal,proche_banlieue,standard,0
CMD-003312,2025-07-20 21:37:10.571761,13,6,1,4.63,29.9,19.38,1,21.3,0.39,orage,centre,standard,1
CMD-003313,2025-07-20 23:04:33.045507,21,6,1,1.17,182.77,6.11,1,15.4,0.43,neige,proche_banlieue,standard,1
CMD-003314,2025-07-21 00:31:55.519253,10,0,0,10.67,130.6,22.14,1,29.5,0.3,neige,centre,standard,1
CMD-003315,2025-07-21 01:59:17.992998,13,0,0,7.24,21.42,17.96,0,20.1,0.42,normal,proche_banlieue,standard,1
CMD-003316,2025-07-21 03:26:40.466744,20,0,0,11.2,77.18,18.71,1,30.2,0.26,neige,centre,standard,0
CMD-003317,2025-07-21 04:54:02.940490,17,0,0,13.15,88.42,6.11,1,15.7,0.74,normal,proche_banlieue,standard,1
CMD-003318,2025-07-21 06:21:25.414235,13,0,0,5.83,170.29,2.44,1,20.3,0.61,normal,proche_banlieue,standard,1
CMD-003319,2025-07-21 07:48:47.887981,11,0,0,10.72,123.18,2.01,1,29.3,0.3,normal,proche_banlieue,premium,1
CMD-003320,2025-07-21 09:16:10.361726,7,0,0,18.5,126.93,16.25,1,23.8,0.76,neige,centre,premium,0
CMD-003321,2025-07-21 10:43:32.835472,8,0,0,22.6,203.58,3.92,1,5.8,0.34,orage,proche_banlieue,standard,0
CMD-003322,2025-07-21 12:10:55.309218,9,0,0,7.92,76.82,24.98,0,24.8,0.6,normal,centre,standard,0
CMD-003323,2025-07-21 13:38:17.782963,19,0,0,8.39,171.42,24.03,1,17.0,0.94,pluie,centre,standard,1
CMD-003324,2025-07-21 15:05:40.256709,17,0,0,7.82,98.21,0.92,1,36.8,0.81,normal,banlieue,standard,1
CMD-003325,2025-07-21 16:33:02.730455,13,0,0,9.41,110.41,18.18,1,34.7,0.67,normal,banlieue,standard,1
CMD-003326,2025-07-21 18:00:25.204200,19,0,0,12.75,143.42,6.67,1,5.0,0.67,pluie,proche_banlieue,standard,0
CMD-003327,2025-07-21 19:27:47.677946,9,0,0,7.7,176.96,8.65,1,33.0,0.25,normal,rurale,standard,1
CMD-003328,2025-07-21 20:55:10.151691,10,0,0,21.74,236.85,6.16,1,28.9,0.54,pluie,banlieue,standard,0
CMD-003329,2025-07-21 22:22:32.625437,13,0,0,19.7,74.56,20.8,1,10.2,0.45,normal,rurale,standard,1
CMD-003330,2025-07-21 23:49:55.099183,21,0,0,6.68,34.9,22.37,1,33.8,0.58,normal,proche_banlieue,standard,1
CMD-003331,2025-07-22 01:17:17.572928,16,1,0,6.65,112.91,1.2,0,12.2,0.96,pluie,proche_banlieue,standard,1
CMD-003332,2025-07-22 02:44:40.046674,20,1,0,4.34,141.21,6.9,1,36.5,0.83,normal,banlieue,standard,1
CMD-003333,2025-07-22 04:12:02.520420,10,1,0,9.78,64.72,11.33,1,18.5,0.69,pluie,proche_banlieue,premium,1
CMD-003334,2025-07-22 05:39:24.994165,20,1,0,4.97,223.72,13.14,0,9.8,0.76,pluie,banlieue,standard,0
CMD-003335,2025-07-22 07:06:47.467911,8,1,0,4.17,201.72,2.37,1,46.2,0.78,normal,proche_banlieue,standard,1
CMD-003336,2025-07-22 08:34:09.941656,10,1,0,9.63,128.48,20.78,1,9.5,0.57,pluie,centre,standard,1
CMD-003337,2025-07-22 10:01:32.415402,15,1,0,2.37,118.02,23.36,1,16.9,0.89,normal,banlieue,standard,1
CMD-003338,2025-07-22 11:28:54.889148,7,1,0,12.91,19.78,10.19,1,18.9,0.69,pluie,proche_banlieue,standard,1
CMD-003339,2025-07-22 12:56:17.362893,20,1,0,9.91,138.85,21.46,1,20.4,0.79,normal,banlieue,standard,0
CMD-003340,2025-07-22 14:23:39.836639,20,1,0,19.01,152.98,16.97,1,32.0,0.21,normal,proche_banlieue,standard,1
CMD-003341,2025-07-22 15:51:02.310385,15,1,0,8.03,223.99,14.88,1,25.6,0.63,normal,proche_banlieue,standard,1
CMD-003342,2025-07-22 17:18:24.784130,11,1,0,11.04,130.26,20.51,1,35.0,0.49,neige,banlieue,standard,0
CMD-003343,2025-07-22 18:45:47.257876,8,1,0,12.08,47.77,11.93,1,28.7,0.24,normal,proche_banlieue,standard,1
CMD-003344,2025-07-22 20:13:09.731621,16,1,0,15.34,53.21,13.78,1,8.3,0.72,orage,centre,standard,1
CMD-003345,2025-07-22 21:40:32.205367,15,1,0,7.37,48.37,7.01,1,30.5,0.94,normal,centre,standard,1
CMD-003346,2025-07-22 23:07:54.679113,19,1,0,4.32,235.25,17.86,1,27.3,0.79,normal,centre,standard,1
CMD-003347,2025-07-23 00:35:17.152858,16,2,0,8.17,200.41,4.14,1,18.8,0.26,pluie,proche_banlieue,standard,0
CMD-003348,2025-07-23 02:02:39.626604,9,2,0,12.9,207.94,6.23,1,45.7,0.25,pluie,proche_banlieue,standard,0
CMD-003349,2025-07-23 03:30:02.100350,8,2,0,14.11,211.7,12.1,1,31.1,0.48,normal,centre,standard,1
CMD-003350,2025-07-23 04:57:24.574095,19,2,0,1.18,32.95,9.76,1,34.4,0.39,normal,centre,standard,1
CMD-003351,2025-07-23 06:24:47.047841,9,2,0,35.64,178.52,6.14,1,34.8,0.22,pluie,banlieue,premium,0
CMD-003352,2025-07-23 07:52:09.521586,22,2,0,4.19,179.04,4.96,1,20.8,0.23,pluie,centre,premium,1
CMD-003353,2025-07-23 09:19:31.995332,8,2,0,11.17,63.96,21.55,1,31.3,0.48,pluie,proche_banlieue,premium,1
CMD-003354,2025-07-23 10:46:54.469078,18,2,0,16.54,127.76,14.85,1,28.2,0.31,pluie,proche_banlieue,standard,0
CMD-003355,2025-07-23 12:14:16.942823,22,2,0,6.21,168.98,9.56,1,19.4,0.36,normal,proche_banlieue,standard,0
CMD-003356,2025-07-23 13:41:39.416569,14,2,0,14.5,225.36,21.18,1,12.8,0.9,normal,centre,premium,1
CMD-003357,2025-07-23 15:09:01.890315,7,2,0,1.17,36.5,20.66,1,25.2,0.99,pluie,banlieue,premium,1
CMD-003358,2025-07-23 16:36:24.364060,21,2,0,14.87,224.13,2.95,1,30.9,0.84,normal,centre,standard,1
CMD-003359,2025-07-23 18:03:46.837806,9,2,0,13.63,231.38,14.27,1,25.2,0.39,normal,banlieue,standard,0
CMD-003360,2025-07-23 19:31:09.311551,15,2,0,8.94,231.67,7.78,1,23.2,0.34,normal,proche_banlieue,standard,1
CMD-003361,2025-07-23 20:58:31.785297,22,2,0,12.93,11.16,13.61,1,25.3,0.66,pluie,proche_banlieue,standard,0
CMD-003362,2025-07-23 22:25:54.259043,18,2,0,20.06,63.04,18.01,1,22.1,0.83,normal,proche_banlieue,standard,0
CMD-003363,2025-07-23 23:53:16.732788,7,2,0,16.89,175.9,0.41,1,40.5,0.73,pluie,rurale,standard,1
CMD-003364,2025-07-24 01:20:39.206534,20,3,0,6.5,87.22,12.94,1,27.7,0.84,normal,proche_banlieue,standard,1
CMD-003365,2025-07-24 02:48:01.680280,9,3,0,8.11,24.66,7.43,1,20.1,0.59,neige,centre,standard,1
CMD-003366,2025-07-24 04:15:24.154025,18,3,0,5.65,193.11,13.44,1,6.9,0.99,pluie,proche_banlieue,standard,1
CMD-003367,2025-07-24 05:42:46.627771,16,3,0,5.08,16.86,2.92,1,23.0,0.83,normal,proche_banlieue,standard,1
CMD-003368,2025-07-24 07:10:09.101516,11,3,0,12.03,117.05,20.48,1,19.2,0.24,normal,centre,premium,0
CMD-003369,2025-07-24 08:37:31.575262,13,3,0,5.6,237.42,13.68,1,18.9,0.49,normal,rurale,standard,1
CMD-003370,2025-07-24 10:04:54.049008,8,3,0,12.01,115.66,5.43,1,34.4,0.65,normal,centre,premium,1
CMD-003371,2025-07-24 11:32:16.522753,22,3,0,6.2,228.85,19.29,1,25.8,0.38,pluie,rurale,standard,1
CMD-003372,2025-07-24 12:59:38.996499,10,3,0,6.94,108.16,1.14,1,8.2,0.52,pluie,proche_banlieue,standard,1
CMD-003373,2025-07-24 14:27:01.470245,11,3,0,3.26,93.2,14.9,0,31.2,0.7,pluie,proche_banlieue,standard,1
CMD-003374,2025-07-24 15:54:23.943990,15,3,0,11.79,35.77,12.64,0,9.2,0.64,normal,banlieue,premium,0
CMD-003375,2025-07-24 17:21:46.417736,17,3,0,1.08,95.94,1.18,1,31.9,0.89,normal,centre,standard,1
CMD-003376,2025-07-24 18:49:08.891481,15,3,0,15.25,90.88,6.39,1,20.2,0.41,normal,proche_banlieue,standard,1
CMD-003377,2025-07-24 20:16:31.365227,15,3,0,27.47,213.17,2.11,1,25.9,0.94,normal,centre,standard,0
CMD-003378,2025-07-24 21:43:53.838973,16,3,0,7.13,230.78,18.36,1,24.8,0.46,pluie,centre,premium,0
CMD-003379,2025-07-24 23:11:16.312718,20,3,0,6.88,15.26,17.7,1,23.5,0.94,normal,banlieue,standard,1
CMD-003380,2025-07-25 00:38:38.786464,13,4,0,1.55,33.58,2.41,1,27.1,0.4,normal,centre,standard,0
CMD-003381,2025-07-25 02:06:01.260210,20,4,0,4.42,164.37,2.91,1,25.8,0.61,normal,proche_banlieue,standard,1
CMD-003382,2025-07-25 03:33:23.733955,19,4,0,13.03,126.34,22.03,1,43.7,0.95,normal,proche_banlieue,standard,1
CMD-003383,2025-07-25 05:00:46.207701,22,4,0,14.34,81.25,5.18,1,27.2,0.42,neige,rurale,standard,1
CMD-003384,2025-07-25 06:28:08.681446,21,4,0,7.83,72.38,7.73,1,27.5,0.88,normal,rurale,standard,1
CMD-003385,2025-07-25 07:55:31.155192,19,4,0,12.49,63.92,17.17,0,17.9,0.6,normal,centre,standard,0
CMD-003386,2025-07-25 09:22:53.628938,10,4,0,3.32,136.11,1.71,1,28.8,0.54,normal,banlieue,standard,1
CMD-003387,2025-07-25 10:50:16.102683,19,4,0,9.24,14.2,23.7,1,14.8,0.73,normal,centre,standard,1
CMD-003388,2025-07-25 12:17:38.576429,18,4,0,17.99,187.33,0.77,1,36.5,0.36,normal,proche_banlieue,standard,0
CMD-003389,2025-07-25 13:45:01.050175,11,4,0,10.58,82.09,21.26,1,10.2,0.73,pluie,banlieue,standard,0
CMD-003390,2025-07-25 15:12:23.523920,17,4,0,19.86,112.44,9.15,1,16.6,0.34,pluie,centre,standard,0
CMD-003391,2025-07-25 16:39:45.997666,11,4,0,20.27,136.49,3.92,1,8.7,0.77,orage,banlieue,standard,0
CMD-003392,2025-07-25 18:07:08.471411,15,4,0,9.68,60.73,9.56,0,29.2,0.69,normal,centre,standard,1
CMD-003393,2025-07-25 19:34:30.945157,19,4,0,0.06,222.09,24.33,0,20.8,0.31,normal,rurale,standard,1
CMD-003394,2025-07-25 21:01:53.418903,10,4,0,14.13,173.7,13.32,1,31.9,0.28,normal,proche_banlieue,premium,1
CMD-003395,2025-07-25 22:29:15.892648,12,4,0,2.14,218.87,1.67,1,15.2,0.69,pluie,centre,standard,1
CMD-003396,2025-07-25 23:56:38.366394,19,4,0,0.27,124.11,23.55,1,30.3,0.3,normal,centre,standard,1
CMD-003397,2025-07-26 01:24:00.840140,14,5,1,0.9,113.79,3.76,0,30.8,0.7,normal,banlieue,standard,1
CMD-003398,2025-07-26 02:51:23.313885,22,5,1,14.83,66.91,1.56,1,27.1,1.0,normal,banlieue,standard,1
CMD-003399,2025-07-26 04:18:45.787631,7,5,1,9.74,140.76,1.33,1,25.3,0.3,neige,banlieue,standard,0
CMD-003400,2025-07-26 05:46:08.261376,18,5,1,8.0,152.36,20.69,1,26.4,0.58,normal,proche_banlieue,standard,1
CMD-003401,2025-07-26 07:13:30.735122,20,5,1,10.43,110.78,3.99,1,15.9,0.94,normal,proche_banlieue,standard,1
CMD-003402,2025-07-26 08:40:53.208868,21,5,1,0.98,44.89,4.64,1,14.2,0.95,normal,banlieue,standard,1
CMD-003403,2025-07-26 10:08:15.682613,9,5,1,5.63,75.55,23.61,1,30.4,0.22,normal,centre,standard,1
CMD-003404,2025-07-26 11:35:38.156359,22,5,1,3.84,13.42,15.37,1,21.3,0.85,pluie,centre,premium,1
CMD-003405,2025-07-26 13:03:00.630105,13,5,1,7.53,86.59,7.28,1,29.5,0.39,normal,centre,standard,0
CMD-003406,2025-07-26 14:30:23.103850,12,5,1,7.74,149.38,14.74,1,40.5,0.8,pluie,banlieue,standard,1
CMD-003407,2025-07-26 15:57:45.577596,12,5,1,10.11,239.37,6.23,1,20.4,0.48,pluie,proche_banlieue,standard,1
CMD-003408,2025-07-26 17:25:08.051341,17,5,1,11.24,52.7,12.46,1,19.0,0.38,normal,centre,standard,1
CMD-003409,2025-07-26 18:52:30.525087,17,5,1,1.04,23.31,8.5,1,21.8,0.58,neige,rurale,premium,1
CMD-003410,2025-07-26 20:19:52.998833,14,5,1,5.7,81.11,15.64,1,25.4,0.34,normal,proche_banlieue,standard,1
CMD-003411,2025-07-26 21:47:15.472578,8,5,1,6.77,47.63,19.02,0,31.1,0.54,neige,centre,standard,1
CMD-003412,2025-07-26 23:14:37.946324,22,5,1,2.08,176.92,8.84,1,24.7,0.52,normal,proche_banlieue,standard,1
CMD-003413,2025-07-27 00:42:00.420070,10,6,1,1.86,11.38,3.77,0,45.8,0.97,normal,rurale,standard,0
CMD-003414,2025-07-27 02:09:22.893815,8,6,1,1.59,245.41,9.02,0,29.2,0.63,pluie,banlieue,standard,1
CMD-003415,2025-07-27 03:36:45.367561,16,6,1,12.44,215.36,19.0,1,32.8,0.76,orage,proche_banlieue,standard,0
CMD-003416,2025-07-27 05:04:07.841306,13,6,1,1.27,127.76,19.72,0,24.6,0.34,neige,banlieue,standard,0
CMD-003417,2025-07-27 06:31:30.315052,16,6,1,1.53,231.03,19.68,1,35.1,1.0,normal,proche_banlieue,standard,1
CMD-003418,2025-07-27 07:58:52.788798,21,6,1,7.29,160.73,24.37,1,22.9,0.6,normal,banlieue,standard,1
CMD-003419,2025-07-27 09:26:15.262543,8,6,1,9.21,248.5,20.65,1,18.6,0.26,neige,banlieue,standard,1
CMD-003420,2025-07-27 10:53:37.736289,11,6,1,6.61,76.79,24.22,1,34.1,0.69,normal,proche_banlieue,premium,0
CMD-003421,2025-07-27 12:21:00.210035,15,6,1,2.52,249.26,15.74,1,24.4,0.45,normal,proche_banlieue,standard,1
CMD-003422,2025-07-27 13:48:22.683780,19,6,1,1.91,53.26,5.89,0,27.5,0.44,orage,centre,standard,0
CMD-003423,2025-07-27 15:15:45.157526,16,6,1,7.14,94.82,15.28,0,34.8,0.45,normal,banlieue,standard,1
CMD-003424,2025-07-27 16:43:07.631271,13,6,1,6.04,234.48,5.11,1,26.4,0.56,normal,centre,standard,1
CMD-003425,2025-07-27 18:10:30.105017,16,6,1,4.86,98.93,2.32,0,23.5,0.43,normal,proche_banlieue,standard,1
CMD-003426,2025-07-27 19:37:52.578763,22,6,1,12.05,60.36,7.67,1,19.6,0.82,normal,rurale,standard,0
CMD-003427,2025-07-27 21:05:15.052508,14,6,1,5.73,24.28,9.2,1,35.6,0.34,normal,proche_banlieue,standard,1
CMD-003428,2025-07-27 22:32:37.526254,21,6,1,1.73,45.75,17.78,1,21.6,0.31,neige,centre,standard,1
CMD-003429,2025-07-28 00:00:00.000000,19,0,0,4.88,95.25,9.2,1,24.5,0.28,pluie,centre,standard,1
CMD-003430,2025-07-28 01:27:22.473745,11,0,0,9.99,111.1,0.28,1,27.9,0.53,normal,rurale,premium,1
CMD-003431,2025-07-28 02:54:44.947491,10,0,0,5.45,140.19,22.94,1,27.8,0.29,pluie,banlieue,standard,1
CMD-003432,2025-07-28 04:22:07.421236,19,0,0,9.86,205.26,14.82,1,35.1,0.22,normal,banlieue,standard,1
CMD-003433,2025-07-28 05:49:29.894982,10,0,0,11.32,13.22,5.43,1,24.3,0.44,normal,proche_banlieue,standard,1
CMD-003434,2025-07-28 07:16:52.368728,12,0,0,5.74,211.87,6.46,0,38.8,0.98,normal,proche_banlieue,standard,1
CMD-003435,2025-07-28 08:44:14.842473,10,0,0,6.58,148.54,3.28,1,22.5,0.21,normal,proche_banlieue,standard,1
CMD-003436,2025-07-28 10:11:37.316219,16,0,0,5.17,191.55,22.68,1,28.7,0.25,normal,banlieue,standard,1
CMD-003437,2025-07-28 11:38:59.789964,11,0,0,10.02,191.68,5.91,1,23.2,0.67,normal,proche_banlieue,premium,1
CMD-003438,2025-07-28 13:06:22.263710,17,0,0,5.03,226.77,23.53,1,45.9,0.6,neige,proche_banlieue,standard,1
CMD-003439,2025-07-28 14:33:44.737456,21,0,0,9.31,32.41,6.75,1,21.5,0.28,pluie,proche_banlieue,standard,1
CMD-003440,2025-07-28 16:01:07.211201,20,0,0,7.84,147.16,20.02,0,22.4,0.92,normal,banlieue,standard,0
CMD-003441,2025-07-28 17:28:29.684947,22,0,0,0.9,228.17,0.46,1,26.1,0.74,neige,centre,standard,1
CMD-003442,2025-07-28 18:55:52.158693,7,0,0,9.69,182.61,12.19,1,22.3,0.6,normal,proche_banlieue,standard,1
CMD-003443,2025-07-28 20:23:14.632438,14,0,0,7.29,33.18,9.36,1,28.1,0.63,normal,proche_banlieue,premium,1
CMD-003444,2025-07-28 21:50:37.106184,10,0,0,15.68,157.35,8.5,1,37.3,0.84,normal,rurale,standard,1
CMD-003445,2025-07-28 23:17:59.579929,21,0,0,2.18,201.97,24.81,0,26.5,0.28,normal,proche_banlieue,standard,0
CMD-003446,2025-07-29 00:45:22.053675,18,1,0,7.93,75.97,18.08,0,26.8,0.95,normal,banlieue,standard,1
CMD-003447,2025-07-29 02:12:44.527421,12,1,0,4.45,161.8,6.54,0,22.7,0.29,normal,proche_banlieue,standard,0
CMD-003448,2025-07-29 03:40:07.001166,16,1,0,1.03,211.7,18.86,1,19.9,0.57,normal,banlieue,standard,1
CMD-003449,2025-07-29 05:07:29.474912,16,1,0,0.68,135.73,3.41,1,26.0,0.4,normal,rurale,standard,1
CMD-003450,2025-07-29 06:34:51.948658,14,1,0,17.88,56.6,23.16,1,25.1,0.73,normal,centre,standard,1
CMD-003451,2025-07-29 08:02:14.422403,14,1,0,7.95,141.92,10.77,1,36.7,0.87,pluie,centre,standard,1
CMD-003452,2025-07-29 09:29:36.896149,7,1,0,5.59,151.12,4.93,1,15.4,0.69,normal,banlieue,standard,1
CMD-003453,2025-07-29 10:56:59.369894,14,1,0,1.41,106.68,6.97,0,39.5,0.38,pluie,banlieue,standard,0
CMD-003454,2025-07-29 12:24:21.843640,12,1,0,17.16,173.11,4.05,1,23.5,0.82,normal,proche_banlieue,standard,1
CMD-003455,2025-07-29 13:51:44.317386,20,1,0,3.5,114.0,23.28,0,26.5,0.95,pluie,proche_banlieue,standard,1
CMD-003456,2025-07-29 15:19:06.791131,20,1,0,8.24,220.58,7.79,1,14.4,0.33,orage,banlieue,standard,1
CMD-003457,2025-07-29 16:46:29.264877,19,1,0,7.07,199.99,3.74,1,30.6,0.4,normal,banlieue,standard,1
CMD-003458,2025-07-29 18:13:51.738623,7,1,0,22.79,203.15,20.36,1,15.4,0.62,normal,proche_banlieue,standard,1
CMD-003459,2025-07-29 19:41:14.212368,20,1,0,6.46,136.26,5.49,1,28.7,0.79,pluie,proche_banlieue,standard,1
CMD-003460,2025-07-29 21:08:36.686114,13,1,0,4.21,57.12,2.53,1,27.8,0.3,normal,rurale,standard,1
CMD-003461,2025-07-29 22:35:59.159859,13,1,0,8.04,183.86,16.78,1,21.7,0.24,normal,proche_banlieue,premium,0
CMD-003462,2025-07-30 00:03:21.633605,22,2,0,8.71,26.54,0.38,1,5.0,0.65,normal,centre,standard,1
CMD-003463,2025-07-30 01:30:44.107351,20,2,0,33.6,134.22,20.84,1,46.6,0.84,normal,rurale,premium,0
CMD-003464,2025-07-30 02:58:06.581096,7,2,0,6.37,22.71,14.16,0,14.5,0.44,normal,banlieue,premium,1
CMD-003465,2025-07-30 04:25:29.054842,12,2,0,2.11,136.82,6.32,0,27.7,0.67,pluie,proche_banlieue,standard,1
CMD-003466,2025-07-30 05:52:51.528588,18,2,0,4.86,174.62,11.95,1,17.7,0.84,normal,banlieue,standard,1
CMD-003467,2025-07-30 07:20:14.002333,15,2,0,8.03,110.61,6.71,1,35.5,0.22,normal,centre,premium,1
CMD-003468,2025-07-30 08:47:36.476079,11,2,0,9.16,110.06,13.41,1,21.2,0.47,normal,proche_banlieue,premium,1
CMD-003469,2025-07-30 10:14:58.949824,15,2,0,1.27,39.47,14.38,1,17.5,0.44,normal,centre,standard,1
CMD-003470,2025-07-30 11:42:21.423570,20,2,0,4.38,82.44,19.34,0,31.0,0.78,normal,rurale,standard,0
CMD-003471,2025-07-30 13:09:43.897316,10,2,0,21.9,116.63,11.76,1,12.3,0.73,normal,centre,standard,1
CMD-003472,2025-07-30 14:37:06.371061,18,2,0,2.9,217.25,19.71,1,20.9,0.86,normal,centre,premium,1
CMD-003473,2025-07-30 16:04:28.844807,18,2,0,12.25,225.52,1.92,1,31.9,0.64,pluie,centre,standard,1
CMD-003474,2025-07-30 17:31:51.318553,21,2,0,5.0,238.86,23.05,1,40.1,0.38,neige,proche_banlieue,premium,1
CMD-003475,2025-07-30 18:59:13.792298,11,2,0,6.67,34.06,4.8,1,15.4,0.55,neige,centre,standard,1
CMD-003476,2025-07-30 20:26:36.266044,10,2,0,1.46,81.09,20.95,1,18.9,0.52,normal,proche_banlieue,premium,1
CMD-003477,2025-07-30 21:53:58.739789,15,2,0,5.41,121.1,12.47,1,28.5,0.73,neige,banlieue,standard,1
CMD-003478,2025-07-30 23:21:21.213535,15,2,0,7.96,164.02,2.8,0,5.0,0.96,normal,centre,premium,1
CMD-003479,2025-07-31 00:48:43.687281,13,3,0,6.43,178.67,9.12,1,38.6,0.57,normal,rurale,standard,1
CMD-003480,2025-07-31 02:16:06.161026,19,3,0,5.69,198.64,22.97,1,15.0,0.71,orage,rurale,standard,1
CMD-003481,2025-07-31 03:43:28.634772,19,3,0,10.06,129.01,20.9,1,20.6,0.34,normal,centre,standard,1
CMD-003482,2025-07-31 05:10:51.108518,10,3,0,1.9,143.58,18.11,1,27.6,0.66,normal,centre,standard,1
CMD-003483,2025-07-31 06:38:13.582263,19,3,0,8.24,240.54,9.62,1,25.5,0.78,normal,proche_banlieue,standard,1
CMD-003484,2025-07-31 08:05:36.056009,10,3,0,0.6,67.61,14.8,1,15.4,0.81,normal,proche_banlieue,standard,1
CMD-003485,2025-07-31 09:32:58.529754,13,3,0,14.71,202.9,5.96,1,42.2,0.98,normal,proche_banlieue,standard,1
CMD-003486,2025-07-31 11:00:21.003500,7,3,0,5.85,180.84,16.27,1,5.0,0.99,normal,proche_banlieue,standard,1
CMD-003487,2025-07-31 12:27:43.477246,12,3,0,11.68,43.62,6.67,1,13.8,0.61,normal,banlieue,standard,1
CMD-003488,2025-07-31 13:55:05.950991,22,3,0,0.15,232.36,20.76,1,18.6,0.89,normal,banlieue,standard,1
CMD-003489,2025-07-31 15:22:28.424737,14,3,0,10.52,215.29,17.67,1,15.5,0.79,normal,rurale,standard,1
CMD-003490,2025-07-31 16:49:50.898483,18,3,0,3.39,197.08,9.78,1,37.2,0.62,normal,banlieue,premium,1
CMD-003491,2025-07-31 18:17:13.372228,8,3,0,6.7,40.43,16.56,1,8.4,0.22,normal,centre,standard,1
CMD-003492,2025-07-31 19:44:35.845974,17,3,0,10.64,43.52,8.26,1,40.6,0.98,normal,centre,premium,1
CMD-003493,2025-07-31 21:11:58.319719,12,3,0,6.23,173.97,4.06,1,22.2,0.97,orage,banlieue,standard,1
CMD-003494,2025-07-31 22:39:20.793465,18,3,0,9.75,35.74,6.03,1,11.4,0.61,pluie,banlieue,standard,1
CMD-003495,2025-08-01 00:06:43.267211,21,4,0,5.06,37.2,6.94,1,5.0,0.48,normal,banlieue,premium,1
CMD-003496,2025-08-01 01:34:05.740956,15,4,0,15.52,106.07,5.82,1,22.8,0.29,normal,proche_banlieue,standard,1
CMD-003497,2025-08-01 03:01:28.214702,8,4,0,5.84,11.29,17.02,1,18.0,0.24,neige,banlieue,standard,1
CMD-003498,2025-08-01 04:28:50.688448,14,4,0,5.93,183.16,18.54,1,27.4,0.84,pluie,rurale,standard,0
CMD-003499,2025-08-01 05:56:13.162193,8,4,0,6.02,139.65,11.54,1,20.5,0.53,pluie,proche_banlieue,standard,1
CMD-003500,2025-08-01 07:23:35.635939,14,4,0,6.56,28.76,24.7,1,34.6,0.65,neige,centre,standard,1
CMD-003501,2025-08-01 08:50:58.109684,7,4,0,2.0,140.46,22.3,1,23.6,0.44,normal,rurale,standard,1
CMD-003502,2025-08-01 10:18:20.583430,17,4,0,2.81,22.98,2.36,1,20.8,0.69,normal,rurale,premium,1
CMD-003503,2025-08-01 11:45:43.057176,11,4,0,12.91,26.97,11.62,1,34.7,0.81,normal,centre,standard,1
CMD-003504,2025-08-01 13:13:05.530921,10,4,0,11.67,126.51,22.73,1,27.3,0.91,normal,proche_banlieue,standard,1
CMD-003505,2025-08-01 14:40:28.004667,7,4,0,11.15,129.96,5.66,1,32.7,0.6,neige,banlieue,premium,1
CMD-003506,2025-08-01 16:07:50.478413,21,4,0,9.11,91.36,9.58,1,36.5,0.44,normal,centre,standard,1
CMD-003507,2025-08-01 17:35:12.952158,20,4,0,4.29,159.23,23.68,0,22.1,0.26,neige,centre,standard,1
CMD-003508,2025-08-01 19:02:35.425904,19,4,0,3.92,102.97,19.45,1,25.4,0.88,pluie,centre,standard,1
CMD-003509,2025-08-01 20:29:57.899649,7,4,0,6.35,150.87,20.84,1,33.4,0.88,pluie,proche_banlieue,premium,1
CMD-003510,2025-08-01 21:57:20.373395,12,4,0,14.32,93.95,22.01,1,5.0,0.48,pluie,centre,premium,1
CMD-003511,2025-08-01 23:24:42.847141,22,4,0,7.62,181.59,4.45,1,24.0,0.37,normal,centre,premium,0
CMD-003512,2025-08-02 00:52:05.320886,16,5,1,2.68,149.03,17.54,0,22.8,0.74,pluie,centre,standard,1
CMD-003513,2025-08-02 02:19:27.794632,9,5,1,1.59,48.41,20.11,1,28.7,0.81,pluie,banlieue,standard,1
CMD-003514,2025-08-02 03:46:50.268378,9,5,1,11.93,174.7,5.82,0,17.0,0.78,normal,banlieue,premium,1
CMD-003515,2025-08-02 05:14:12.742123,11,5,1,17.48,198.14,1.28,1,36.0,0.26,normal,banlieue,premium,1
CMD-003516,2025-08-02 06:41:35.215869,22,5,1,1.19,25.81,4.62,1,17.6,0.99,normal,centre,standard,1
CMD-003517,2025-08-02 08:08:57.689614,9,5,1,12.21,156.39,18.59,1,20.4,0.64,normal,rurale,standard,1
CMD-003518,2025-08-02 09:36:20.163360,21,5,1,8.96,199.7,17.42,1,18.4,0.69,neige,rurale,standard,0
CMD-003519,2025-08-02 11:03:42.637106,17,5,1,3.29,37.52,22.31,1,37.3,0.24,normal,centre,standard,1
CMD-003520,2025-08-02 12:31:05.110851,21,5,1,7.7,226.4,8.06,1,5.0,0.21,normal,rurale,standard,0
CMD-003521,2025-08-02 13:58:27.584597,20,5,1,2.28,109.55,15.62,1,42.9,0.3,normal,proche_banlieue,standard,1
CMD-003522,2025-08-02 15:25:50.058343,12,5,1,5.48,187.08,0.86,1,39.7,0.51,pluie,centre,premium,1
CMD-003523,2025-08-02 16:53:12.532088,20,5,1,6.62,225.77,23.39,1,19.4,0.96,normal,proche_banlieue,standard,1
CMD-003524,2025-08-02 18:20:35.005834,9,5,1,15.42,247.51,13.95,0,35.3,0.78,normal,proche_banlieue,standard,0
CMD-003525,2025-08-02 19:47:57.479579,11,5,1,5.27,150.14,18.76,1,26.3,1.0,pluie,rurale,standard,1
CMD-003526,2025-08-02 21:15:19.953325,10,5,1,3.62,179.03,7.24,1,41.5,0.74,normal,proche_banlieue,premium,1
CMD-003527,2025-08-02 22:42:42.427071,9,5,1,8.46,70.41,2.23,1,34.5,0.28,normal,banlieue,standard,0
CMD-003528,2025-08-03 00:10:04.900816,8,6,1,9.94,79.61,1.76,0,46.9,0.76,normal,banlieue,premium,0
CMD-003529,2025-08-03 01:37:27.374562,9,6,1,3.5,214.18,20.4,1,9.4,0.71,pluie,centre,premium,1
CMD-003530,2025-08-03 03:04:49.848308,8,6,1,2.58,105.58,3.97,1,26.9,0.91,normal,banlieue,standard,1
CMD-003531,2025-08-03 04:32:12.322053,13,6,1,2.79,207.38,20.64,1,7.8,0.64,normal,proche_banlieue,standard,1
CMD-003532,2025-08-03 05:59:34.795799,8,6,1,15.45,22.14,6.78,1,19.8,0.4,pluie,centre,standard,1
CMD-003533,2025-08-03 07:26:57.269544,7,6,1,9.62,62.38,13.62,1,47.5,0.79,normal,proche_banlieue,standard,0
CMD-003534,2025-08-03 08:54:19.743290,22,6,1,4.99,50.82,6.7,1,29.7,0.8,normal,rurale,standard,1
CMD-003535,2025-08-03 10:21:42.217036,8,6,1,13.72,136.5,1.44,1,34.8,0.61,normal,banlieue,standard,0
CMD-003536,2025-08-03 11:49:04.690781,8,6,1,3.48,29.33,13.65,1,30.1,0.28,normal,banlieue,standard,1
CMD-003537,2025-08-03 13:16:27.164527,7,6,1,6.15,92.53,9.3,1,29.5,0.53,pluie,centre,standard,1
CMD-003538,2025-08-03 14:43:49.638273,9,6,1,2.24,246.7,10.99,1,19.8,0.87,pluie,banlieue,standard,1
CMD-003539,2025-08-03 16:11:12.112018,15,6,1,13.31,200.61,15.12,1,17.9,0.44,normal,banlieue,standard,1
CMD-003540,2025-08-03 17:38:34.585764,20,6,1,3.23,192.54,7.98,0,19.5,0.79,normal,rurale,standard,1
CMD-003541,2025-08-03 19:05:57.059509,18,6,1,3.3,42.43,14.18,1,5.0,0.4,orage,banlieue,standard,1
CMD-003542,2025-08-03 20:33:19.533255,16,6,1,8.6,97.49,16.51,1,24.2,0.46,normal,centre,premium,1
CMD-003543,2025-08-03 22:00:42.007001,8,6,1,0.53,173.34,2.42,1,27.4,0.47,pluie,rurale,standard,1
CMD-003544,2025-08-03 23:28:04.480746,19,6,1,1.77,15.19,8.88,0,18.8,0.31,normal,banlieue,standard,1
CMD-003545,2025-08-04 00:55:26.954492,7,0,0,10.9,114.15,2.43,0,23.7,0.48,normal,centre,standard,1
CMD-003546,2025-08-04 02:22:49.428238,17,0,0,2.76,232.86,0.37,1,30.3,0.78,normal,banlieue,premium,1
CMD-003547,2025-08-04 03:50:11.901983,13,0,0,27.76,29.76,1.47,1,33.8,0.52,normal,proche_banlieue,premium,0
CMD-003548,2025-08-04 05:17:34.375729,21,0,0,7.4,227.5,14.89,0,13.0,0.44,normal,banlieue,standard,0
CMD-003549,2025-08-04 06:44:56.849474,11,0,0,1.1,56.69,2.29,1,17.1,0.76,normal,centre,standard,1
CMD-003550,2025-08-04 08:12:19.323220,17,0,0,18.07,55.39,21.74,1,32.5,0.61,normal,banlieue,standard,0
CMD-003551,2025-08-04 09:39:41.796966,14,0,0,7.39,56.9,19.03,1,30.9,0.55,normal,centre,standard,1
CMD-003552,2025-08-04 11:07:04.270711,15,0,0,5.6,233.5,0.42,1,38.4,0.84,pluie,banlieue,premium,1
CMD-003553,2025-08-04 12:34:26.744457,22,0,0,7.37,154.9,14.42,1,38.0,0.51,normal,centre,standard,1
CMD-003554,2025-08-04 14:01:49.218203,18,0,0,1.09,190.19,0.45,1,49.1,0.64,normal,centre,premium,1
CMD-003555,2025-08-04 15:29:11.691948,13,0,0,6.31,97.94,2.91,1,22.1,0.23,orage,centre,standard,1
CMD-003556,2025-08-04 16:56:34.165694,14,0,0,2.94,219.58,24.71,1,40.8,0.47,normal,proche_banlieue,standard,1
CMD-003557,2025-08-04 18:23:56.639439,18,0,0,6.01,149.66,11.53,1,15.8,0.39,normal,banlieue,standard,1
CMD-003558,2025-08-04 19:51:19.113185,12,0,0,4.39,153.96,0.87,1,48.9,0.91,normal,proche_banlieue,standard,1
CMD-003559,2025-08-04 21:18:41.586931,9,0,0,7.08,190.56,21.29,1,29.5,0.22,pluie,proche_banlieue,standard,1
CMD-003560,2025-08-04 22:46:04.060676,14,0,0,4.99,195.67,22.95,0,30.4,0.76,normal,rurale,standard,1
CMD-003561,2025-08-05 00:13:26.534422,8,1,0,4.16,173.65,13.8,1,34.9,0.8,normal,proche_banlieue,standard,1
CMD-003562,2025-08-05 01:40:49.008168,9,1,0,2.65,38.54,17.71,1,11.4,0.47,normal,proche_banlieue,standard,1
CMD-003563,2025-08-05 03:08:11.481913,13,1,0,1.15,218.01,19.55,1,14.3,0.41,normal,proche_banlieue,standard,1
CMD-003564,2025-08-05 04:35:33.955659,19,1,0,0.87,72.62,18.42,1,26.2,0.33,normal,rurale,standard,1
CMD-003565,2025-08-05 06:02:56.429404,19,1,0,1.84,249.09,12.46,1,28.5,0.42,normal,centre,standard,1
CMD-003566,2025-08-05 07:30:18.903150,11,1,0,10.3,102.52,20.85,1,45.8,0.93,normal,centre,standard,1
CMD-003567,2025-08-05 08:57:41.376896,13,1,0,2.51,38.8,13.28,1,15.5,0.23,normal,proche_banlieue,standard,1
CMD-003568,2025-08-05 10:25:03.850641,9,1,0,3.58,85.86,6.64,1,40.4,0.57,normal,banlieue,standard,1
CMD-003569,2025-08-05 11:52:26.324387,19,1,0,3.61,147.65,0.3,1,22.3,0.41,normal,centre,standard,1
CMD-003570,2025-08-05 13:19:48.798133,10,1,0,4.45,103.95,9.09,1,22.2,0.76,normal,rurale,premium,1
CMD-003571,2025-08-05 14:47:11.271878,19,1,0,9.05,208.88,2.25,1,23.4,0.47,pluie,centre,standard,1
CMD-003572,2025-08-05 16:14:33.745624,20,1,0,4.95,173.73,1.77,1,21.9,0.48,normal,banlieue,standard,1
CMD-003573,2025-08-05 17:41:56.219369,18,1,0,11.71,61.23,11.84,1,29.9,0.25,normal,centre,standard,1
CMD-003574,2025-08-05 19:09:18.693115,12,1,0,1.86,139.32,23.6,0,21.1,0.93,normal,rurale,standard,1
CMD-003575,2025-08-05 20:36:41.166861,22,1,0,10.85,199.01,2.82,1,10.9,0.62,normal,proche_banlieue,standard,1
CMD-003576,2025-08-05 22:04:03.640606,17,1,0,16.64,223.9,6.99,1,22.3,0.26,neige,centre,standard,0
CMD-003577,2025-08-05 23:31:26.114352,17,1,0,6.25,104.79,20.79,0,29.6,0.8,neige,centre,standard,1
CMD-003578,2025-08-06 00:58:48.588098,20,2,0,2.33,231.87,10.17,0,11.0,0.82,normal,proche_banlieue,standard,1
CMD-003579,2025-08-06 02:26:11.061843,21,2,0,9.19,18.63,19.02,0,30.8,0.57,neige,proche_banlieue,standard,0
CMD-003580,2025-08-06 03:53:33.535589,8,2,0,6.34,172.41,13.65,1,36.8,0.98,normal,centre,standard,1
CMD-003581,2025-08-06 05:20:56.009334,21,2,0,8.03,197.68,15.18,1,39.8,0.38,pluie,proche_banlieue,standard,0
CMD-003582,2025-08-06 06:48:18.483080,19,2,0,11.95,112.03,4.2,1,28.4,0.88,normal,proche_banlieue,standard,1
CMD-003583,2025-08-06 08:15:40.956826,10,2,0,4.63,12.63,8.94,1,7.0,0.88,normal,proche_banlieue,standard,1
CMD-003584,2025-08-06 09:43:03.430571,11,2,0,4.04,174.89,15.62,1,31.5,0.62,pluie,centre,standard,1
CMD-003585,2025-08-06 11:10:25.904317,19,2,0,31.39,92.22,0.86,1,34.7,0.63,normal,proche_banlieue,standard,0
CMD-003586,2025-08-06 12:37:48.378063,10,2,0,9.27,46.44,4.87,1,18.0,0.29,neige,rurale,standard,1
CMD-003587,2025-08-06 14:05:10.851808,14,2,0,13.44,47.71,9.79,1,24.3,0.31,normal,proche_banlieue,premium,0
CMD-003588,2025-08-06 15:32:33.325554,18,2,0,11.47,194.6,16.93,1,29.8,0.54,normal,banlieue,standard,1
CMD-003589,2025-08-06 16:59:55.799299,17,2,0,13.56,54.97,12.84,1,42.9,0.93,normal,centre,premium,0
CMD-003590,2025-08-06 18:27:18.273045,21,2,0,8.24,126.18,18.02,1,22.4,0.37,normal,centre,standard,1
CMD-003591,2025-08-06 19:54:40.746791,8,2,0,12.44,242.89,18.23,1,33.9,0.58,normal,rurale,standard,0
CMD-003592,2025-08-06 21:22:03.220536,11,2,0,3.6,192.12,0.97,1,28.2,0.25,normal,banlieue,standard,1
CMD-003593,2025-08-06 22:49:25.694282,22,2,0,1.11,141.33,22.56,1,27.0,0.44,normal,banlieue,standard,1
CMD-003594,2025-08-07 00:16:48.168028,16,3,0,2.83,136.79,20.64,1,38.3,0.5,pluie,proche_banlieue,premium,1
CMD-003595,2025-08-07 01:44:10.641773,10,3,0,5.62,50.16,6.92,1,16.7,0.97,normal,banlieue,standard,1
CMD-003596,2025-08-07 03:11:33.115519,11,3,0,5.04,117.14,12.22,1,27.3,0.35,normal,rurale,standard,1
CMD-003597,2025-08-07 04:38:55.589264,12,3,0,6.36,44.78,7.84,1,25.3,0.28,normal,centre,standard,1
CMD-003598,2025-08-07 06:06:18.063010,15,3,0,3.42,30.06,22.68,0,9.9,0.24,normal,centre,standard,1
CMD-003599,2025-08-07 07:33:40.536756,11,3,0,0.63,36.19,9.69,1,37.3,0.62,normal,rurale,premium,1
CMD-003600,2025-08-07 09:01:03.010501,16,3,0,4.53,155.59,10.02,1,33.3,0.62,normal,centre,standard,1
CMD-003601,2025-08-07 10:28:25.484247,14,3,0,1.62,56.45,22.82,1,25.3,0.36,normal,proche_banlieue,standard,1
CMD-003602,2025-08-07 11:55:47.957992,16,3,0,6.15,45.84,15.1,1,22.4,0.4,normal,centre,standard,1
CMD-003603,2025-08-07 13:23:10.431738,9,3,0,8.53,218.11,3.62,1,25.0,0.46,normal,proche_banlieue,standard,1
CMD-003604,2025-08-07 14:50:32.905484,16,3,0,4.45,39.28,15.73,1,32.1,0.21,neige,proche_banlieue,standard,1
CMD-003605,2025-08-07 16:17:55.379229,21,3,0,2.19,179.35,19.9,1,25.5,0.85,normal,centre,standard,1
CMD-003606,2025-08-07 17:45:17.852975,9,3,0,6.62,110.08,8.58,1,18.3,0.82,orage,centre,standard,1
CMD-003607,2025-08-07 19:12:40.326721,12,3,0,32.52,148.98,13.27,1,19.8,0.46,normal,proche_banlieue,standard,0
CMD-003608,2025-08-07 20:40:02.800466,18,3,0,9.27,15.61,15.75,1,24.9,0.66,normal,proche_banlieue,standard,1
CMD-003609,2025-08-07 22:07:25.274212,16,3,0,9.78,10.0,12.86,1,15.7,0.46,pluie,banlieue,premium,1
CMD-003610,2025-08-07 23:34:47.747957,17,3,0,4.07,206.14,24.98,1,28.3,0.22,neige,banlieue,standard,1
CMD-003611,2025-08-08 01:02:10.221703,15,4,0,3.03,124.11,12.77,1,17.1,0.67,neige,centre,standard,1
CMD-003612,2025-08-08 02:29:32.695449,17,4,0,13.58,27.11,16.16,1,15.5,0.78,normal,proche_banlieue,standard,1
CMD-003613,2025-08-08 03:56:55.169194,16,4,0,0.36,92.43,19.88,1,56.9,0.47,normal,banlieue,standard,1
CMD-003614,2025-08-08 05:24:17.642940,8,4,0,3.32,131.53,3.59,1,44.4,0.39,normal,proche_banlieue,standard,1
CMD-003615,2025-08-08 06:51:40.116686,19,4,0,19.24,42.52,1.29,1,26.4,0.41,normal,rurale,premium,0
CMD-003616,2025-08-08 08:19:02.590431,14,4,0,5.86,141.12,24.33,1,33.5,0.48,normal,rurale,standard,0
CMD-003617,2025-08-08 09:46:25.064177,7,4,0,1.29,136.9,18.36,1,35.2,0.57,normal,proche_banlieue,standard,1
CMD-003618,2025-08-08 11:13:47.537922,13,4,0,8.72,154.68,9.95,1,24.2,0.8,normal,centre,standard,1
CMD-003619,2025-08-08 12:41:10.011668,13,4,0,4.48,204.46,0.64,1,27.8,0.36,normal,centre,standard,1
CMD-003620,2025-08-08 14:08:32.485414,8,4,0,0.97,109.07,4.33,1,22.4,0.77,neige,centre,standard,1
CMD-003621,2025-08-08 15:35:54.959159,22,4,0,7.54,223.25,0.44,1,37.6,0.97,pluie,banlieue,premium,1
CMD-003622,2025-08-08 17:03:17.432905,10,4,0,6.71,123.92,10.03,1,37.7,0.34,pluie,centre,standard,1
CMD-003623,2025-08-08 18:30:39.906651,12,4,0,6.41,119.72,13.96,1,40.6,0.61,pluie,rurale,standard,0
CMD-003624,2025-08-08 19:58:02.380396,14,4,0,9.17,167.36,4.18,1,27.7,0.49,normal,banlieue,premium,0
CMD-003625,2025-08-08 21:25:24.854142,20,4,0,2.05,158.21,16.07,1,46.7,0.68,normal,rurale,standard,1
CMD-003626,2025-08-08 22:52:47.327887,18,4,0,8.12,12.74,23.87,0,24.2,0.9,pluie,proche_banlieue,standard,0
CMD-003627,2025-08-09 00:20:09.801633,19,5,1,7.08,245.78,24.76,1,45.5,0.91,normal,centre,standard,0
CMD-003628,2025-08-09 01:47:32.275379,10,5,1,13.38,236.25,20.86,0,20.4,0.55,normal,centre,standard,0
CMD-003629,2025-08-09 03:14:54.749124,20,5,1,3.28,77.51,11.21,1,12.0,0.81,pluie,banlieue,standard,1
CMD-003630,2025-08-09 04:42:17.222870,20,5,1,15.04,144.06,13.78,1,45.3,0.61,pluie,centre,standard,0
CMD-003631,2025-08-09 06:09:39.696616,14,5,1,11.33,194.92,12.68,1,31.6,0.82,normal,rurale,standard,1
CMD-003632,2025-08-09 07:37:02.170361,15,5,1,5.68,230.91,4.06,1,30.2,0.91,normal,centre,standard,1
CMD-003633,2025-08-09 09:04:24.644107,7,5,1,6.41,150.62,21.39,1,21.4,0.77,pluie,banlieue,premium,1
CMD-003634,2025-08-09 10:31:47.117852,19,5,1,0.41,14.55,16.96,0,16.5,0.25,neige,proche_banlieue,premium,1
CMD-003635,2025-08-09 11:59:09.591598,22,5,1,6.26,173.36,16.02,1,17.5,0.4,pluie,banlieue,standard,0
CMD-003636,2025-08-09 13:26:32.065344,14,5,1,10.77,32.34,5.66,0,26.4,0.83,normal,banlieue,premium,1
CMD-003637,2025-08-09 14:53:54.539089,15,5,1,4.99,171.08,4.0,1,23.5,0.22,normal,centre,standard,1
CMD-003638,2025-08-09 16:21:17.012835,14,5,1,13.36,150.98,21.85,1,5.6,0.61,orage,rurale,premium,1
CMD-003639,2025-08-09 17:48:39.486581,8,5,1,8.83,163.76,4.65,1,41.9,0.69,normal,proche_banlieue,standard,1
CMD-003640,2025-08-09 19:16:01.960326,16,5,1,23.24,55.42,2.03,1,20.8,0.86,pluie,proche_banlieue,standard,1
CMD-003641,2025-08-09 20:43:24.434072,18,5,1,3.5,128.47,15.72,1,37.4,0.85,normal,rurale,standard,1
CMD-003642,2025-08-09 22:10:46.907817,21,5,1,10.04,158.31,17.67,1,17.9,0.26,normal,banlieue,standard,1
CMD-003643,2025-08-09 23:38:09.381563,21,5,1,1.68,82.07,3.17,1,26.5,0.74,normal,centre,premium,1
CMD-003644,2025-08-10 01:05:31.855309,14,6,1,5.37,53.59,5.33,1,34.7,0.83,normal,centre,standard,1
CMD-003645,2025-08-10 02:32:54.329054,22,6,1,9.22,63.44,19.76,1,33.3,0.28,normal,rurale,standard,1
CMD-003646,2025-08-10 04:00:16.802800,15,6,1,10.5,215.92,23.25,1,22.3,0.59,pluie,proche_banlieue,standard,0
CMD-003647,2025-08-10 05:27:39.276546,17,6,1,4.67,121.49,12.02,1,30.1,0.72,normal,proche_banlieue,standard,1
CMD-003648,2025-08-10 06:55:01.750291,16,6,1,14.38,168.66,19.84,1,31.8,0.47,neige,centre,standard,1
CMD-003649,2025-08-10 08:22:24.224037,22,6,1,16.56,133.57,8.12,1,23.5,0.5,normal,proche_banlieue,standard,0
CMD-003650,2025-08-10 09:49:46.697782,18,6,1,3.53,210.19,17.64,1,13.9,0.28,pluie,centre,premium,1
CMD-003651,2025-08-10 11:17:09.171528,8,6,1,5.51,132.04,14.02,0,18.8,0.82,normal,centre,standard,1
CMD-003652,2025-08-10 12:44:31.645274,8,6,1,5.05,32.4,21.11,0,21.2,0.39,pluie,proche_banlieue,standard,0
CMD-003653,2025-08-10 14:11:54.119019,13,6,1,4.07,57.52,19.44,1,25.3,0.55,neige,centre,premium,1
CMD-003654,2025-08-10 15:39:16.592765,15,6,1,15.86,13.18,7.25,1,40.9,0.61,pluie,proche_banlieue,standard,1
CMD-003655,2025-08-10 17:06:39.066511,17,6,1,15.73,209.57,3.91,1,34.1,0.27,normal,banlieue,standard,1
CMD-003656,2025-08-10 18:34:01.540256,14,6,1,5.19,169.19,20.23,0,16.8,0.54,normal,banlieue,standard,1
CMD-003657,2025-08-10 20:01:24.014002,15,6,1,10.01,192.21,1.01,1,43.4,0.32,orage,centre,standard,1
CMD-003658,2025-08-10 21:28:46.487747,21,6,1,13.25,181.6,17.04,0,24.2,0.39,normal,centre,standard,0
CMD-003659,2025-08-10 22:56:08.961493,12,6,1,7.61,207.88,12.0,0,31.7,0.49,normal,banlieue,premium,0
CMD-003660,2025-08-11 00:23:31.435239,14,0,0,4.87,246.87,2.07,1,15.6,0.59,normal,proche_banlieue,standard,1
CMD-003661,2025-08-11 01:50:53.908984,15,0,0,3.31,166.83,17.28,1,20.5,0.55,pluie,centre,standard,1
CMD-003662,2025-08-11 03:18:16.382730,14,0,0,10.7,70.54,12.18,1,35.4,0.26,pluie,banlieue,standard,1
CMD-003663,2025-08-11 04:45:38.856476,22,0,0,1.83,34.33,21.53,1,16.2,0.48,pluie,proche_banlieue,standard,1
CMD-003664,2025-08-11 06:13:01.330221,22,0,0,4.98,151.54,5.37,1,25.6,0.23,normal,centre,standard,1
CMD-003665,2025-08-11 07:40:23.803967,15,0,0,4.29,194.98,0.26,1,29.7,0.4,normal,banlieue,premium,1
CMD-003666,2025-08-11 09:07:46.277712,14,0,0,1.71,144.78,3.44,1,14.8,0.27,neige,proche_banlieue,standard,1
CMD-003667,2025-08-11 10:35:08.751458,16,0,0,5.87,82.85,6.89,1,7.2,0.33,pluie,proche_banlieue,standard,1
CMD-003668,2025-08-11 12:02:31.225204,9,0,0,5.41,182.74,16.38,1,34.1,0.6,normal,rurale,premium,1
CMD-003669,2025-08-11 13:29:53.698949,13,0,0,2.71,117.51,9.19,1,53.6,0.94,orage,centre,standard,1
CMD-003670,2025-08-11 14:57:16.172695,10,0,0,15.45,78.78,3.13,0,29.6,0.36,orage,proche_banlieue,standard,1
CMD-003671,2025-08-11 16:24:38.646441,9,0,0,10.76,211.86,24.54,1,31.5,0.78,normal,centre,standard,1
CMD-003672,2025-08-11 17:52:01.120186,8,0,0,6.49,148.36,2.88,1,16.2,0.23,normal,rurale,premium,1
CMD-003673,2025-08-11 19:19:23.593932,16,0,0,11.95,78.03,9.01,1,39.7,0.47,neige,proche_banlieue,standard,1
CMD-003674,2025-08-11 20:46:46.067677,7,0,0,13.98,88.87,21.94,0,21.2,0.52,pluie,rurale,premium,0
CMD-003675,2025-08-11 22:14:08.541423,17,0,0,15.93,147.2,16.38,1,36.6,0.29,normal,proche_banlieue,premium,1
CMD-003676,2025-08-11 23:41:31.015169,13,0,0,3.48,111.5,8.13,1,31.1,0.71,orage,banlieue,standard,1
CMD-003677,2025-08-12 01:08:53.488914,12,1,0,11.95,48.52,24.26,1,31.3,0.32,pluie,banlieue,standard,0
CMD-003678,2025-08-12 02:36:15.962660,19,1,0,5.43,156.51,12.63,1,30.9,0.84,pluie,centre,standard,1
CMD-003679,2025-08-12 04:03:38.436406,15,1,0,7.42,175.39,0.4,1,30.6,0.67,normal,banlieue,standard,1
CMD-003680,2025-08-12 05:31:00.910151,18,1,0,3.64,10.03,0.35,1,27.8,0.79,normal,centre,standard,1
CMD-003681,2025-08-12 06:58:23.383897,18,1,0,6.25,138.85,23.54,1,34.7,0.33,normal,centre,standard,1
CMD-003682,2025-08-12 08:25:45.857642,7,1,0,12.07,148.52,7.17,1,17.7,0.45,normal,proche_banlieue,standard,1
CMD-003683,2025-08-12 09:53:08.331388,10,1,0,18.73,89.7,20.34,0,22.6,0.76,normal,banlieue,standard,0
CMD-003684,2025-08-12 11:20:30.805134,16,1,0,5.78,91.3,1.28,1,39.7,0.56,pluie,centre,premium,1
CMD-003685,2025-08-12 12:47:53.278879,22,1,0,2.79,86.24,3.84,1,26.7,0.71,normal,banlieue,standard,1
CMD-003686,2025-08-12 14:15:15.752625,9,1,0,20.63,116.88,21.45,1,21.7,0.53,normal,banlieue,standard,1
CMD-003687,2025-08-12 15:42:38.226371,8,1,0,3.36,204.87,24.85,1,35.3,0.74,normal,proche_banlieue,standard,1
CMD-003688,2025-08-12 17:10:00.700116,22,1,0,1.14,122.57,1.49,1,33.4,0.71,pluie,centre,standard,1
CMD-003689,2025-08-12 18:37:23.173862,22,1,0,3.9,248.48,4.36,1,12.0,0.44,pluie,proche_banlieue,standard,1
CMD-003690,2025-08-12 20:04:45.647607,9,1,0,13.51,100.28,18.13,1,32.3,0.91,normal,centre,standard,1
CMD-003691,2025-08-12 21:32:08.121353,13,1,0,3.16,177.82,13.33,1,26.4,0.79,normal,centre,standard,1
CMD-003692,2025-08-12 22:59:30.595099,17,1,0,2.14,141.75,10.27,0,32.1,0.25,normal,centre,premium,1
CMD-003693,2025-08-13 00:26:53.068844,10,2,0,6.89,192.95,5.02,0,25.1,0.23,pluie,centre,standard,0
CMD-003694,2025-08-13 01:54:15.542590,12,2,0,18.74,223.21,23.65,1,29.6,0.77,pluie,banlieue,standard,0
CMD-003695,2025-08-13 03:21:38.016336,13,2,0,8.95,132.8,4.47,1,6.7,0.71,pluie,proche_banlieue,standard,1
CMD-003696,2025-08-13 04:49:00.490081,17,2,0,1.8,128.68,6.78,0,16.1,0.94,neige,rurale,standard,1
CMD-003697,2025-08-13 06:16:22.963827,11,2,0,25.54,236.25,8.24,1,32.4,0.74,pluie,banlieue,standard,0
CMD-003698,2025-08-13 07:43:45.437572,13,2,0,8.19,234.08,3.64,1,51.2,0.37,normal,rurale,standard,1
CMD-003699,2025-08-13 09:11:07.911318,11,2,0,12.57,249.28,13.5,1,28.7,0.23,normal,banlieue,standard,1
CMD-003700,2025-08-13 10:38:30.385064,19,2,0,1.41,47.55,8.66,1,18.1,0.63,normal,centre,standard,1
CMD-003701,2025-08-13 12:05:52.858809,9,2,0,22.71,10.86,15.27,1,26.4,0.6,normal,centre,standard,0
CMD-003702,2025-08-13 13:33:15.332555,10,2,0,4.6,114.95,9.32,1,16.1,0.95,normal,centre,premium,1
CMD-003703,2025-08-13 15:00:37.806301,10,2,0,1.28,186.0,3.09,1,37.5,0.77,normal,banlieue,standard,1
CMD-003704,2025-08-13 16:28:00.280046,21,2,0,7.54,27.49,21.84,1,25.5,0.92,normal,banlieue,standard,0
CMD-003705,2025-08-13 17:55:22.753792,22,2,0,12.56,99.66,12.84,1,35.5,0.81,normal,centre,standard,1
CMD-003706,2025-08-13 19:22:45.227537,15,2,0,9.97,149.55,8.18,1,23.5,0.73,pluie,banlieue,standard,1
CMD-003707,2025-08-13 20:50:07.701283,9,2,0,9.84,61.01,0.61,1,36.4,0.65,normal,centre,standard,1
CMD-003708,2025-08-13 22:17:30.175029,19,2,0,9.33,185.47,15.03,1,8.8,0.66,normal,banlieue,standard,0
CMD-003709,2025-08-13 23:44:52.648774,14,2,0,7.03,65.09,19.61,1,25.2,0.61,normal,proche_banlieue,premium,1
CMD-003710,2025-08-14 01:12:15.122520,20,3,0,1.4,211.76,16.32,1,30.4,0.87,normal,centre,premium,1
CMD-003711,2025-08-14 02:39:37.596266,12,3,0,5.37,93.59,19.74,1,22.3,0.39,orage,proche_banlieue,standard,1
CMD-003712,2025-08-14 04:07:00.070011,22,3,0,4.78,153.68,4.04,1,28.6,0.93,normal,rurale,premium,1
CMD-003713,2025-08-14 05:34:22.543757,19,3,0,15.97,140.6,24.3,1,28.4,0.65,pluie,banlieue,standard,1
CMD-003714,2025-08-14 07:01:45.017502,10,3,0,13.52,81.15,5.44,1,35.5,0.55,neige,proche_banlieue,standard,1
CMD-003715,2025-08-14 08:29:07.491248,18,3,0,4.27,115.38,6.82,1,31.2,0.37,pluie,proche_banlieue,standard,0
CMD-003716,2025-08-14 09:56:29.964994,11,3,0,11.19,213.03,12.91,1,28.9,0.42,normal,proche_banlieue,premium,1
CMD-003717,2025-08-14 11:23:52.438739,12,3,0,6.01,141.6,0.33,1,33.8,0.67,normal,centre,standard,0
CMD-003718,2025-08-14 12:51:14.912485,11,3,0,1.15,23.34,11.17,1,11.5,0.32,normal,banlieue,standard,1
CMD-003719,2025-08-14 14:18:37.386231,17,3,0,0.42,181.13,5.05,1,17.5,0.2,pluie,centre,standard,1
CMD-003720,2025-08-14 15:45:59.859976,11,3,0,10.25,53.79,18.78,0,11.1,0.41,orage,proche_banlieue,standard,0
CMD-003721,2025-08-14 17:13:22.333722,17,3,0,2.42,126.66,18.99,1,30.5,0.44,pluie,centre,standard,1
CMD-003722,2025-08-14 18:40:44.807467,16,3,0,2.41,122.45,15.47,1,29.1,0.95,normal,banlieue,standard,1
CMD-003723,2025-08-14 20:08:07.281213,19,3,0,3.44,126.76,10.66,1,38.9,0.67,normal,centre,standard,1
CMD-003724,2025-08-14 21:35:29.754959,22,3,0,10.41,17.44,7.89,1,28.5,0.52,normal,proche_banlieue,standard,1
CMD-003725,2025-08-14 23:02:52.228704,7,3,0,13.65,75.37,20.72,1,18.7,0.99,orage,proche_banlieue,standard,1
CMD-003726,2025-08-15 00:30:14.702450,22,4,0,13.45,22.18,12.78,0,26.3,0.49,normal,banlieue,standard,0
CMD-003727,2025-08-15 01:57:37.176196,8,4,0,0.99,109.59,12.51,1,6.2,0.97,normal,rurale,standard,1
CMD-003728,2025-08-15 03:24:59.649941,15,4,0,3.31,159.12,3.01,1,20.9,0.95,normal,centre,standard,1
CMD-003729,2025-08-15 04:52:22.123687,12,4,0,2.84,166.98,5.62,1,5.0,0.75,normal,centre,standard,1
CMD-003730,2025-08-15 06:19:44.597432,17,4,0,10.41,25.49,9.14,0,28.3,0.62,normal,banlieue,premium,0
CMD-003731,2025-08-15 07:47:07.071178,18,4,0,3.36,38.53,17.53,1,22.2,0.86,normal,centre,standard,1
CMD-003732,2025-08-15 09:14:29.544924,20,4,0,5.66,168.76,21.16,1,23.7,0.46,normal,centre,standard,1
CMD-003733,2025-08-15 10:41:52.018669,13,4,0,11.1,137.49,24.82,1,15.7,0.49,normal,centre,premium,1
CMD-003734,2025-08-15 12:09:14.492415,21,4,0,6.57,210.02,10.8,1,18.3,0.37,normal,centre,standard,1
CMD-003735,2025-08-15 13:36:36.966161,12,4,0,8.16,59.23,11.44,1,31.9,0.4,normal,proche_banlieue,standard,1
CMD-003736,2025-08-15 15:03:59.439906,10,4,0,5.5,38.88,19.2,1,10.6,0.31,pluie,proche_banlieue,standard,1
CMD-003737,2025-08-15 16:31:21.913652,13,4,0,12.67,96.89,8.17,1,30.1,0.88,pluie,proche_banlieue,standard,1
CMD-003738,2025-08-15 17:58:44.387397,15,4,0,13.57,162.9,13.6,0,16.9,0.2,pluie,centre,premium,1
CMD-003739,2025-08-15 19:26:06.861143,17,4,0,9.33,126.63,16.99,1,8.2,0.54,normal,centre,standard,1
CMD-003740,2025-08-15 20:53:29.334889,20,4,0,13.61,33.66,6.06,0,37.3,0.49,pluie,rurale,premium,0
CMD-003741,2025-08-15 22:20:51.808634,10,4,0,31.17,27.11,7.13,1,38.3,0.51,normal,proche_banlieue,standard,0
CMD-003742,2025-08-15 23:48:14.282380,11,4,0,10.96,172.65,9.03,1,19.6,0.88,normal,rurale,standard,0
CMD-003743,2025-08-16 01:15:36.756126,22,5,1,6.17,81.27,14.53,1,19.5,0.86,pluie,rurale,standard,1
CMD-003744,2025-08-16 02:42:59.229871,14,5,1,8.3,170.68,6.91,1,22.5,0.73,normal,proche_banlieue,standard,1
CMD-003745,2025-08-16 04:10:21.703617,10,5,1,14.58,80.78,5.36,1,16.9,0.75,normal,rurale,standard,1
CMD-003746,2025-08-16 05:37:44.177362,22,5,1,4.55,85.55,3.91,1,18.7,0.84,normal,centre,standard,1
CMD-003747,2025-08-16 07:05:06.651108,14,5,1,4.24,60.36,20.27,0,29.5,0.51,neige,proche_banlieue,standard,1
CMD-003748,2025-08-16 08:32:29.124854,22,5,1,8.2,246.09,22.17,1,45.7,0.56,pluie,banlieue,premium,1
CMD-003749,2025-08-16 09:59:51.598599,21,5,1,6.08,13.86,22.64,1,21.5,0.4,normal,centre,standard,1
CMD-003750,2025-08-16 11:27:14.072345,21,5,1,2.81,40.54,20.58,1,35.2,0.39,normal,proche_banlieue,standard,0
CMD-003751,2025-08-16 12:54:36.546091,16,5,1,7.27,210.71,3.6,1,28.5,0.95,normal,rurale,standard,1
CMD-003752,2025-08-16 14:21:59.019836,19,5,1,16.68,43.16,2.62,1,8.3,0.81,normal,rurale,standard,1
CMD-003753,2025-08-16 15:49:21.493582,22,5,1,9.1,77.37,12.58,0,24.8,0.56,normal,proche_banlieue,standard,1
CMD-003754,2025-08-16 17:16:43.967327,11,5,1,2.3,73.07,13.13,1,23.5,0.23,normal,banlieue,premium,0
CMD-003755,2025-08-16 18:44:06.441073,7,5,1,10.18,177.28,18.37,1,39.6,0.79,pluie,banlieue,standard,0
CMD-003756,2025-08-16 20:11:28.914819,12,5,1,5.13,108.69,5.73,1,40.1,0.96,orage,proche_banlieue,standard,1
CMD-003757,2025-08-16 21:38:51.388564,17,5,1,24.6,211.74,23.29,1,28.8,0.94,normal,proche_banlieue,premium,1
CMD-003758,2025-08-16 23:06:13.862310,15,5,1,9.61,189.38,7.89,1,37.1,0.77,normal,banlieue,standard,1
CMD-003759,2025-08-17 00:33:36.336056,8,6,1,3.88,137.46,14.53,1,23.5,0.72,pluie,proche_banlieue,standard,1
CMD-003760,2025-08-17 02:00:58.809801,15,6,1,10.74,69.77,21.63,1,36.2,0.3,normal,banlieue,standard,0
CMD-003761,2025-08-17 03:28:21.283547,9,6,1,7.67,200.18,13.18,1,26.0,0.27,normal,centre,standard,1
CMD-003762,2025-08-17 04:55:43.757292,15,6,1,15.6,217.84,18.89,1,36.0,0.41,normal,banlieue,standard,0
CMD-003763,2025-08-17 06:23:06.231038,16,6,1,4.23,210.71,18.78,0,37.0,0.65,normal,proche_banlieue,standard,0
CMD-003764,2025-08-17 07:50:28.704784,17,6,1,9.59,22.41,19.79,1,32.2,0.93,normal,centre,standard,1
CMD-003765,2025-08-17 09:17:51.178529,13,6,1,1.4,177.51,20.31,1,17.6,0.9,normal,banlieue,standard,1
CMD-003766,2025-08-17 10:45:13.652275,13,6,1,7.03,178.95,9.93,1,20.8,0.44,pluie,proche_banlieue,standard,1
CMD-003767,2025-08-17 12:12:36.126021,17,6,1,2.24,236.34,9.22,1,32.5,0.49,normal,banlieue,premium,1
CMD-003768,2025-08-17 13:39:58.599766,18,6,1,7.48,73.23,20.13,1,33.9,0.45,neige,centre,standard,1
CMD-003769,2025-08-17 15:07:21.073512,19,6,1,8.77,198.72,14.58,1,26.6,0.62,normal,centre,standard,0
CMD-003770,2025-08-17 16:34:43.547257,12,6,1,9.32,175.38,15.27,1,21.9,0.85,normal,rurale,premium,1
CMD-003771,2025-08-17 18:02:06.021003,13,6,1,4.22,220.89,10.42,1,26.9,0.83,normal,proche_banlieue,standard,1
CMD-003772,2025-08-17 19:29:28.494749,12,6,1,7.2,176.39,5.2,1,22.2,0.91,neige,centre,premium,1
CMD-003773,2025-08-17 20:56:50.968494,15,6,1,14.29,214.59,11.53,1,22.3,0.62,normal,proche_banlieue,standard,1
CMD-003774,2025-08-17 22:24:13.442240,9,6,1,20.13,96.3,24.25,1,44.6,0.73,normal,proche_banlieue,standard,0
CMD-003775,2025-08-17 23:51:35.915985,13,6,1,7.39,47.83,7.41,1,20.2,0.96,normal,rurale,premium,1
CMD-003776,2025-08-18 01:18:58.389731,10,0,0,14.56,97.2,6.95,1,30.1,0.74,orage,centre,premium,1
CMD-003777,2025-08-18 02:46:20.863477,15,0,0,3.05,205.61,3.44,1,26.5,0.33,orage,proche_banlieue,standard,1
CMD-003778,2025-08-18 04:13:43.337222,20,0,0,4.79,41.6,12.13,1,12.7,0.46,pluie,proche_banlieue,premium,1
CMD-003779,2025-08-18 05:41:05.810968,22,0,0,8.01,163.11,7.36,1,12.4,0.26,normal,centre,standard,1
CMD-003780,2025-08-18 07:08:28.284714,14,0,0,6.11,247.01,17.24,1,24.2,0.29,normal,banlieue,premium,1
CMD-003781,2025-08-18 08:35:50.758459,7,0,0,5.62,224.8,3.55,1,5.5,0.59,normal,centre,standard,1
CMD-003782,2025-08-18 10:03:13.232205,10,0,0,13.53,171.08,6.33,1,43.3,0.79,normal,centre,standard,1
CMD-003783,2025-08-18 11:30:35.705950,8,0,0,2.61,200.23,1.73,1,21.4,0.35,neige,proche_banlieue,premium,1
CMD-003784,2025-08-18 12:57:58.179696,19,0,0,2.86,37.95,1.23,1,20.6,0.46,normal,proche_banlieue,standard,1
CMD-003785,2025-08-18 14:25:20.653442,22,0,0,1.9,129.72,20.39,1,37.2,0.47,normal,rurale,standard,1
CMD-003786,2025-08-18 15:52:43.127187,15,0,0,8.19,137.66,22.67,1,23.6,0.87,pluie,banlieue,standard,1
CMD-003787,2025-08-18 17:20:05.600933,9,0,0,5.12,197.85,19.14,1,31.5,0.35,normal,centre,premium,1
CMD-003788,2025-08-18 18:47:28.074679,7,0,0,12.63,77.82,21.66,0,19.3,0.23,normal,centre,premium,0
CMD-003789,2025-08-18 20:14:50.548424,22,0,0,7.68,35.56,2.35,1,25.5,0.7,normal,proche_banlieue,standard,1
CMD-003790,2025-08-18 21:42:13.022170,12,0,0,4.14,177.55,22.47,1,34.7,0.62,normal,centre,standard,0
CMD-003791,2025-08-18 23:09:35.495915,8,0,0,3.61,128.22,11.76,1,16.4,0.2,normal,centre,premium,1
CMD-003792,2025-08-19 00:36:57.969661,9,1,0,5.82,212.15,19.26,1,30.3,0.81,normal,rurale,standard,1
CMD-003793,2025-08-19 02:04:20.443407,11,1,0,2.27,125.56,15.47,1,5.0,0.54,neige,banlieue,standard,1
CMD-003794,2025-08-19 03:31:42.917152,17,1,0,13.75,213.1,8.88,0,37.7,0.64,neige,proche_banlieue,standard,0
CMD-003795,2025-08-19 04:59:05.390898,21,1,0,4.92,131.88,6.77,1,19.4,0.74,normal,centre,premium,1
CMD-003796,2025-08-19 06:26:27.864644,11,1,0,1.57,197.85,3.13,1,24.1,0.24,pluie,banlieue,standard,1
CMD-003797,2025-08-19 07:53:50.338389,17,1,0,15.67,182.98,10.43,1,24.0,0.34,normal,proche_banlieue,standard,0
CMD-003798,2025-08-19 09:21:12.812135,8,1,0,5.89,73.86,12.45,1,15.3,0.57,normal,proche_banlieue,premium,1
CMD-003799,2025-08-19 10:48:35.285880,7,1,0,10.14,84.26,24.58,1,14.5,0.34,normal,proche_banlieue,standard,1
CMD-003800,2025-08-19 12:15:57.759626,7,1,0,4.19,225.81,1.12,1,30.2,0.29,normal,rurale,standard,1
CMD-003801,2025-08-19 13:43:20.233372,21,1,0,16.04,65.44,14.84,1,30.7,0.46,normal,centre,premium,1
CMD-003802,2025-08-19 15:10:42.707117,16,1,0,3.19,177.4,13.22,1,16.1,0.54,pluie,banlieue,standard,1
CMD-003803,2025-08-19 16:38:05.180863,19,1,0,5.12,44.83,0.77,0,30.4,0.88,pluie,rurale,standard,1
CMD-003804,2025-08-19 18:05:27.654609,7,1,0,1.07,191.24,8.38,0,30.6,0.68,normal,proche_banlieue,premium,1
CMD-003805,2025-08-19 19:32:50.128354,7,1,0,15.77,63.59,10.69,1,21.2,0.94,normal,rurale,premium,1
CMD-003806,2025-08-19 21:00:12.602100,20,1,0,3.75,152.58,12.46,1,12.1,0.57,normal,centre,standard,1
CMD-003807,2025-08-19 22:27:35.075845,8,1,0,8.34,145.42,5.99,1,24.6,0.58,neige,banlieue,standard,1
CMD-003808,2025-08-19 23:54:57.549591,9,1,0,9.23,58.84,1.05,1,28.7,0.45,normal,proche_banlieue,standard,1
CMD-003809,2025-08-20 01:22:20.023337,15,2,0,14.04,127.94,7.49,0,24.4,0.27,normal,proche_banlieue,premium,0
CMD-003810,2025-08-20 02:49:42.497082,16,2,0,7.88,221.02,20.94,1,19.1,0.34,neige,banlieue,standard,1
CMD-003811,2025-08-20 04:17:04.970828,10,2,0,6.17,173.33,20.23,1,29.7,0.25,normal,banlieue,standard,1
CMD-003812,2025-08-20 05:44:27.444574,14,2,0,13.06,248.24,4.68,1,37.7,0.76,pluie,proche_banlieue,premium,1
CMD-003813,2025-08-20 07:11:49.918319,17,2,0,9.11,198.29,16.23,1,17.3,0.48,normal,proche_banlieue,standard,1
CMD-003814,2025-08-20 08:39:12.392065,14,2,0,5.44,164.43,23.11,1,22.0,0.23,neige,proche_banlieue,standard,1
CMD-003815,2025-08-20 10:06:34.865810,13,2,0,16.25,145.17,4.47,1,52.4,0.8,neige,rurale,standard,0
CMD-003816,2025-08-20 11:33:57.339556,8,2,0,9.64,234.98,3.39,1,27.9,0.4,normal,banlieue,standard,1
CMD-003817,2025-08-20 13:01:19.813302,14,2,0,2.08,136.48,0.75,1,12.3,0.91,normal,proche_banlieue,standard,1
CMD-003818,2025-08-20 14:28:42.287047,19,2,0,18.27,106.64,4.48,1,20.2,0.86,normal,proche_banlieue,standard,1
CMD-003819,2025-08-20 15:56:04.760793,17,2,0,4.1,210.28,20.39,0,17.4,0.44,normal,rurale,standard,1
CMD-003820,2025-08-20 17:23:27.234539,21,2,0,14.0,235.66,20.39,1,28.8,0.39,normal,banlieue,standard,1
CMD-003821,2025-08-20 18:50:49.708284,9,2,0,1.6,124.94,13.6,1,28.1,0.99,normal,banlieue,premium,1
CMD-003822,2025-08-20 20:18:12.182030,7,2,0,13.0,42.94,8.47,1,18.6,0.86,normal,banlieue,standard,0
CMD-003823,2025-08-20 21:45:34.655775,15,2,0,2.21,156.01,20.21,1,43.6,0.94,neige,centre,standard,1
CMD-003824,2025-08-20 23:12:57.129521,9,2,0,7.72,187.81,5.04,1,25.9,0.21,normal,centre,standard,1
CMD-003825,2025-08-21 00:40:19.603267,16,3,0,9.44,99.67,3.67,1,20.4,0.68,normal,proche_banlieue,standard,0
CMD-003826,2025-08-21 02:07:42.077012,21,3,0,5.54,189.49,2.41,1,12.8,0.41,normal,proche_banlieue,standard,0
CMD-003827,2025-08-21 03:35:04.550758,12,3,0,6.75,137.45,21.31,1,16.1,0.5,normal,banlieue,standard,1
CMD-003828,2025-08-21 05:02:27.024504,15,3,0,2.7,82.33,17.93,0,12.5,0.27,normal,banlieue,standard,1
CMD-003829,2025-08-21 06:29:49.498249,17,3,0,12.07,161.09,15.69,1,23.1,0.8,normal,rurale,standard,1
CMD-003830,2025-08-21 07:57:11.971995,9,3,0,8.03,103.35,18.24,1,16.2,0.62,normal,centre,standard,1
CMD-003831,2025-08-21 09:24:34.445740,21,3,0,3.18,198.84,3.76,1,32.8,0.83,neige,banlieue,standard,1
CMD-003832,2025-08-21 10:51:56.919486,10,3,0,8.26,10.74,9.74,1,19.2,0.29,normal,rurale,premium,1
CMD-003833,2025-08-21 12:19:19.393232,19,3,0,8.45,206.36,20.39,1,33.4,1.0,normal,centre,standard,1
CMD-003834,2025-08-21 13:46:41.866977,17,3,0,7.0,83.58,22.94,1,29.9,0.48,neige,centre,standard,1
CMD-003835,2025-08-21 15:14:04.340723,9,3,0,0.43,240.31,12.92,1,31.5,0.96,normal,rurale,standard,1
CMD-003836,2025-08-21 16:41:26.814469,18,3,0,4.91,192.2,3.23,0,34.0,0.74,neige,centre,standard,1
CMD-003837,2025-08-21 18:08:49.288214,10,3,0,11.94,67.85,24.47,1,44.9,0.29,pluie,banlieue,premium,1
CMD-003838,2025-08-21 19:36:11.761960,16,3,0,9.83,244.91,10.0,1,16.5,0.83,normal,proche_banlieue,standard,0
CMD-003839,2025-08-21 21:03:34.235705,22,3,0,9.61,129.9,8.11,1,33.5,0.65,neige,proche_banlieue,premium,1
CMD-003840,2025-08-21 22:30:56.709451,22,3,0,7.99,135.5,3.18,1,29.0,0.35,normal,rurale,standard,1
CMD-003841,2025-08-21 23:58:19.183197,20,3,0,12.92,228.28,0.51,0,35.6,0.35,neige,proche_banlieue,standard,0
CMD-003842,2025-08-22 01:25:41.656942,14,4,0,4.07,230.42,15.17,1,26.1,0.96,normal,proche_banlieue,standard,1
CMD-003843,2025-08-22 02:53:04.130688,15,4,0,3.36,177.25,15.39,1,36.8,1.0,normal,centre,standard,1
CMD-003844,2025-08-22 04:20:26.604434,11,4,0,21.39,244.83,6.01,0,12.1,0.66,normal,centre,premium,0
CMD-003845,2025-08-22 05:47:49.078179,21,4,0,3.72,88.93,4.22,0,15.0,0.35,normal,proche_banlieue,standard,1
CMD-003846,2025-08-22 07:15:11.551925,14,4,0,2.01,65.76,13.29,1,19.3,0.47,normal,banlieue,standard,1
CMD-003847,2025-08-22 08:42:34.025670,19,4,0,5.46,17.02,11.0,0,24.3,0.37,normal,centre,standard,0
CMD-003848,2025-08-22 10:09:56.499416,12,4,0,7.2,93.12,7.73,1,25.5,0.69,normal,proche_banlieue,standard,1
CMD-003849,2025-08-22 11:37:18.973162,18,4,0,12.98,154.63,5.61,1,17.6,0.52,normal,proche_banlieue,standard,1
CMD-003850,2025-08-22 13:04:41.446907,10,4,0,4.92,83.29,21.51,1,15.1,0.5,normal,banlieue,premium,1
CMD-003851,2025-08-22 14:32:03.920653,18,4,0,4.89,149.11,24.6,1,18.4,0.84,pluie,centre,standard,1
CMD-003852,2025-08-22 15:59:26.394399,7,4,0,6.7,21.61,9.02,1,7.9,0.97,normal,rurale,standard,1
CMD-003853,2025-08-22 17:26:48.868144,8,4,0,4.25,94.98,17.51,1,22.1,0.36,pluie,rurale,standard,1
CMD-003854,2025-08-22 18:54:11.341890,12,4,0,1.62,189.52,21.67,1,24.4,0.53,pluie,centre,standard,1
CMD-003855,2025-08-22 20:21:33.815635,14,4,0,2.17,35.04,0.87,1,29.4,0.63,normal,proche_banlieue,standard,1
CMD-003856,2025-08-22 21:48:56.289381,18,4,0,15.43,181.56,22.72,0,26.7,0.4,normal,banlieue,standard,0
CMD-003857,2025-08-22 23:16:18.763127,12,4,0,11.11,193.19,12.58,0,42.9,0.52,pluie,centre,standard,0
CMD-003858,2025-08-23 00:43:41.236872,7,5,1,6.53,146.5,14.01,1,33.1,0.24,normal,banlieue,standard,1
CMD-003859,2025-08-23 02:11:03.710618,12,5,1,9.8,222.66,13.59,0,32.4,0.23,normal,rurale,premium,0
CMD-003860,2025-08-23 03:38:26.184364,14,5,1,11.34,239.1,6.22,1,28.6,0.83,normal,banlieue,standard,1
CMD-003861,2025-08-23 05:05:48.658109,15,5,1,3.89,18.32,19.6,1,30.4,0.47,normal,centre,standard,1
CMD-003862,2025-08-23 06:33:11.131855,17,5,1,2.67,172.98,18.36,1,22.8,0.77,normal,centre,standard,1
CMD-003863,2025-08-23 08:00:33.605600,10,5,1,14.36,66.92,2.58,1,26.0,0.27,pluie,proche_banlieue,standard,1
CMD-003864,2025-08-23 09:27:56.079346,16,5,1,0.6,107.96,14.16,1,44.2,0.74,neige,centre,standard,1
CMD-003865,2025-08-23 10:55:18.553092,17,5,1,9.91,159.56,23.93,1,24.3,0.72,normal,banlieue,standard,0
CMD-003866,2025-08-23 12:22:41.026837,19,5,1,7.64,180.95,21.8,0,11.7,0.86,pluie,proche_banlieue,standard,0
CMD-003867,2025-08-23 13:50:03.500583,15,5,1,13.39,211.65,15.72,1,32.0,0.36,normal,banlieue,standard,0
CMD-003868,2025-08-23 15:17:25.974329,19,5,1,10.18,179.29,5.13,1,33.8,0.64,neige,banlieue,standard,1
CMD-003869,2025-08-23 16:44:48.448074,10,5,1,9.76,196.58,8.81,1,26.5,0.92,pluie,centre,premium,1
CMD-003870,2025-08-23 18:12:10.921820,18,5,1,2.93,153.78,3.93,1,6.2,0.38,normal,banlieue,standard,1
CMD-003871,2025-08-23 19:39:33.395565,7,5,1,11.65,38.09,20.58,0,37.9,0.3,normal,banlieue,standard,0
CMD-003872,2025-08-23 21:06:55.869311,8,5,1,9.05,15.14,19.51,1,27.3,0.48,neige,proche_banlieue,standard,0
CMD-003873,2025-08-23 22:34:18.343057,20,5,1,3.29,137.15,22.78,1,21.9,0.97,normal,proche_banlieue,standard,1
CMD-003874,2025-08-24 00:01:40.816802,14,6,1,7.69,181.73,1.77,1,36.9,0.33,normal,centre,standard,1
CMD-003875,2025-08-24 01:29:03.290548,16,6,1,2.38,36.13,24.12,1,5.0,0.3,pluie,banlieue,standard,1
CMD-003876,2025-08-24 02:56:25.764294,16,6,1,5.83,113.03,24.17,1,26.1,1.0,normal,rurale,premium,1
CMD-003877,2025-08-24 04:23:48.238039,18,6,1,27.26,71.48,16.93,1,19.6,0.51,pluie,banlieue,standard,0
CMD-003878,2025-08-24 05:51:10.711785,10,6,1,2.78,146.1,22.07,1,39.9,0.32,normal,centre,standard,1
CMD-003879,2025-08-24 07:18:33.185530,9,6,1,1.6,103.72,11.07,1,27.4,0.65,neige,proche_banlieue,standard,1
CMD-003880,2025-08-24 08:45:55.659276,7,6,1,2.2,58.35,7.97,1,16.4,0.21,normal,rurale,standard,1
CMD-003881,2025-08-24 10:13:18.133022,20,6,1,5.77,11.05,4.03,1,36.4,0.54,normal,banlieue,standard,1
CMD-003882,2025-08-24 11:40:40.606767,10,6,1,10.71,87.17,0.98,1,5.0,0.23,orage,proche_banlieue,premium,1
CMD-003883,2025-08-24 13:08:03.080513,16,6,1,6.86,133.88,1.24,1,30.1,0.65,normal,banlieue,standard,1
CMD-003884,2025-08-24 14:35:25.554259,14,6,1,1.86,233.01,17.35,1,12.4,0.7,pluie,centre,standard,1
CMD-003885,2025-08-24 16:02:48.028004,9,6,1,10.61,64.59,8.55,1,20.4,0.2,normal,rurale,standard,0
CMD-003886,2025-08-24 17:30:10.501750,13,6,1,0.92,132.94,1.54,1,22.6,0.61,normal,proche_banlieue,standard,1
CMD-003887,2025-08-24 18:57:32.975495,8,6,1,2.07,145.96,2.98,1,34.1,0.96,pluie,centre,standard,1
CMD-003888,2025-08-24 20:24:55.449241,9,6,1,4.1,165.81,16.7,1,47.0,0.52,pluie,centre,standard,1
CMD-003889,2025-08-24 21:52:17.922987,9,6,1,14.02,88.86,23.48,1,7.2,0.96,neige,centre,standard,1
CMD-003890,2025-08-24 23:19:40.396732,20,6,1,7.07,33.88,10.32,1,29.5,0.97,pluie,banlieue,premium,1
CMD-003891,2025-08-25 00:47:02.870478,16,0,0,7.28,231.13,19.49,1,47.0,0.39,normal,banlieue,premium,1
CMD-003892,2025-08-25 02:14:25.344224,21,0,0,1.89,238.66,24.34,1,19.3,0.66,neige,banlieue,standard,1
CMD-003893,2025-08-25 03:41:47.817969,13,0,0,4.46,115.18,17.77,0,18.7,0.86,neige,proche_banlieue,standard,1
CMD-003894,2025-08-25 05:09:10.291715,10,0,0,12.64,149.34,18.13,1,27.4,0.77,orage,banlieue,standard,1
CMD-003895,2025-08-25 06:36:32.765460,16,0,0,8.63,16.97,15.47,1,33.3,0.81,neige,banlieue,standard,1
CMD-003896,2025-08-25 08:03:55.239206,21,0,0,10.89,21.33,24.45,1,31.6,0.41,pluie,banlieue,standard,1
CMD-003897,2025-08-25 09:31:17.712952,15,0,0,6.49,28.4,7.64,1,21.4,0.93,pluie,banlieue,standard,1
CMD-003898,2025-08-25 10:58:40.186697,7,0,0,12.73,187.3,19.62,0,17.0,0.39,normal,centre,standard,0
CMD-003899,2025-08-25 12:26:02.660443,11,0,0,1.88,64.54,10.49,1,38.2,0.72,normal,rurale,standard,1
CMD-003900,2025-08-25 13:53:25.134189,21,0,0,5.66,54.27,4.05,1,17.3,0.91,pluie,centre,standard,1
CMD-003901,2025-08-25 15:20:47.607934,15,0,0,9.6,12.0,18.54,1,5.8,0.49,normal,banlieue,standard,1
CMD-003902,2025-08-25 16:48:10.081680,22,0,0,1.3,15.5,20.77,1,10.5,0.64,normal,proche_banlieue,standard,1
CMD-003903,2025-08-25 18:15:32.555425,15,0,0,0.27,107.29,21.62,1,19.2,0.75,normal,centre,standard,1
CMD-003904,2025-08-25 19:42:55.029171,7,0,0,21.4,140.0,23.06,1,39.9,0.94,normal,centre,premium,1
CMD-003905,2025-08-25 21:10:17.502917,20,0,0,7.14,148.97,18.67,1,13.1,0.56,pluie,rurale,standard,1
CMD-003906,2025-08-25 22:37:39.976662,19,0,0,1.15,119.9,13.28,1,40.2,0.68,normal,proche_banlieue,standard,1
CMD-003907,2025-08-26 00:05:02.450408,18,1,0,7.0,120.29,23.48,1,38.1,0.31,normal,proche_banlieue,premium,0
CMD-003908,2025-08-26 01:32:24.924154,22,1,0,2.1,190.75,5.4,1,27.3,0.25,normal,rurale,standard,1
CMD-003909,2025-08-26 02:59:47.397899,10,1,0,2.93,79.5,2.12,1,5.0,0.22,pluie,proche_banlieue,premium,1
CMD-003910,2025-08-26 04:27:09.871645,21,1,0,14.35,67.05,10.9,0,13.2,0.58,normal,banlieue,premium,0
CMD-003911,2025-08-26 05:54:32.345390,10,1,0,4.19,215.04,14.64,1,18.7,0.64,normal,rurale,standard,1
CMD-003912,2025-08-26 07:21:54.819136,22,1,0,4.16,175.42,17.06,1,42.3,0.27,normal,banlieue,premium,0
CMD-003913,2025-08-26 08:49:17.292882,10,1,0,2.04,124.45,20.42,1,19.3,0.34,orage,centre,premium,1
CMD-003914,2025-08-26 10:16:39.766627,15,1,0,4.98,76.1,0.86,1,17.3,0.41,normal,rurale,standard,1
CMD-003915,2025-08-26 11:44:02.240373,19,1,0,7.5,42.78,20.09,0,26.9,0.91,neige,banlieue,standard,0
CMD-003916,2025-08-26 13:11:24.714119,8,1,0,4.19,18.98,15.08,1,10.9,0.28,normal,proche_banlieue,standard,1
CMD-003917,2025-08-26 14:38:47.187864,8,1,0,25.18,214.57,23.83,0,24.8,0.59,normal,banlieue,standard,0
CMD-003918,2025-08-26 16:06:09.661610,20,1,0,2.57,152.41,8.83,1,17.0,0.83,neige,centre,standard,1
CMD-003919,2025-08-26 17:33:32.135355,7,1,0,2.56,21.0,15.5,1,51.9,0.9,normal,centre,standard,1
CMD-003920,2025-08-26 19:00:54.609101,16,1,0,4.81,48.06,19.21,1,15.8,0.75,normal,banlieue,standard,1
CMD-003921,2025-08-26 20:28:17.082847,22,1,0,23.21,77.1,13.01,1,44.3,0.41,normal,banlieue,standard,1
CMD-003922,2025-08-26 21:55:39.556592,16,1,0,11.02,73.14,4.07,1,13.6,0.3,normal,proche_banlieue,premium,1
CMD-003923,2025-08-26 23:23:02.030338,14,1,0,4.07,141.61,1.44,1,27.6,0.33,normal,banlieue,standard,1
CMD-003924,2025-08-27 00:50:24.504084,13,2,0,4.07,105.87,2.96,1,30.0,0.82,normal,rurale,standard,1
CMD-003925,2025-08-27 02:17:46.977829,17,2,0,2.48,221.73,12.47,1,26.4,0.44,normal,centre,standard,1
CMD-003926,2025-08-27 03:45:09.451575,16,2,0,4.7,182.66,16.06,1,25.8,0.47,normal,proche_banlieue,standard,1
CMD-003927,2025-08-27 05:12:31.925320,15,2,0,5.53,228.58,14.35,1,33.6,0.34,normal,centre,standard,0
CMD-003928,2025-08-27 06:39:54.399066,9,2,0,10.66,217.08,17.88,1,29.2,0.55,neige,rurale,standard,0
CMD-003929,2025-08-27 08:07:16.872812,17,2,0,9.1,231.13,1.17,1,23.3,0.47,normal,centre,standard,1
CMD-003930,2025-08-27 09:34:39.346557,18,2,0,4.57,245.2,3.58,0,18.3,0.49,normal,proche_banlieue,standard,1
CMD-003931,2025-08-27 11:02:01.820303,18,2,0,17.66,84.81,19.08,1,23.3,0.23,normal,rurale,standard,0
CMD-003932,2025-08-27 12:29:24.294049,8,2,0,3.6,60.32,19.57,1,23.2,0.57,orage,banlieue,premium,1
CMD-003933,2025-08-27 13:56:46.767794,18,2,0,1.57,49.64,17.62,1,23.0,0.29,normal,centre,standard,1
CMD-003934,2025-08-27 15:24:09.241540,18,2,0,7.77,160.74,18.69,1,25.8,0.63,normal,rurale,standard,1
CMD-003935,2025-08-27 16:51:31.715285,9,2,0,13.62,173.43,24.09,0,10.9,0.74,neige,centre,premium,1
CMD-003936,2025-08-27 18:18:54.189031,20,2,0,6.29,31.08,23.62,1,14.7,0.64,normal,proche_banlieue,standard,1
CMD-003937,2025-08-27 19:46:16.662777,15,2,0,1.95,207.06,16.18,1,33.3,0.32,normal,centre,standard,1
CMD-003938,2025-08-27 21:13:39.136522,14,2,0,7.3,197.94,8.12,1,5.0,0.69,pluie,banlieue,standard,1
CMD-003939,2025-08-27 22:41:01.610268,18,2,0,8.01,160.83,0.55,1,37.0,0.53,normal,centre,standard,0
CMD-003940,2025-08-28 00:08:24.084014,15,3,0,8.65,114.55,15.86,1,19.4,0.49,normal,banlieue,standard,0
CMD-003941,2025-08-28 01:35:46.557759,15,3,0,7.41,46.88,10.9,1,41.7,0.32,normal,proche_banlieue,premium,1
CMD-003942,2025-08-28 03:03:09.031505,11,3,0,14.89,131.34,3.85,1,37.3,1.0,orage,proche_banlieue,standard,0
CMD-003943,2025-08-28 04:30:31.505250,21,3,0,2.42,48.2,5.54,1,21.7,0.51,orage,rurale,standard,1
CMD-003944,2025-08-28 05:57:53.978996,22,3,0,0.11,155.19,23.43,1,22.8,0.57,normal,banlieue,standard,1
CMD-003945,2025-08-28 07:25:16.452742,9,3,0,0.92,84.39,1.84,1,40.9,0.28,normal,proche_banlieue,standard,1
CMD-003946,2025-08-28 08:52:38.926487,18,3,0,1.93,69.35,19.73,1,37.7,0.74,normal,proche_banlieue,standard,1
CMD-003947,2025-08-28 10:20:01.400233,7,3,0,12.0,115.85,22.57,1,34.7,0.43,neige,proche_banlieue,standard,0
CMD-003948,2025-08-28 11:47:23.873978,12,3,0,4.98,149.37,17.27,1,36.4,0.79,pluie,proche_banlieue,standard,1
CMD-003949,2025-08-28 13:14:46.347724,22,3,0,18.62,98.19,1.72,0,14.1,0.25,normal,rurale,standard,0
CMD-003950,2025-08-28 14:42:08.821470,9,3,0,2.25,241.26,21.18,1,27.1,0.44,orage,centre,premium,1
CMD-003951,2025-08-28 16:09:31.295215,13,3,0,18.36,11.42,16.4,0,17.3,0.8,neige,proche_banlieue,standard,0
CMD-003952,2025-08-28 17:36:53.768961,10,3,0,2.96,229.09,7.07,1,13.9,0.52,normal,banlieue,standard,1
CMD-003953,2025-08-28 19:04:16.242707,18,3,0,5.52,10.16,15.82,0,26.6,0.23,pluie,rurale,premium,1
CMD-003954,2025-08-28 20:31:38.716452,14,3,0,1.16,62.01,3.59,1,20.9,0.83,neige,centre,standard,1
CMD-003955,2025-08-28 21:59:01.190198,16,3,0,16.72,249.12,17.75,1,23.3,0.97,normal,centre,standard,1
CMD-003956,2025-08-28 23:26:23.663943,22,3,0,6.15,184.74,22.59,1,20.0,0.5,neige,banlieue,premium,1
CMD-003957,2025-08-29 00:53:46.137689,15,4,0,25.93,164.68,13.14,1,12.5,0.7,normal,rurale,premium,0
CMD-003958,2025-08-29 02:21:08.611435,18,4,0,14.06,184.26,23.81,1,42.0,0.5,normal,banlieue,standard,0
CMD-003959,2025-08-29 03:48:31.085180,8,4,0,5.41,107.99,11.06,1,26.6,0.64,neige,proche_banlieue,standard,1
CMD-003960,2025-08-29 05:15:53.558926,10,4,0,3.41,198.21,21.47,1,10.6,0.79,neige,centre,standard,1
CMD-003961,2025-08-29 06:43:16.032672,22,4,0,12.38,47.17,19.39,1,26.8,0.71,normal,rurale,standard,1
CMD-003962,2025-08-29 08:10:38.506417,20,4,0,6.67,200.53,2.39,1,40.2,0.45,neige,banlieue,standard,0
CMD-003963,2025-08-29 09:38:00.980163,17,4,0,3.25,235.49,22.83,1,34.6,0.36,pluie,banlieue,standard,1
CMD-003964,2025-08-29 11:05:23.453908,13,4,0,7.05,215.84,22.78,1,19.8,0.64,neige,rurale,standard,1
CMD-003965,2025-08-29 12:32:45.927654,10,4,0,0.74,187.52,8.92,1,20.1,0.73,normal,rurale,standard,1
CMD-003966,2025-08-29 14:00:08.401400,20,4,0,8.78,166.33,19.88,1,15.4,0.66,orage,centre,standard,1
CMD-003967,2025-08-29 15:27:30.875145,19,4,0,10.05,135.06,5.77,1,17.6,0.3,pluie,centre,premium,1
CMD-003968,2025-08-29 16:54:53.348891,10,4,0,2.17,104.85,0.95,1,18.4,0.48,pluie,centre,standard,1
CMD-003969,2025-08-29 18:22:15.822637,16,4,0,15.17,217.76,5.36,1,10.3,0.8,normal,rurale,standard,1
CMD-003970,2025-08-29 19:49:38.296382,16,4,0,13.0,165.39,12.2,1,20.6,0.32,normal,proche_banlieue,standard,1
CMD-003971,2025-08-29 21:17:00.770128,14,4,0,8.19,114.38,1.63,1,28.4,0.91,normal,banlieue,standard,1
CMD-003972,2025-08-29 22:44:23.243873,21,4,0,2.76,198.35,4.17,1,20.9,0.57,normal,proche_banlieue,premium,1
CMD-003973,2025-08-30 00:11:45.717619,8,5,1,10.49,22.98,23.77,1,27.2,0.83,neige,proche_banlieue,standard,1
CMD-003974,2025-08-30 01:39:08.191365,11,5,1,4.75,205.15,12.45,0,41.2,0.47,normal,proche_banlieue,standard,1
CMD-003975,2025-08-30 03:06:30.665110,8,5,1,7.55,204.57,20.61,1,43.4,0.49,normal,rurale,standard,1
CMD-003976,2025-08-30 04:33:53.138856,18,5,1,11.22,64.85,5.32,1,24.3,0.97,normal,proche_banlieue,standard,1
CMD-003977,2025-08-30 06:01:15.612602,17,5,1,1.6,19.04,2.4,1,33.8,0.65,pluie,banlieue,standard,1
CMD-003978,2025-08-30 07:28:38.086347,22,5,1,1.1,181.29,19.56,1,23.3,0.28,normal,centre,standard,1
CMD-003979,2025-08-30 08:56:00.560093,15,5,1,4.37,57.97,8.85,1,20.1,0.97,pluie,proche_banlieue,standard,1
CMD-003980,2025-08-30 10:23:23.033838,9,5,1,23.04,249.05,11.6,0,13.8,0.5,normal,centre,standard,0
CMD-003981,2025-08-30 11:50:45.507584,14,5,1,26.66,12.2,24.8,1,25.9,0.77,normal,centre,standard,0
CMD-003982,2025-08-30 13:18:07.981330,8,5,1,8.63,65.15,8.05,1,35.8,0.3,normal,banlieue,standard,0
CMD-003983,2025-08-30 14:45:30.455075,17,5,1,13.25,20.09,11.93,1,12.3,0.88,normal,centre,standard,0
CMD-003984,2025-08-30 16:12:52.928821,17,5,1,6.35,197.84,15.94,1,22.1,0.97,pluie,proche_banlieue,standard,0
CMD-003985,2025-08-30 17:40:15.402567,20,5,1,7.06,148.89,2.41,1,21.6,0.51,pluie,centre,premium,1
CMD-003986,2025-08-30 19:07:37.876312,12,5,1,5.52,213.62,17.97,1,27.5,0.32,normal,rurale,standard,1
CMD-003987,2025-08-30 20:35:00.350058,11,5,1,14.4,241.03,11.4,1,27.6,0.65,pluie,centre,standard,1
CMD-003988,2025-08-30 22:02:22.823803,8,5,1,18.76,156.43,4.54,1,30.4,0.33,orage,banlieue,premium,1
CMD-003989,2025-08-30 23:29:45.297549,13,5,1,6.93,65.62,10.88,1,44.0,0.55,pluie,rurale,standard,1
CMD-003990,2025-08-31 00:57:07.771295,14,6,1,7.03,32.24,11.62,0,16.3,0.7,pluie,rurale,premium,1
CMD-003991,2025-08-31 02:24:30.245040,19,6,1,5.75,217.9,16.09,1,15.7,0.31,normal,banlieue,standard,1
CMD-003992,2025-08-31 03:51:52.718786,19,6,1,19.09,68.83,23.44,1,27.5,0.96,normal,banlieue,standard,0
CMD-003993,2025-08-31 05:19:15.192532,9,6,1,12.1,224.44,19.17,1,39.5,0.76,normal,proche_banlieue,standard,0
CMD-003994,2025-08-31 06:46:37.666277,11,6,1,2.7,220.79,9.68,1,10.4,0.49,normal,banlieue,standard,1
CMD-003995,2025-08-31 08:14:00.140023,15,6,1,22.57,160.67,24.25,1,28.3,0.53,normal,rurale,standard,0
CMD-003996,2025-08-31 09:41:22.613768,12,6,1,0.4,154.96,19.81,1,23.0,0.88,normal,proche_banlieue,standard,1
CMD-003997,2025-08-31 11:08:45.087514,7,6,1,17.8,238.2,0.89,1,33.5,0.58,normal,banlieue,premium,1
CMD-003998,2025-08-31 12:36:07.561260,20,6,1,13.59,191.44,3.09,1,31.3,0.99,normal,rurale,standard,1
CMD-003999,2025-08-31 14:03:30.035005,18,6,1,6.94,173.99,5.61,1,25.5,0.25,pluie,centre,standard,1
CMD-004000,2025-08-31 15:30:52.508751,15,6,1,6.81,114.58,2.27,1,29.9,0.42,normal,proche_banlieue,standard,1
CMD-004001,2025-08-31 16:58:14.982497,12,6,1,5.99,126.16,12.24,0,18.4,0.61,normal,centre,premium,1
CMD-004002,2025-08-31 18:25:37.456242,20,6,1,2.82,103.34,8.65,0,33.0,0.31,normal,proche_banlieue,premium,1
CMD-004003,2025-08-31 19:52:59.929988,7,6,1,21.38,237.12,24.33,1,38.9,0.48,normal,banlieue,premium,0
CMD-004004,2025-08-31 21:20:22.403733,14,6,1,6.65,163.15,11.92,1,26.0,0.62,normal,proche_banlieue,premium,1
CMD-004005,2025-08-31 22:47:44.877479,19,6,1,2.78,197.29,5.46,1,20.9,0.41,normal,centre,standard,1
CMD-004006,2025-09-01 00:15:07.351225,22,0,0,20.51,18.93,24.27,1,23.5,0.33,normal,banlieue,standard,0
CMD-004007,2025-09-01 01:42:29.824970,11,0,0,9.36,214.58,12.94,0,32.9,0.41,normal,centre,standard,0
CMD-004008,2025-09-01 03:09:52.298716,17,0,0,9.78,110.23,2.01,1,24.6,0.27,normal,proche_banlieue,premium,1
CMD-004009,2025-09-01 04:37:14.772462,10,0,0,23.68,186.92,2.21,1,13.0,0.36,normal,centre,premium,0
CMD-004010,2025-09-01 06:04:37.246207,8,0,0,10.78,19.61,16.95,1,34.5,0.25,orage,rurale,standard,1
CMD-004011,2025-09-01 07:31:59.719953,12,0,0,3.91,224.53,12.47,1,15.2,0.96,normal,proche_banlieue,standard,1
CMD-004012,2025-09-01 08:59:22.193698,21,0,0,10.77,168.36,15.68,1,29.2,0.33,normal,banlieue,standard,0
CMD-004013,2025-09-01 10:26:44.667444,18,0,0,3.07,119.8,21.27,1,6.3,0.2,normal,proche_banlieue,standard,0
CMD-004014,2025-09-01 11:54:07.141190,14,0,0,4.58,82.85,17.1,1,26.1,0.97,neige,proche_banlieue,standard,1
CMD-004015,2025-09-01 13:21:29.614935,11,0,0,8.42,84.65,21.57,1,24.3,0.81,normal,centre,premium,1
CMD-004016,2025-09-01 14:48:52.088681,9,0,0,13.11,82.82,18.62,1,5.3,0.41,normal,proche_banlieue,standard,1
CMD-004017,2025-09-01 16:16:14.562427,11,0,0,4.11,41.45,16.93,1,28.3,0.9,normal,rurale,standard,1
CMD-004018,2025-09-01 17:43:37.036172,9,0,0,5.85,121.31,3.54,1,14.0,0.9,neige,banlieue,standard,1
CMD-004019,2025-09-01 19:10:59.509918,9,0,0,5.8,118.84,12.17,1,25.8,0.79,normal,centre,standard,1
CMD-004020,2025-09-01 20:38:21.983663,18,0,0,14.73,108.86,10.94,1,20.9,0.67,normal,proche_banlieue,standard,1
CMD-004021,2025-09-01 22:05:44.457409,9,0,0,6.8,178.74,13.61,1,10.2,0.67,normal,proche_banlieue,standard,1
CMD-004022,2025-09-01 23:33:06.931155,7,0,0,22.37,110.76,9.9,1,14.5,0.98,pluie,banlieue,premium,0
CMD-004023,2025-09-02 01:00:29.404900,15,1,0,4.58,31.36,15.59,1,15.3,0.57,normal,banlieue,premium,1
CMD-004024,2025-09-02 02:27:51.878646,11,1,0,4.27,214.49,9.93,1,34.8,0.85,normal,proche_banlieue,standard,1
CMD-004025,2025-09-02 03:55:14.352392,14,1,0,17.58,112.02,14.03,1,33.4,0.29,normal,rurale,standard,0
CMD-004026,2025-09-02 05:22:36.826137,9,1,0,10.14,167.27,9.99,1,46.9,0.76,normal,banlieue,premium,1
CMD-004027,2025-09-02 06:49:59.299883,10,1,0,17.14,233.18,22.56,1,19.9,0.99,normal,proche_banlieue,standard,0
CMD-004028,2025-09-02 08:17:21.773628,14,1,0,2.09,194.18,9.46,1,19.6,0.21,neige,proche_banlieue,standard,1
CMD-004029,2025-09-02 09:44:44.247374,18,1,0,6.68,139.31,18.33,1,26.3,0.41,normal,rurale,standard,1
CMD-004030,2025-09-02 11:12:06.721120,13,1,0,8.41,140.81,15.42,0,21.4,0.83,normal,centre,standard,0
CMD-004031,2025-09-02 12:39:29.194865,15,1,0,7.97,213.89,9.76,1,19.2,0.79,normal,centre,premium,1
CMD-004032,2025-09-02 14:06:51.668611,15,1,0,5.93,207.67,20.23,1,25.5,0.79,normal,banlieue,standard,1
CMD-004033,2025-09-02 15:34:14.142357,11,1,0,7.85,52.88,23.2,1,32.0,0.99,normal,proche_banlieue,standard,1
CMD-004034,2025-09-02 17:01:36.616102,11,1,0,8.17,160.36,19.06,1,5.0,0.28,normal,centre,standard,1
CMD-004035,2025-09-02 18:28:59.089848,13,1,0,4.16,217.77,23.72,1,19.3,0.74,pluie,banlieue,standard,1
CMD-004036,2025-09-02 19:56:21.563593,7,1,0,14.32,202.79,11.02,1,11.0,0.71,orage,centre,standard,1
CMD-004037,2025-09-02 21:23:44.037339,17,1,0,20.67,39.93,22.86,1,23.5,0.36,normal,banlieue,standard,0
CMD-004038,2025-09-02 22:51:06.511085,16,1,0,11.44,114.57,21.93,1,29.3,0.37,pluie,proche_banlieue,standard,1
CMD-004039,2025-09-03 00:18:28.984830,11,2,0,9.14,134.38,19.11,1,36.2,0.72,neige,banlieue,standard,1
CMD-004040,2025-09-03 01:45:51.458576,12,2,0,6.35,71.87,20.91,1,20.7,0.72,normal,banlieue,standard,1
CMD-004041,2025-09-03 03:13:13.932322,12,2,0,8.36,173.08,18.31,1,26.1,0.68,pluie,centre,standard,1
CMD-004042,2025-09-03 04:40:36.406067,17,2,0,9.0,124.29,12.91,0,8.2,0.57,normal,banlieue,standard,0
CMD-004043,2025-09-03 06:07:58.879813,19,2,0,2.83,81.4,13.9,1,16.4,0.75,normal,banlieue,premium,1
CMD-004044,2025-09-03 07:35:21.353558,8,2,0,13.83,90.85,10.56,1,27.1,0.46,normal,rurale,standard,1
CMD-004045,2025-09-03 09:02:43.827304,13,2,0,4.84,215.6,16.67,1,11.4,0.39,normal,centre,standard,1
CMD-004046,2025-09-03 10:30:06.301050,7,2,0,18.23,217.89,8.25,1,37.4,0.68,normal,banlieue,standard,0
CMD-004047,2025-09-03 11:57:28.774795,14,2,0,7.66,204.97,18.54,1,30.2,0.69,normal,rurale,standard,1
CMD-004048,2025-09-03 13:24:51.248541,10,2,0,14.0,229.33,12.73,1,16.0,0.85,normal,banlieue,standard,1
CMD-004049,2025-09-03 14:52:13.722287,12,2,0,11.32,238.55,8.96,1,10.2,0.53,normal,rurale,standard,1
CMD-004050,2025-09-03 16:19:36.196032,14,2,0,2.12,128.04,3.85,1,17.8,0.81,normal,proche_banlieue,standard,1
CMD-004051,2025-09-03 17:46:58.669778,12,2,0,17.13,33.21,6.54,1,16.0,0.93,normal,banlieue,standard,1
CMD-004052,2025-09-03 19:14:21.143523,13,2,0,3.57,202.02,16.08,0,12.8,0.54,pluie,proche_banlieue,standard,1
CMD-004053,2025-09-03 20:41:43.617269,19,2,0,4.57,162.02,9.37,1,10.9,0.63,orage,proche_banlieue,standard,1
CMD-004054,2025-09-03 22:09:06.091015,19,2,0,4.92,101.32,1.02,0,22.7,0.93,normal,banlieue,standard,1
CMD-004055,2025-09-03 23:36:28.564760,7,2,0,1.4,244.13,8.38,1,32.3,0.44,orage,proche_banlieue,standard,1
CMD-004056,2025-09-04 01:03:51.038506,13,3,0,7.93,91.28,9.29,1,17.9,0.78,orage,rurale,premium,1
CMD-004057,2025-09-04 02:31:13.512252,20,3,0,14.61,227.83,6.01,1,29.4,0.66,normal,banlieue,standard,1
CMD-004058,2025-09-04 03:58:35.985997,15,3,0,17.92,152.22,7.3,0,21.7,0.53,neige,rurale,standard,0
CMD-004059,2025-09-04 05:25:58.459743,10,3,0,5.93,18.79,17.68,1,31.1,0.89,pluie,banlieue,standard,1
CMD-004060,2025-09-04 06:53:20.933488,16,3,0,6.76,216.48,18.71,1,17.1,0.33,pluie,banlieue,standard,1
CMD-004061,2025-09-04 08:20:43.407234,9,3,0,11.88,192.93,23.98,1,27.8,0.23,normal,proche_banlieue,standard,1
CMD-004062,2025-09-04 09:48:05.880980,7,3,0,6.06,164.2,3.13,1,26.2,0.37,pluie,banlieue,standard,1
CMD-004063,2025-09-04 11:15:28.354725,17,3,0,15.53,157.5,7.93,1,38.6,0.9,normal,proche_banlieue,standard,1
CMD-004064,2025-09-04 12:42:50.828471,15,3,0,6.5,62.52,2.11,1,30.6,0.47,pluie,proche_banlieue,standard,1
CMD-004065,2025-09-04 14:10:13.302217,19,3,0,3.15,61.48,15.41,0,27.6,0.75,normal,centre,standard,1
CMD-004066,2025-09-04 15:37:35.775962,12,3,0,8.08,17.0,0.61,1,10.3,0.38,pluie,banlieue,standard,1
CMD-004067,2025-09-04 17:04:58.249708,20,3,0,1.71,46.99,5.29,0,19.7,0.59,neige,proche_banlieue,premium,1
CMD-004068,2025-09-04 18:32:20.723453,13,3,0,8.0,90.76,14.76,1,17.0,0.62,normal,rurale,standard,1
CMD-004069,2025-09-04 19:59:43.197199,18,3,0,9.17,139.77,9.1,1,16.8,0.4,normal,rurale,standard,1
CMD-004070,2025-09-04 21:27:05.670945,8,3,0,3.59,41.39,13.7,1,25.2,0.51,normal,banlieue,standard,1
CMD-004071,2025-09-04 22:54:28.144690,8,3,0,8.9,143.82,16.08,1,27.4,0.41,normal,centre,standard,1
CMD-004072,2025-09-05 00:21:50.618436,19,4,0,5.49,73.2,21.01,1,27.8,0.28,orage,banlieue,standard,1
CMD-004073,2025-09-05 01:49:13.092182,20,4,0,3.45,70.95,9.94,1,37.6,0.55,pluie,banlieue,standard,1
CMD-004074,2025-09-05 03:16:35.565927,22,4,0,1.46,237.51,7.12,1,29.8,0.65,pluie,proche_banlieue,standard,1
CMD-004075,2025-09-05 04:43:58.039673,12,4,0,1.91,248.16,13.56,1,12.7,0.27,pluie,proche_banlieue,standard,1
CMD-004076,2025-09-05 06:11:20.513418,7,4,0,19.49,204.75,1.93,1,27.0,0.49,normal,rurale,premium,1
CMD-004077,2025-09-05 07:38:42.987164,22,4,0,5.31,23.05,1.24,1,30.8,0.57,normal,centre,standard,1
CMD-004078,2025-09-05 09:06:05.460910,16,4,0,9.0,184.87,11.42,1,37.6,0.95,normal,proche_banlieue,standard,1
CMD-004079,2025-09-05 10:33:27.934655,10,4,0,5.89,52.82,5.61,0,23.5,0.69,normal,rurale,premium,1
CMD-004080,2025-09-05 12:00:50.408401,19,4,0,19.82,146.61,0.38,1,23.6,0.95,pluie,proche_banlieue,standard,0
CMD-004081,2025-09-05 13:28:12.882147,21,4,0,3.47,224.49,17.05,0,35.8,0.62,neige,rurale,premium,1
CMD-004082,2025-09-05 14:55:35.355892,11,4,0,7.21,101.25,20.44,0,26.8,0.84,normal,proche_banlieue,standard,1
CMD-004083,2025-09-05 16:22:57.829638,19,4,0,4.55,232.92,3.87,0,9.0,0.28,normal,proche_banlieue,standard,1
CMD-004084,2025-09-05 17:50:20.303383,19,4,0,13.89,180.01,14.18,1,6.9,0.65,normal,rurale,standard,1
CMD-004085,2025-09-05 19:17:42.777129,15,4,0,8.93,82.24,24.6,1,43.4,0.48,pluie,centre,standard,0
CMD-004086,2025-09-05 20:45:05.250875,17,4,0,7.01,32.78,6.87,1,7.9,0.78,normal,proche_banlieue,standard,1
CMD-004087,2025-09-05 22:12:27.724620,11,4,0,2.18,205.68,18.32,1,23.3,0.9,normal,centre,standard,1
CMD-004088,2025-09-05 23:39:50.198366,21,4,0,25.85,119.93,4.22,1,33.8,0.77,pluie,rurale,standard,0
CMD-004089,2025-09-06 01:07:12.672112,22,5,1,6.03,27.45,23.32,1,7.4,0.27,pluie,centre,standard,1
CMD-004090,2025-09-06 02:34:35.145857,22,5,1,2.97,34.75,0.21,1,14.2,0.7,normal,centre,standard,1
CMD-004091,2025-09-06 04:01:57.619603,18,5,1,1.47,242.07,7.51,1,12.5,0.8,normal,centre,standard,1
CMD-004092,2025-09-06 05:29:20.093348,7,5,1,1.85,68.32,24.42,1,43.0,0.22,normal,banlieue,standard,1
CMD-004093,2025-09-06 06:56:42.567094,12,5,1,6.96,241.98,16.83,0,45.2,0.34,neige,centre,standard,1
CMD-004094,2025-09-06 08:24:05.040840,14,5,1,14.05,173.48,5.45,1,17.7,0.74,neige,proche_banlieue,standard,0
CMD-004095,2025-09-06 09:51:27.514585,22,5,1,8.5,82.12,19.83,1,30.8,0.45,normal,proche_banlieue,standard,1
CMD-004096,2025-09-06 11:18:49.988331,15,5,1,1.57,102.09,22.47,1,28.1,0.25,normal,banlieue,standard,1
CMD-004097,2025-09-06 12:46:12.462077,15,5,1,6.95,196.49,12.28,0,22.2,0.91,neige,proche_banlieue,standard,1
CMD-004098,2025-09-06 14:13:34.935822,9,5,1,17.03,114.5,4.07,1,8.7,0.96,normal,banlieue,standard,0
CMD-004099,2025-09-06 15:40:57.409568,19,5,1,5.16,27.94,6.61,1,48.1,0.5,normal,banlieue,standard,1
CMD-004100,2025-09-06 17:08:19.883313,12,5,1,8.52,65.16,23.59,1,6.8,0.99,normal,rurale,premium,1
CMD-004101,2025-09-06 18:35:42.357059,8,5,1,5.35,216.48,4.2,1,27.1,0.89,normal,banlieue,standard,1
CMD-004102,2025-09-06 20:03:04.830805,22,5,1,9.94,177.08,7.94,1,18.5,0.64,neige,banlieue,premium,0
CMD-004103,2025-09-06 21:30:27.304550,10,5,1,3.42,130.24,3.81,1,35.1,0.8,normal,proche_banlieue,standard,1
CMD-004104,2025-09-06 22:57:49.778296,7,5,1,0.07,68.92,2.82,0,33.5,0.95,pluie,rurale,standard,1
CMD-004105,2025-09-07 00:25:12.252042,8,6,1,2.31,123.9,13.15,1,15.2,0.78,pluie,banlieue,standard,1
CMD-004106,2025-09-07 01:52:34.725787,14,6,1,4.64,199.32,10.04,1,17.1,0.47,pluie,proche_banlieue,standard,0
CMD-004107,2025-09-07 03:19:57.199533,8,6,1,6.42,29.57,1.34,1,9.5,0.35,normal,proche_banlieue,standard,1
CMD-004108,2025-09-07 04:47:19.673278,20,6,1,4.8,248.74,3.8,0,26.9,0.55,normal,centre,premium,1
CMD-004109,2025-09-07 06:14:42.147024,15,6,1,4.72,216.34,1.13,1,32.1,0.35,neige,rurale,standard,1
CMD-004110,2025-09-07 07:42:04.620770,12,6,1,14.13,86.31,0.81,0,20.6,0.22,normal,centre,standard,0
CMD-004111,2025-09-07 09:09:27.094515,7,6,1,2.69,218.94,4.63,1,22.6,0.56,normal,proche_banlieue,premium,1
CMD-004112,2025-09-07 10:36:49.568261,14,6,1,6.98,173.61,18.64,1,44.1,0.46,pluie,proche_banlieue,standard,1
CMD-004113,2025-09-07 12:04:12.042007,9,6,1,1.68,169.93,0.57,1,34.4,0.28,pluie,proche_banlieue,standard,1
CMD-004114,2025-09-07 13:31:34.515752,22,6,1,11.44,43.53,7.75,1,38.5,0.9,normal,proche_banlieue,premium,1
CMD-004115,2025-09-07 14:58:56.989498,11,6,1,8.34,227.41,14.21,0,5.0,0.3,normal,proche_banlieue,premium,0
CMD-004116,2025-09-07 16:26:19.463243,14,6,1,25.51,118.08,18.64,1,30.5,0.7,normal,centre,standard,0
CMD-004117,2025-09-07 17:53:41.936989,7,6,1,2.59,202.77,17.01,0,27.5,0.66,normal,centre,premium,1
CMD-004118,2025-09-07 19:21:04.410735,9,6,1,20.46,81.89,24.71,0,12.5,0.98,normal,banlieue,standard,1
CMD-004119,2025-09-07 20:48:26.884480,10,6,1,2.94,83.92,7.04,1,14.6,0.4,orage,banlieue,standard,1
CMD-004120,2025-09-07 22:15:49.358226,7,6,1,5.13,241.53,0.2,1,22.8,0.39,pluie,banlieue,standard,1
CMD-004121,2025-09-07 23:43:11.831971,18,6,1,1.98,129.2,1.15,1,11.6,0.7,pluie,rurale,standard,1
CMD-004122,2025-09-08 01:10:34.305717,22,0,0,25.29,24.37,2.62,1,17.0,0.65,normal,centre,standard,1
CMD-004123,2025-09-08 02:37:56.779463,22,0,0,9.3,210.57,24.39,1,20.4,0.85,pluie,proche_banlieue,standard,1
CMD-004124,2025-09-08 04:05:19.253208,11,0,0,9.37,64.54,14.34,1,30.7,0.34,normal,proche_banlieue,standard,1
CMD-004125,2025-09-08 05:32:41.726954,19,0,0,3.2,220.9,20.02,1,17.9,0.44,pluie,centre,standard,1
CMD-004126,2025-09-08 07:00:04.200700,15,0,0,0.47,229.95,24.63,1,20.5,0.2,normal,rurale,standard,1
CMD-004127,2025-09-08 08:27:26.674445,7,0,0,4.96,27.46,21.14,1,35.2,0.78,normal,centre,standard,1
CMD-004128,2025-09-08 09:54:49.148191,8,0,0,4.21,149.78,10.31,1,7.4,0.46,normal,proche_banlieue,standard,1
CMD-004129,2025-09-08 11:22:11.621936,15,0,0,0.99,245.57,21.92,1,27.3,0.39,normal,centre,standard,1
CMD-004130,2025-09-08 12:49:34.095682,13,0,0,5.23,233.42,10.96,1,28.9,0.68,normal,proche_banlieue,standard,1
CMD-004131,2025-09-08 14:16:56.569428,7,0,0,6.99,136.06,3.03,1,29.2,0.4,pluie,banlieue,standard,1
CMD-004132,2025-09-08 15:44:19.043173,21,0,0,9.77,173.32,13.79,1,20.0,0.25,pluie,banlieue,premium,1
CMD-004133,2025-09-08 17:11:41.516919,18,0,0,0.58,155.02,22.91,1,14.4,0.39,normal,banlieue,standard,1
CMD-004134,2025-09-08 18:39:03.990665,15,0,0,2.11,58.78,19.66,1,40.2,0.88,pluie,centre,standard,1
CMD-004135,2025-09-08 20:06:26.464410,22,0,0,3.3,166.72,10.17,1,16.4,0.68,normal,centre,standard,1
CMD-004136,2025-09-08 21:33:48.938156,22,0,0,14.56,89.95,21.4,1,13.8,0.58,normal,banlieue,premium,1
CMD-004137,2025-09-08 23:01:11.411901,22,0,0,14.37,91.11,11.71,1,25.2,0.59,normal,centre,standard,0
CMD-004138,2025-09-09 00:28:33.885647,11,1,0,8.93,110.8,17.18,1,17.6,1.0,normal,proche_banlieue,standard,1
CMD-004139,2025-09-09 01:55:56.359393,21,1,0,5.16,214.52,8.46,1,35.5,0.23,neige,banlieue,premium,1
CMD-004140,2025-09-09 03:23:18.833138,15,1,0,15.19,67.2,5.03,1,22.3,0.33,normal,proche_banlieue,standard,1
CMD-004141,2025-09-09 04:50:41.306884,18,1,0,8.13,70.19,7.97,1,36.8,0.89,pluie,proche_banlieue,standard,1
CMD-004142,2025-09-09 06:18:03.780630,20,1,0,14.61,11.76,21.9,1,29.5,0.63,pluie,rurale,standard,1
CMD-004143,2025-09-09 07:45:26.254375,9,1,0,9.24,47.2,24.75,1,21.1,1.0,pluie,rurale,standard,1
CMD-004144,2025-09-09 09:12:48.728121,14,1,0,1.17,244.88,6.75,1,36.1,0.75,orage,centre,standard,1
CMD-004145,2025-09-09 10:40:11.201866,9,1,0,0.46,114.13,4.3,1,18.5,0.78,normal,rurale,standard,1
CMD-004146,2025-09-09 12:07:33.675612,11,1,0,4.73,56.84,1.96,1,21.8,0.66,normal,proche_banlieue,premium,1
CMD-004147,2025-09-09 13:34:56.149358,13,1,0,12.45,241.76,18.89,1,30.3,0.21,pluie,banlieue,standard,0
CMD-004148,2025-09-09 15:02:18.623103,20,1,0,4.16,16.51,13.29,0,27.3,0.93,normal,proche_banlieue,standard,1
CMD-004149,2025-09-09 16:29:41.096849,20,1,0,17.25,126.2,13.99,1,18.3,0.62,pluie,rurale,standard,0
CMD-004150,2025-09-09 17:57:03.570595,13,1,0,11.66,203.1,1.32,1,9.6,0.21,pluie,banlieue,standard,1
CMD-004151,2025-09-09 19:24:26.044340,12,1,0,16.21,195.48,2.21,1,24.8,0.37,pluie,proche_banlieue,standard,1
CMD-004152,2025-09-09 20:51:48.518086,15,1,0,4.84,55.41,22.88,1,17.7,0.48,normal,proche_banlieue,standard,1
CMD-004153,2025-09-09 22:19:10.991831,21,1,0,2.78,179.87,14.5,1,25.3,0.43,normal,centre,standard,1
CMD-004154,2025-09-09 23:46:33.465577,22,1,0,2.4,159.35,5.64,1,20.8,0.22,neige,centre,premium,1
CMD-004155,2025-09-10 01:13:55.939323,10,2,0,9.89,172.07,5.35,0,17.8,0.42,normal,proche_banlieue,standard,1
CMD-004156,2025-09-10 02:41:18.413068,9,2,0,1.3,73.87,6.17,1,22.3,0.92,normal,proche_banlieue,standard,1
CMD-004157,2025-09-10 04:08:40.886814,18,2,0,1.4,204.58,1.78,1,24.3,0.67,pluie,banlieue,standard,1
CMD-004158,2025-09-10 05:36:03.360560,11,2,0,3.95,144.22,1.43,1,32.0,0.46,normal,banlieue,premium,1
CMD-004159,2025-09-10 07:03:25.834305,10,2,0,7.9,184.02,18.06,1,29.2,0.27,pluie,centre,standard,1
CMD-004160,2025-09-10 08:30:48.308051,7,2,0,3.35,235.5,6.74,1,45.9,0.8,normal,centre,standard,1
CMD-004161,2025-09-10 09:58:10.781796,13,2,0,14.39,215.32,9.73,1,26.4,0.77,orage,centre,standard,0
CMD-004162,2025-09-10 11:25:33.255542,13,2,0,16.37,197.76,13.53,0,18.3,0.2,normal,proche_banlieue,premium,0
CMD-004163,2025-09-10 12:52:55.729288,16,2,0,0.21,79.52,8.14,1,23.3,0.99,normal,proche_banlieue,standard,1
CMD-004164,2025-09-10 14:20:18.203033,10,2,0,9.37,22.98,12.07,1,30.7,0.41,pluie,centre,standard,1
CMD-004165,2025-09-10 15:47:40.676779,18,2,0,4.18,147.91,21.65,1,35.0,0.41,pluie,centre,standard,1
CMD-004166,2025-09-10 17:15:03.150525,17,2,0,12.85,18.28,6.25,1,38.4,0.44,normal,centre,standard,0
CMD-004167,2025-09-10 18:42:25.624270,14,2,0,9.6,181.41,19.82,1,14.8,0.97,normal,proche_banlieue,standard,1
CMD-004168,2025-09-10 20:09:48.098016,9,2,0,7.62,186.84,6.75,1,37.8,0.87,normal,rurale,standard,1
CMD-004169,2025-09-10 21:37:10.571761,15,2,0,6.02,145.1,4.84,0,24.5,0.71,normal,rurale,standard,1
CMD-004170,2025-09-10 23:04:33.045507,17,2,0,1.41,50.36,2.0,1,15.7,0.6,normal,proche_banlieue,standard,1
CMD-004171,2025-09-11 00:31:55.519253,12,3,0,27.99,220.17,17.17,1,23.0,0.46,normal,proche_banlieue,premium,0
CMD-004172,2025-09-11 01:59:17.992998,11,3,0,2.09,153.02,10.41,1,37.1,0.47,normal,proche_banlieue,standard,1
CMD-004173,2025-09-11 03:26:40.466744,15,3,0,20.61,133.57,19.31,1,29.6,0.46,neige,proche_banlieue,standard,0
CMD-004174,2025-09-11 04:54:02.940490,12,3,0,10.99,146.22,3.49,1,12.9,0.89,pluie,rurale,premium,1
CMD-004175,2025-09-11 06:21:25.414235,13,3,0,4.36,29.89,15.16,1,13.0,0.75,normal,centre,standard,1
CMD-004176,2025-09-11 07:48:47.887981,12,3,0,3.81,187.7,0.52,1,12.7,0.53,pluie,proche_banlieue,standard,1
CMD-004177,2025-09-11 09:16:10.361726,11,3,0,1.34,24.59,6.0,1,17.7,0.99,normal,rurale,standard,1
CMD-004178,2025-09-11 10:43:32.835472,18,3,0,6.87,148.81,15.32,0,25.8,0.34,normal,proche_banlieue,standard,1
CMD-004179,2025-09-11 12:10:55.309218,14,3,0,1.27,50.62,1.59,0,13.7,0.26,normal,proche_banlieue,standard,1
CMD-004180,2025-09-11 13:38:17.782963,14,3,0,14.97,59.85,9.56,1,20.7,0.49,pluie,rurale,standard,0
CMD-004181,2025-09-11 15:05:40.256709,17,3,0,8.21,65.98,14.13,0,39.0,0.99,neige,proche_banlieue,premium,1
CMD-004182,2025-09-11 16:33:02.730455,12,3,0,6.52,13.43,18.24,1,41.2,0.22,normal,rurale,standard,1
CMD-004183,2025-09-11 18:00:25.204200,8,3,0,7.2,224.04,17.7,1,40.5,0.26,normal,centre,premium,1
CMD-004184,2025-09-11 19:27:47.677946,20,3,0,8.46,203.02,3.87,1,7.1,0.47,normal,banlieue,premium,1
CMD-004185,2025-09-11 20:55:10.151691,7,3,0,5.05,17.51,2.06,1,41.7,0.99,orage,centre,standard,1
CMD-004186,2025-09-11 22:22:32.625437,16,3,0,5.63,23.68,9.53,1,25.9,0.47,pluie,proche_banlieue,standard,1
CMD-004187,2025-09-11 23:49:55.099183,11,3,0,22.12,197.89,6.17,1,25.8,0.74,normal,centre,standard,1
CMD-004188,2025-09-12 01:17:17.572928,10,4,0,13.95,11.63,7.78,1,35.3,0.89,neige,banlieue,standard,1
CMD-004189,2025-09-12 02:44:40.046674,7,4,0,10.65,122.56,8.69,1,32.0,0.74,normal,banlieue,standard,1
CMD-004190,2025-09-12 04:12:02.520420,21,4,0,4.36,35.75,10.05,1,6.3,0.27,normal,proche_banlieue,standard,1
CMD-004191,2025-09-12 05:39:24.994165,13,4,0,0.79,151.99,13.06,0,18.9,0.32,normal,rurale,standard,1
CMD-004192,2025-09-12 07:06:47.467911,12,4,0,9.77,249.6,0.43,1,21.3,0.41,normal,rurale,standard,1
CMD-004193,2025-09-12 08:34:09.941656,18,4,0,7.18,51.29,7.59,1,11.7,0.84,normal,banlieue,standard,1
CMD-004194,2025-09-12 10:01:32.415402,7,4,0,5.53,239.6,6.76,1,35.0,0.84,pluie,banlieue,standard,1
CMD-004195,2025-09-12 11:28:54.889148,16,4,0,6.27,217.71,6.06,0,39.4,0.34,pluie,centre,standard,1
CMD-004196,2025-09-12 12:56:17.362893,14,4,0,2.22,246.61,19.76,1,24.9,0.5,neige,proche_banlieue,standard,1
CMD-004197,2025-09-12 14:23:39.836639,15,4,0,2.91,193.89,6.43,1,28.0,0.31,normal,centre,standard,1
CMD-004198,2025-09-12 15:51:02.310385,8,4,0,13.97,215.68,3.94,1,24.9,0.58,normal,proche_banlieue,standard,1
CMD-004199,2025-09-12 17:18:24.784130,22,4,0,0.54,152.7,21.33,1,26.0,0.49,normal,centre,standard,1
CMD-004200,2025-09-12 18:45:47.257876,10,4,0,12.59,218.15,9.7,1,36.2,0.99,normal,proche_banlieue,standard,1
CMD-004201,2025-09-12 20:13:09.731621,17,4,0,17.78,36.76,4.76,0,7.3,0.51,normal,proche_banlieue,premium,0
CMD-004202,2025-09-12 21:40:32.205367,18,4,0,9.62,188.0,18.83,1,29.9,0.24,pluie,centre,premium,1
CMD-004203,2025-09-12 23:07:54.679113,12,4,0,9.27,160.89,16.5,1,25.1,0.62,normal,centre,standard,1
CMD-004204,2025-09-13 00:35:17.152858,9,5,1,2.89,24.36,23.64,0,17.9,0.93,orage,banlieue,standard,1
CMD-004205,2025-09-13 02:02:39.626604,11,5,1,3.32,79.98,21.97,1,20.0,0.5,pluie,centre,standard,1
CMD-004206,2025-09-13 03:30:02.100350,19,5,1,4.68,61.87,17.42,1,43.3,0.85,normal,proche_banlieue,standard,1
CMD-004207,2025-09-13 04:57:24.574095,21,5,1,1.76,107.24,4.19,1,11.7,0.53,normal,banlieue,standard,1
CMD-004208,2025-09-13 06:24:47.047841,21,5,1,3.09,57.6,12.18,1,23.3,0.65,pluie,proche_banlieue,standard,1
CMD-004209,2025-09-13 07:52:09.521586,10,5,1,7.16,75.96,3.15,1,41.3,0.6,normal,centre,standard,1
CMD-004210,2025-09-13 09:19:31.995332,16,5,1,4.44,81.05,13.83,1,12.3,0.9,normal,banlieue,standard,1
CMD-004211,2025-09-13 10:46:54.469078,9,5,1,7.66,153.95,22.94,1,20.4,0.65,normal,banlieue,standard,1
CMD-004212,2025-09-13 12:14:16.942823,18,5,1,13.93,42.37,0.29,0,25.4,0.5,neige,banlieue,standard,0
CMD-004213,2025-09-13 13:41:39.416569,13,5,1,7.61,67.86,21.93,1,29.1,0.81,normal,proche_banlieue,standard,1
CMD-004214,2025-09-13 15:09:01.890315,18,5,1,9.35,86.12,13.58,1,24.2,0.24,normal,banlieue,standard,0
CMD-004215,2025-09-13 16:36:24.364060,17,5,1,1.25,117.78,3.95,1,16.0,0.42,orage,proche_banlieue,standard,1
CMD-004216,2025-09-13 18:03:46.837806,22,5,1,13.76,19.14,21.43,1,29.5,0.43,pluie,proche_banlieue,standard,0
CMD-004217,2025-09-13 19:31:09.311551,14,5,1,1.21,249.81,13.52,1,24.0,0.66,pluie,banlieue,standard,1
CMD-004218,2025-09-13 20:58:31.785297,12,5,1,4.18,82.09,11.31,1,31.3,0.87,neige,centre,premium,1
CMD-004219,2025-09-13 22:25:54.259043,15,5,1,2.33,78.96,12.59,0,34.2,0.64,orage,banlieue,standard,1
CMD-004220,2025-09-13 23:53:16.732788,9,5,1,0.8,143.17,3.85,1,10.1,0.57,pluie,rurale,standard,1
CMD-004221,2025-09-14 01:20:39.206534,8,6,1,7.31,214.97,3.0,0,35.3,0.25,pluie,proche_banlieue,standard,1
CMD-004222,2025-09-14 02:48:01.680280,15,6,1,9.96,119.63,16.61,1,22.5,0.98,normal,centre,standard,1
CMD-004223,2025-09-14 04:15:24.154025,20,6,1,18.09,69.72,22.03,1,33.3,0.44,neige,banlieue,premium,1
CMD-004224,2025-09-14 05:42:46.627771,15,6,1,8.13,145.81,17.42,1,29.9,0.3,neige,rurale,standard,0
CMD-004225,2025-09-14 07:10:09.101516,19,6,1,3.07,125.91,21.05,0,43.5,0.87,normal,centre,standard,1
CMD-004226,2025-09-14 08:37:31.575262,9,6,1,4.35,111.54,21.15,1,25.1,0.91,pluie,banlieue,standard,1
CMD-004227,2025-09-14 10:04:54.049008,14,6,1,0.96,246.13,0.99,1,21.0,0.44,normal,centre,standard,1
CMD-004228,2025-09-14 11:32:16.522753,16,6,1,4.76,249.03,19.32,1,19.9,0.64,normal,banlieue,standard,1
CMD-004229,2025-09-14 12:59:38.996499,12,6,1,6.44,144.87,19.35,1,14.6,0.83,normal,centre,standard,1
CMD-004230,2025-09-14 14:27:01.470245,7,6,1,9.65,26.32,8.88,1,33.1,0.22,pluie,banlieue,standard,1
CMD-004231,2025-09-14 15:54:23.943990,8,6,1,11.62,146.06,10.36,1,14.0,0.99,normal,proche_banlieue,standard,1
CMD-004232,2025-09-14 17:21:46.417736,21,6,1,9.41,238.59,18.69,1,33.0,0.46,normal,proche_banlieue,standard,1
CMD-004233,2025-09-14 18:49:08.891481,16,6,1,2.77,232.17,24.67,1,22.8,0.58,neige,rurale,premium,1
CMD-004234,2025-09-14 20:16:31.365227,11,6,1,2.06,61.72,24.7,1,7.4,0.24,normal,rurale,standard,0
CMD-004235,2025-09-14 21:43:53.838973,11,6,1,11.02,55.63,11.95,1,39.9,0.24,orage,proche_banlieue,standard,1
CMD-004236,2025-09-14 23:11:16.312718,7,6,1,0.76,46.54,19.78,1,5.0,0.29,normal,proche_banlieue,standard,1
CMD-004237,2025-09-15 00:38:38.786464,22,0,0,24.18,206.75,11.76,1,24.2,0.46,neige,banlieue,premium,0
CMD-004238,2025-09-15 02:06:01.260210,8,0,0,3.35,127.61,21.68,1,27.3,0.94,normal,centre,standard,1
CMD-004239,2025-09-15 03:33:23.733955,19,0,0,15.11,91.13,16.31,1,5.0,0.61,normal,proche_banlieue,standard,1
CMD-004240,2025-09-15 05:00:46.207701,10,0,0,3.93,87.95,23.43,1,29.4,0.46,normal,centre,premium,1
CMD-004241,2025-09-15 06:28:08.681446,12,0,0,10.13,76.1,24.93,1,18.3,0.56,normal,centre,standard,0
CMD-004242,2025-09-15 07:55:31.155192,11,0,0,2.13,221.83,8.39,1,22.5,0.41,pluie,banlieue,premium,1
CMD-004243,2025-09-15 09:22:53.628938,20,0,0,6.75,108.32,24.49,1,38.4,0.7,normal,proche_banlieue,standard,1
CMD-004244,2025-09-15 10:50:16.102683,7,0,0,1.05,68.56,17.37,1,26.4,0.61,normal,centre,standard,1
CMD-004245,2025-09-15 12:17:38.576429,12,0,0,8.47,180.5,6.1,1,21.5,0.5,neige,rurale,standard,0
CMD-004246,2025-09-15 13:45:01.050175,11,0,0,2.1,162.51,0.28,1,23.3,0.75,normal,centre,standard,1
CMD-004247,2025-09-15 15:12:23.523920,11,0,0,2.45,181.69,17.16,1,42.8,0.51,normal,centre,standard,1
CMD-004248,2025-09-15 16:39:45.997666,10,0,0,4.55,207.27,5.72,1,29.0,0.85,pluie,proche_banlieue,standard,1
CMD-004249,2025-09-15 18:07:08.471411,21,0,0,5.38,34.3,5.94,1,16.2,0.68,normal,banlieue,standard,1
CMD-004250,2025-09-15 19:34:30.945157,13,0,0,9.66,10.48,13.89,1,20.1,0.36,normal,rurale,standard,1
CMD-004251,2025-09-15 21:01:53.418903,13,0,0,8.95,22.14,0.97,1,13.1,0.33,normal,proche_banlieue,premium,1
CMD-004252,2025-09-15 22:29:15.892648,13,0,0,7.32,179.63,10.53,0,20.5,0.4,normal,banlieue,standard,0
CMD-004253,2025-09-15 23:56:38.366394,22,0,0,12.57,234.28,20.02,1,41.1,0.93,normal,proche_banlieue,standard,1
CMD-004254,2025-09-16 01:24:00.840140,12,1,0,8.77,89.47,0.88,1,23.3,0.86,normal,proche_banlieue,standard,1
CMD-004255,2025-09-16 02:51:23.313885,12,1,0,9.25,197.49,15.67,0,11.6,0.98,normal,proche_banlieue,standard,1
CMD-004256,2025-09-16 04:18:45.787631,12,1,0,2.43,185.0,4.13,1,29.3,0.8,normal,centre,standard,1
CMD-004257,2025-09-16 05:46:08.261376,12,1,0,13.26,244.73,21.6,1,21.1,0.93,normal,banlieue,standard,1
CMD-004258,2025-09-16 07:13:30.735122,8,1,0,12.12,122.99,9.89,1,30.6,0.48,pluie,proche_banlieue,premium,1
CMD-004259,2025-09-16 08:40:53.208868,16,1,0,7.6,49.86,20.34,1,22.6,0.7,neige,proche_banlieue,standard,1
CMD-004260,2025-09-16 10:08:15.682613,7,1,0,11.81,193.66,18.15,1,39.5,0.51,normal,banlieue,standard,1
CMD-004261,2025-09-16 11:35:38.156359,10,1,0,6.35,206.52,21.97,1,15.9,0.89,normal,proche_banlieue,standard,1
CMD-004262,2025-09-16 13:03:00.630105,10,1,0,18.72,179.75,13.02,1,13.3,1.0,normal,banlieue,premium,0
CMD-004263,2025-09-16 14:30:23.103850,11,1,0,7.07,217.16,12.26,0,34.4,0.8,normal,centre,standard,1
CMD-004264,2025-09-16 15:57:45.577596,19,1,0,6.17,99.08,1.13,1,5.0,0.83,normal,centre,standard,1
CMD-004265,2025-09-16 17:25:08.051341,16,1,0,8.82,175.68,13.44,1,23.3,0.9,pluie,proche_banlieue,standard,1
CMD-004266,2025-09-16 18:52:30.525087,22,1,0,21.42,73.32,13.15,1,33.0,0.28,normal,centre,standard,0
CMD-004267,2025-09-16 20:19:52.998833,12,1,0,4.04,117.15,15.24,1,5.0,0.59,neige,centre,standard,1
CMD-004268,2025-09-16 21:47:15.472578,21,1,0,8.39,68.2,3.45,0,25.6,0.79,pluie,centre,standard,0
CMD-004269,2025-09-16 23:14:37.946324,7,1,0,4.31,47.09,13.59,1,10.0,0.68,pluie,banlieue,premium,1
CMD-004270,2025-09-17 00:42:00.420070,15,2,0,6.17,18.63,11.46,1,6.6,0.63,pluie,rurale,standard,1
CMD-004271,2025-09-17 02:09:22.893815,19,2,0,3.06,171.14,14.98,1,14.3,0.51,normal,banlieue,premium,1
CMD-004272,2025-09-17 03:36:45.367561,15,2,0,9.07,220.07,16.58,1,23.2,0.38,normal,banlieue,premium,1
CMD-004273,2025-09-17 05:04:07.841306,21,2,0,6.62,85.46,9.16,1,17.9,0.94,normal,banlieue,standard,1
CMD-004274,2025-09-17 06:31:30.315052,12,2,0,11.63,113.02,12.7,1,36.1,0.79,normal,banlieue,standard,0
CMD-004275,2025-09-17 07:58:52.788798,7,2,0,13.99,10.85,10.0,1,25.8,0.69,normal,proche_banlieue,standard,1
CMD-004276,2025-09-17 09:26:15.262543,19,2,0,15.49,109.09,19.18,1,20.1,0.27,normal,centre,standard,0
CMD-004277,2025-09-17 10:53:37.736289,8,2,0,4.46,77.52,19.95,1,11.9,0.29,pluie,banlieue,standard,1
CMD-004278,2025-09-17 12:21:00.210035,19,2,0,8.83,147.81,7.46,1,27.2,0.55,normal,rurale,standard,1
CMD-004279,2025-09-17 13:48:22.683780,18,2,0,16.19,228.04,6.64,1,45.6,0.3,normal,rurale,standard,1
CMD-004280,2025-09-17 15:15:45.157526,20,2,0,3.04,131.48,17.02,0,18.0,0.32,neige,centre,standard,1
CMD-004281,2025-09-17 16:43:07.631271,14,2,0,7.18,172.13,19.4,1,19.1,0.27,normal,rurale,premium,1
CMD-004282,2025-09-17 18:10:30.105017,21,2,0,3.23,179.32,0.47,1,14.4,0.44,normal,centre,standard,1
CMD-004283,2025-09-17 19:37:52.578763,9,2,0,21.23,46.58,10.8,1,36.8,0.21,normal,proche_banlieue,standard,1
CMD-004284,2025-09-17 21:05:15.052508,13,2,0,16.06,93.18,7.83,1,34.3,0.79,normal,rurale,standard,1
CMD-004285,2025-09-17 22:32:37.526254,8,2,0,9.98,37.15,19.21,1,20.5,0.68,pluie,proche_banlieue,standard,1
CMD-004286,2025-09-18 00:00:00.000000,19,3,0,9.86,115.78,3.76,1,19.0,0.61,neige,banlieue,standard,1
CMD-004287,2025-09-18 01:27:22.473745,18,3,0,3.52,222.95,19.5,0,15.6,0.99,pluie,centre,standard,0
CMD-004288,2025-09-18 02:54:44.947491,19,3,0,17.39,125.42,16.6,1,22.1,0.59,normal,rurale,standard,0
CMD-004289,2025-09-18 04:22:07.421236,19,3,0,5.18,119.48,21.1,1,35.2,0.9,neige,centre,standard,0
CMD-004290,2025-09-18 05:49:29.894982,11,3,0,3.84,60.24,24.76,1,25.4,0.35,pluie,banlieue,premium,1
CMD-004291,2025-09-18 07:16:52.368728,8,3,0,14.52,84.45,12.02,1,37.9,0.41,neige,centre,standard,1
CMD-004292,2025-09-18 08:44:14.842473,21,3,0,4.77,234.78,17.55,1,17.8,0.46,normal,centre,standard,1
CMD-004293,2025-09-18 10:11:37.316219,14,3,0,3.99,82.72,17.81,0,5.0,0.99,normal,centre,standard,1
CMD-004294,2025-09-18 11:38:59.789964,8,3,0,12.11,185.53,21.15,1,51.1,0.93,normal,centre,premium,1
CMD-004295,2025-09-18 13:06:22.263710,21,3,0,2.24,20.11,13.05,0,27.1,0.56,normal,centre,standard,1
CMD-004296,2025-09-18 14:33:44.737456,22,3,0,10.07,40.8,2.87,1,32.8,0.88,neige,centre,standard,1
CMD-004297,2025-09-18 16:01:07.211201,14,3,0,7.25,84.75,24.49,1,17.1,0.39,pluie,rurale,standard,1
CMD-004298,2025-09-18 17:28:29.684947,19,3,0,11.4,226.34,1.61,1,11.4,0.67,pluie,centre,standard,1
CMD-004299,2025-09-18 18:55:52.158693,7,3,0,9.27,62.63,24.07,1,26.5,0.33,normal,banlieue,standard,1
CMD-004300,2025-09-18 20:23:14.632438,8,3,0,30.46,184.42,6.53,1,5.1,0.66,normal,banlieue,premium,0
CMD-004301,2025-09-18 21:50:37.106184,11,3,0,7.77,50.21,12.41,1,22.3,0.38,orage,banlieue,standard,1
CMD-004302,2025-09-18 23:17:59.579929,17,3,0,4.76,157.08,23.78,1,35.2,0.67,normal,proche_banlieue,standard,1
CMD-004303,2025-09-19 00:45:22.053675,9,4,0,6.64,150.84,16.98,1,29.5,0.54,normal,centre,standard,1
CMD-004304,2025-09-19 02:12:44.527421,7,4,0,9.2,159.27,14.72,1,27.5,0.65,normal,centre,standard,1
CMD-004305,2025-09-19 03:40:07.001166,17,4,0,20.43,78.71,8.28,1,42.4,0.33,pluie,centre,standard,1
CMD-004306,2025-09-19 05:07:29.474912,19,4,0,10.54,48.9,7.45,0,28.8,0.61,normal,proche_banlieue,premium,1
CMD-004307,2025-09-19 06:34:51.948658,18,4,0,3.35,222.76,1.01,1,6.0,0.45,normal,proche_banlieue,standard,1
CMD-004308,2025-09-19 08:02:14.422403,19,4,0,59.29,146.67,14.74,1,23.5,0.32,pluie,banlieue,standard,0
CMD-004309,2025-09-19 09:29:36.896149,19,4,0,13.58,60.89,10.87,1,44.3,0.6,pluie,banlieue,standard,1
CMD-004310,2025-09-19 10:56:59.369894,16,4,0,3.18,109.2,5.76,1,21.9,0.31,normal,banlieue,standard,1
CMD-004311,2025-09-19 12:24:21.843640,15,4,0,2.44,26.1,9.73,1,43.6,0.54,normal,centre,standard,1
CMD-004312,2025-09-19 13:51:44.317386,20,4,0,2.02,124.09,23.54,0,35.2,0.46,normal,banlieue,standard,0
CMD-004313,2025-09-19 15:19:06.791131,12,4,0,6.37,111.73,21.24,0,20.9,0.63,normal,centre,standard,1
CMD-004314,2025-09-19 16:46:29.264877,8,4,0,6.59,41.85,10.87,1,14.2,0.59,normal,rurale,premium,0
CMD-004315,2025-09-19 18:13:51.738623,19,4,0,3.77,116.65,24.5,1,28.4,0.31,normal,proche_banlieue,standard,1
CMD-004316,2025-09-19 19:41:14.212368,11,4,0,1.72,163.49,11.66,1,37.7,0.42,neige,banlieue,standard,1
CMD-004317,2025-09-19 21:08:36.686114,22,4,0,2.5,232.84,8.86,0,9.2,0.65,neige,banlieue,standard,1
CMD-004318,2025-09-19 22:35:59.159859,13,4,0,10.7,178.76,9.82,1,26.2,0.87,normal,proche_banlieue,standard,1
CMD-004319,2025-09-20 00:03:21.633605,20,5,1,5.25,130.58,21.89,1,5.0,0.25,normal,proche_banlieue,premium,1
CMD-004320,2025-09-20 01:30:44.107351,7,5,1,2.78,194.81,6.84,0,21.6,0.27,normal,rurale,standard,0
CMD-004321,2025-09-20 02:58:06.581096,17,5,1,7.23,77.18,5.71,1,8.5,0.84,normal,proche_banlieue,standard,1
CMD-004322,2025-09-20 04:25:29.054842,14,5,1,8.31,170.51,24.02,1,30.6,0.47,normal,banlieue,standard,1
CMD-004323,2025-09-20 05:52:51.528588,14,5,1,9.0,11.21,18.41,1,18.1,0.41,normal,proche_banlieue,standard,1
CMD-004324,2025-09-20 07:20:14.002333,11,5,1,7.02,27.41,19.14,1,36.6,0.38,normal,centre,premium,0
CMD-004325,2025-09-20 08:47:36.476079,22,5,1,6.2,159.82,18.56,1,19.6,0.98,normal,proche_banlieue,standard,1
CMD-004326,2025-09-20 10:14:58.949824,13,5,1,15.37,56.21,17.14,1,18.7,0.61,pluie,centre,standard,1
CMD-004327,2025-09-20 11:42:21.423570,20,5,1,2.6,175.3,2.46,1,8.8,0.33,normal,proche_banlieue,standard,1
CMD-004328,2025-09-20 13:09:43.897316,13,5,1,5.57,162.82,18.89,1,28.9,0.52,normal,centre,standard,1
CMD-004329,2025-09-20 14:37:06.371061,7,5,1,0.93,25.28,6.37,1,29.9,0.41,normal,banlieue,standard,1
CMD-004330,2025-09-20 16:04:28.844807,21,5,1,4.99,104.2,3.48,1,34.4,0.33,normal,proche_banlieue,standard,1
CMD-004331,2025-09-20 17:31:51.318553,9,5,1,7.62,157.12,24.58,1,31.6,0.98,normal,centre,premium,1
CMD-004332,2025-09-20 18:59:13.792298,11,5,1,12.03,181.24,0.89,1,29.0,0.56,normal,banlieue,standard,1
CMD-004333,2025-09-20 20:26:36.266044,20,5,1,0.96,205.86,0.98,1,31.0,0.75,normal,rurale,standard,1
CMD-004334,2025-09-20 21:53:58.739789,21,5,1,7.45,89.31,7.89,1,32.0,0.92,normal,centre,standard,0
CMD-004335,2025-09-20 23:21:21.213535,21,5,1,22.5,210.81,21.14,1,34.1,0.36,normal,proche_banlieue,standard,0
CMD-004336,2025-09-21 00:48:43.687281,13,6,1,9.5,95.02,24.45,1,9.7,0.3,normal,rurale,premium,1
CMD-004337,2025-09-21 02:16:06.161026,19,6,1,2.15,11.68,3.14,1,20.4,0.41,pluie,centre,standard,1
CMD-004338,2025-09-21 03:43:28.634772,12,6,1,5.0,156.4,10.01,1,8.8,0.77,pluie,rurale,standard,1
CMD-004339,2025-09-21 05:10:51.108518,18,6,1,9.73,68.0,18.41,1,28.3,0.51,normal,rurale,standard,1
CMD-004340,2025-09-21 06:38:13.582263,15,6,1,3.92,39.85,16.21,1,41.3,0.59,normal,proche_banlieue,standard,1
CMD-004341,2025-09-21 08:05:36.056009,7,6,1,8.12,72.01,5.99,1,34.0,0.22,neige,proche_banlieue,standard,1
CMD-004342,2025-09-21 09:32:58.529754,13,6,1,7.76,208.7,8.36,1,18.9,0.2,normal,rurale,standard,0
CMD-004343,2025-09-21 11:00:21.003500,14,6,1,6.3,229.36,14.94,1,30.1,0.53,normal,centre,standard,1
CMD-004344,2025-09-21 12:27:43.477246,11,6,1,1.93,240.81,1.08,1,28.5,0.32,pluie,proche_banlieue,standard,1
CMD-004345,2025-09-21 13:55:05.950991,12,6,1,3.56,82.68,19.0,1,27.3,0.83,normal,centre,standard,1
CMD-004346,2025-09-21 15:22:28.424737,15,6,1,24.03,119.42,7.03,1,12.0,0.96,normal,banlieue,standard,0
CMD-004347,2025-09-21 16:49:50.898483,7,6,1,4.73,202.61,20.74,1,38.2,0.94,pluie,banlieue,standard,1
CMD-004348,2025-09-21 18:17:13.372228,9,6,1,5.22,86.3,17.15,0,13.2,0.57,normal,rurale,standard,1
CMD-004349,2025-09-21 19:44:35.845974,19,6,1,5.2,102.43,16.21,1,21.3,0.43,normal,centre,standard,1
CMD-004350,2025-09-21 21:11:58.319719,12,6,1,11.82,66.95,19.23,1,34.6,0.59,normal,proche_banlieue,standard,1
CMD-004351,2025-09-21 22:39:20.793465,16,6,1,5.43,147.37,2.06,1,21.3,0.28,neige,banlieue,standard,1
CMD-004352,2025-09-22 00:06:43.267211,16,0,0,6.41,168.22,6.65,1,25.8,0.96,pluie,centre,standard,1
CMD-004353,2025-09-22 01:34:05.740956,15,0,0,7.45,86.43,13.14,1,26.2,0.74,normal,rurale,standard,0
CMD-004354,2025-09-22 03:01:28.214702,13,0,0,12.77,15.82,19.47,1,25.7,0.43,normal,centre,standard,0
CMD-004355,2025-09-22 04:28:50.688448,14,0,0,6.44,186.62,21.26,1,26.2,0.81,normal,centre,premium,1
CMD-004356,2025-09-22 05:56:13.162193,20,0,0,6.99,157.98,9.68,1,27.1,0.4,normal,centre,standard,1
CMD-004357,2025-09-22 07:23:35.635939,22,0,0,4.09,62.56,19.88,0,25.7,0.8,normal,banlieue,standard,1
CMD-004358,2025-09-22 08:50:58.109684,11,0,0,8.26,85.52,5.66,1,16.0,0.52,orage,banlieue,standard,1
CMD-004359,2025-09-22 10:18:20.583430,17,0,0,10.08,239.71,2.24,1,9.5,0.89,pluie,rurale,standard,0
CMD-004360,2025-09-22 11:45:43.057176,22,0,0,10.58,161.25,6.32,1,35.0,0.99,orage,banlieue,standard,1
CMD-004361,2025-09-22 13:13:05.530921,7,0,0,21.59,152.91,22.6,1,35.4,0.46,normal,rurale,standard,0
CMD-004362,2025-09-22 14:40:28.004667,19,0,0,3.34,163.53,13.69,1,28.4,0.64,normal,proche_banlieue,standard,1
CMD-004363,2025-09-22 16:07:50.478413,14,0,0,6.65,239.07,12.14,1,28.3,0.39,orage,rurale,standard,1
CMD-004364,2025-09-22 17:35:12.952158,22,0,0,5.46,91.57,18.63,0,15.8,0.84,neige,rurale,premium,1
CMD-004365,2025-09-22 19:02:35.425904,16,0,0,19.03,77.42,0.45,1,5.0,0.59,normal,proche_banlieue,premium,1
CMD-004366,2025-09-22 20:29:57.899649,20,0,0,10.88,100.42,3.13,1,22.5,0.99,normal,centre,standard,1
CMD-004367,2025-09-22 21:57:20.373395,9,0,0,1.39,202.23,2.67,0,6.0,0.91,pluie,rurale,standard,1
CMD-004368,2025-09-22 23:24:42.847141,9,0,0,3.8,39.03,3.22,1,26.8,0.42,normal,proche_banlieue,standard,1
CMD-004369,2025-09-23 00:52:05.320886,21,1,0,4.95,59.64,11.45,1,38.0,0.3,neige,banlieue,premium,0
CMD-004370,2025-09-23 02:19:27.794632,15,1,0,1.62,64.78,7.16,1,18.8,0.7,pluie,proche_banlieue,standard,1
CMD-004371,2025-09-23 03:46:50.268378,15,1,0,7.04,162.73,19.69,1,19.4,0.45,normal,proche_banlieue,standard,1
CMD-004372,2025-09-23 05:14:12.742123,9,1,0,4.25,163.98,21.01,1,14.9,0.4,normal,proche_banlieue,standard,1
CMD-004373,2025-09-23 06:41:35.215869,10,1,0,22.22,99.25,23.14,1,25.4,0.64,normal,proche_banlieue,standard,0
CMD-004374,2025-09-23 08:08:57.689614,20,1,0,8.21,76.29,5.06,1,24.7,0.63,pluie,proche_banlieue,standard,1
CMD-004375,2025-09-23 09:36:20.163360,11,1,0,4.79,191.12,12.67,1,14.8,0.63,normal,banlieue,standard,1
CMD-004376,2025-09-23 11:03:42.637106,16,1,0,2.76,17.61,1.41,0,34.1,0.44,normal,proche_banlieue,standard,1
CMD-004377,2025-09-23 12:31:05.110851,12,1,0,6.21,187.3,6.15,1,52.0,0.32,normal,proche_banlieue,standard,1
CMD-004378,2025-09-23 13:58:27.584597,11,1,0,17.93,60.47,15.45,1,36.9,0.35,normal,proche_banlieue,premium,1
CMD-004379,2025-09-23 15:25:50.058343,9,1,0,5.51,226.67,10.68,1,23.9,0.78,pluie,proche_banlieue,standard,1
CMD-004380,2025-09-23 16:53:12.532088,21,1,0,6.25,109.29,17.33,1,23.8,0.57,normal,centre,standard,0
CMD-004381,2025-09-23 18:20:35.005834,22,1,0,14.01,164.15,21.01,1,19.9,0.58,normal,banlieue,standard,0
CMD-004382,2025-09-23 19:47:57.479579,8,1,0,8.04,39.03,1.68,1,19.7,0.98,normal,banlieue,standard,1
CMD-004383,2025-09-23 21:15:19.953325,12,1,0,11.65,70.93,23.48,1,34.6,0.93,neige,centre,standard,1
CMD-004384,2025-09-23 22:42:42.427071,16,1,0,8.64,178.15,1.25,1,35.0,0.25,normal,proche_banlieue,standard,1
CMD-004385,2025-09-24 00:10:04.900816,13,2,0,8.29,142.09,24.55,0,13.3,0.84,normal,centre,standard,0
CMD-004386,2025-09-24 01:37:27.374562,18,2,0,1.3,194.91,16.01,1,28.7,0.4,normal,rurale,premium,0
CMD-004387,2025-09-24 03:04:49.848308,11,2,0,2.41,145.22,1.27,1,36.1,0.78,normal,centre,standard,1
CMD-004388,2025-09-24 04:32:12.322053,7,2,0,7.41,146.64,9.96,1,21.5,0.34,pluie,rurale,standard,1
CMD-004389,2025-09-24 05:59:34.795799,12,2,0,3.0,215.98,6.6,1,22.9,0.32,normal,banlieue,premium,1
CMD-004390,2025-09-24 07:26:57.269544,16,2,0,6.22,111.93,20.0,0,32.0,0.95,orage,rurale,standard,1
CMD-004391,2025-09-24 08:54:19.743290,9,2,0,2.2,224.81,5.79,1,32.2,0.65,normal,banlieue,premium,1
CMD-004392,2025-09-24 10:21:42.217036,20,2,0,14.09,99.33,20.69,1,29.3,0.48,normal,banlieue,standard,1
CMD-004393,2025-09-24 11:49:04.690781,7,2,0,3.34,88.86,7.95,1,27.5,0.91,normal,proche_banlieue,standard,1
CMD-004394,2025-09-24 13:16:27.164527,8,2,0,2.75,197.06,24.73,1,28.9,0.43,normal,proche_banlieue,standard,1
CMD-004395,2025-09-24 14:43:49.638273,15,2,0,1.74,12.77,6.91,1,22.2,0.25,normal,centre,premium,1
CMD-004396,2025-09-24 16:11:12.112018,15,2,0,10.5,51.33,17.19,1,13.8,0.52,neige,rurale,standard,1
CMD-004397,2025-09-24 17:38:34.585764,11,2,0,6.21,27.22,20.04,1,9.4,0.77,orage,proche_banlieue,premium,1
CMD-004398,2025-09-24 19:05:57.059509,11,2,0,13.73,132.91,5.57,1,31.0,0.73,normal,proche_banlieue,standard,1
CMD-004399,2025-09-24 20:33:19.533255,8,2,0,4.12,160.74,2.08,1,26.1,0.58,orage,centre,standard,1
CMD-004400,2025-09-24 22:00:42.007001,17,2,0,2.35,12.49,13.87,1,29.6,0.61,normal,proche_banlieue,standard,1
CMD-004401,2025-09-24 23:28:04.480746,13,2,0,5.99,48.75,16.99,0,16.7,0.62,pluie,centre,standard,1
CMD-004402,2025-09-25 00:55:26.954492,8,3,0,15.65,82.61,20.47,1,26.0,0.5,orage,centre,standard,1
CMD-004403,2025-09-25 02:22:49.428238,13,3,0,1.27,80.61,6.96,1,25.8,0.27,orage,proche_banlieue,standard,1
CMD-004404,2025-09-25 03:50:11.901983,21,3,0,7.9,33.31,21.83,1,37.8,0.33,normal,centre,standard,1
CMD-004405,2025-09-25 05:17:34.375729,11,3,0,8.51,51.48,22.91,1,33.5,0.78,normal,banlieue,standard,1
CMD-004406,2025-09-25 06:44:56.849474,21,3,0,17.43,213.29,19.52,1,17.6,0.85,pluie,proche_banlieue,standard,1
CMD-004407,2025-09-25 08:12:19.323220,11,3,0,3.12,178.14,0.39,1,30.0,0.52,normal,proche_banlieue,premium,1
CMD-004408,2025-09-25 09:39:41.796966,9,3,0,1.17,81.06,2.36,1,17.5,0.46,normal,banlieue,standard,1
CMD-004409,2025-09-25 11:07:04.270711,11,3,0,4.47,73.22,24.94,1,5.0,0.69,pluie,banlieue,standard,1
CMD-004410,2025-09-25 12:34:26.744457,12,3,0,11.54,29.25,18.4,0,42.3,0.22,normal,proche_banlieue,standard,0
CMD-004411,2025-09-25 14:01:49.218203,8,3,0,6.53,93.74,15.74,1,21.3,0.66,normal,rurale,standard,1
CMD-004412,2025-09-25 15:29:11.691948,16,3,0,9.17,105.54,22.55,1,35.4,0.58,normal,proche_banlieue,standard,1
CMD-004413,2025-09-25 16:56:34.165694,12,3,0,2.49,227.0,1.18,1,18.4,0.55,normal,banlieue,standard,1
CMD-004414,2025-09-25 18:23:56.639439,18,3,0,5.25,188.35,18.98,1,16.9,0.2,normal,banlieue,standard,1
CMD-004415,2025-09-25 19:51:19.113185,14,3,0,6.71,125.0,16.44,1,19.5,0.95,neige,centre,premium,1
CMD-004416,2025-09-25 21:18:41.586931,14,3,0,1.49,42.37,21.24,1,27.5,0.34,pluie,proche_banlieue,standard,1
CMD-004417,2025-09-25 22:46:04.060676,14,3,0,6.68,167.48,19.49,1,26.8,0.29,normal,centre,standard,0
CMD-004418,2025-09-26 00:13:26.534422,9,4,0,4.86,234.64,12.23,1,30.0,0.51,normal,proche_banlieue,standard,0
CMD-004419,2025-09-26 01:40:49.008168,18,4,0,34.55,28.73,1.96,1,20.0,0.82,normal,centre,premium,0
CMD-004420,2025-09-26 03:08:11.481913,8,4,0,6.32,213.67,22.75,1,25.4,0.81,normal,banlieue,standard,1
CMD-004421,2025-09-26 04:35:33.955659,18,4,0,18.08,53.23,19.13,0,16.6,0.61,normal,centre,standard,0
CMD-004422,2025-09-26 06:02:56.429404,22,4,0,9.12,178.31,9.04,1,39.7,0.64,normal,centre,standard,1
CMD-004423,2025-09-26 07:30:18.903150,19,4,0,5.74,54.13,24.6,1,11.9,0.56,normal,centre,standard,1
CMD-004424,2025-09-26 08:57:41.376896,14,4,0,16.29,154.0,7.92,1,16.8,0.22,normal,banlieue,standard,1
CMD-004425,2025-09-26 10:25:03.850641,12,4,0,2.15,67.03,9.39,1,20.8,0.42,normal,centre,standard,1
CMD-004426,2025-09-26 11:52:26.324387,20,4,0,4.39,140.01,24.37,1,48.9,0.51,orage,banlieue,standard,0
CMD-004427,2025-09-26 13:19:48.798133,11,4,0,12.02,154.04,16.77,1,32.7,0.64,neige,centre,standard,1
CMD-004428,2025-09-26 14:47:11.271878,14,4,0,0.54,158.44,22.0,0,16.5,0.73,normal,centre,standard,1
CMD-004429,2025-09-26 16:14:33.745624,19,4,0,6.16,173.87,22.22,1,33.2,0.99,normal,banlieue,premium,0
CMD-004430,2025-09-26 17:41:56.219369,21,4,0,6.12,26.57,13.5,1,30.2,0.61,normal,banlieue,standard,1
CMD-004431,2025-09-26 19:09:18.693115,21,4,0,7.71,178.81,6.82,1,27.7,0.74,pluie,banlieue,standard,1
CMD-004432,2025-09-26 20:36:41.166861,8,4,0,5.3,47.1,21.22,0,32.0,0.97,pluie,rurale,standard,1
CMD-004433,2025-09-26 22:04:03.640606,21,4,0,11.68,172.49,12.65,1,25.6,0.42,pluie,rurale,standard,1
CMD-004434,2025-09-26 23:31:26.114352,8,4,0,3.27,39.77,14.2,1,26.7,0.56,pluie,banlieue,standard,1
CMD-004435,2025-09-27 00:58:48.588098,16,5,1,12.85,125.06,13.63,0,9.5,0.78,neige,centre,standard,0
CMD-004436,2025-09-27 02:26:11.061843,21,5,1,2.42,102.82,0.44,1,39.4,0.65,normal,centre,premium,1
CMD-004437,2025-09-27 03:53:33.535589,17,5,1,8.17,242.16,1.34,1,20.5,0.91,pluie,rurale,premium,1
CMD-004438,2025-09-27 05:20:56.009334,22,5,1,14.98,161.39,15.49,1,12.6,0.65,normal,proche_banlieue,standard,1
CMD-004439,2025-09-27 06:48:18.483080,12,5,1,3.01,31.17,19.9,1,20.0,0.94,normal,proche_banlieue,standard,1
CMD-004440,2025-09-27 08:15:40.956826,12,5,1,3.71,178.21,11.53,1,20.4,0.32,normal,proche_banlieue,standard,1
CMD-004441,2025-09-27 09:43:03.430571,12,5,1,13.16,56.59,4.92,1,17.0,0.84,normal,banlieue,standard,1
CMD-004442,2025-09-27 11:10:25.904317,12,5,1,7.31,78.68,10.28,1,32.8,0.37,normal,proche_banlieue,standard,1
CMD-004443,2025-09-27 12:37:48.378063,17,5,1,1.19,100.83,19.25,1,34.7,0.24,normal,centre,premium,1
CMD-004444,2025-09-27 14:05:10.851808,14,5,1,7.53,196.29,2.89,0,5.4,0.29,orage,centre,standard,0
CMD-004445,2025-09-27 15:32:33.325554,18,5,1,10.31,236.58,14.09,1,19.9,0.66,normal,proche_banlieue,standard,1
CMD-004446,2025-09-27 16:59:55.799299,13,5,1,13.55,231.84,17.61,1,20.6,0.43,normal,rurale,standard,1
CMD-004447,2025-09-27 18:27:18.273045,11,5,1,8.03,50.96,10.51,1,23.3,0.32,normal,proche_banlieue,standard,1
CMD-004448,2025-09-27 19:54:40.746791,10,5,1,9.35,24.5,15.11,1,42.1,0.7,neige,rurale,standard,1
CMD-004449,2025-09-27 21:22:03.220536,15,5,1,19.31,208.85,22.11,1,16.9,0.59,normal,proche_banlieue,standard,1
CMD-004450,2025-09-27 22:49:25.694282,21,5,1,12.27,79.17,5.48,1,40.6,0.5,normal,rurale,standard,0
CMD-004451,2025-09-28 00:16:48.168028,20,6,1,5.14,149.88,3.55,1,23.5,0.63,normal,rurale,standard,1
CMD-004452,2025-09-28 01:44:10.641773,11,6,1,5.69,244.87,1.71,1,40.7,0.89,pluie,proche_banlieue,standard,0
CMD-004453,2025-09-28 03:11:33.115519,14,6,1,14.56,54.74,18.21,1,21.9,0.78,neige,proche_banlieue,standard,1
CMD-004454,2025-09-28 04:38:55.589264,18,6,1,7.9,99.97,22.53,0,20.7,0.6,normal,banlieue,standard,0
CMD-004455,2025-09-28 06:06:18.063010,16,6,1,7.05,218.22,17.32,1,24.8,0.86,normal,centre,premium,1
CMD-004456,2025-09-28 07:33:40.536756,8,6,1,5.01,166.0,24.42,1,37.9,0.89,normal,centre,standard,1
CMD-004457,2025-09-28 09:01:03.010501,16,6,1,14.18,235.01,17.76,0,26.6,0.5,normal,banlieue,standard,1
CMD-004458,2025-09-28 10:28:25.484247,7,6,1,3.18,161.61,7.35,1,27.1,0.32,neige,rurale,standard,1
CMD-004459,2025-09-28 11:55:47.957992,8,6,1,4.4,82.86,6.54,1,31.4,0.29,normal,proche_banlieue,standard,1
CMD-004460,2025-09-28 13:23:10.431738,17,6,1,14.14,203.23,16.73,1,16.2,0.71,pluie,proche_banlieue,premium,1
CMD-004461,2025-09-28 14:50:32.905484,8,6,1,14.03,192.22,16.96,1,28.4,0.95,normal,rurale,standard,1
CMD-004462,2025-09-28 16:17:55.379229,12,6,1,27.34,234.07,13.19,1,18.7,0.23,normal,centre,standard,0
CMD-004463,2025-09-28 17:45:17.852975,16,6,1,6.18,124.28,13.27,0,39.7,0.6,pluie,rurale,standard,0
CMD-004464,2025-09-28 19:12:40.326721,17,6,1,5.07,130.68,10.53,1,29.2,0.36,pluie,centre,standard,1
CMD-004465,2025-09-28 20:40:02.800466,14,6,1,5.5,87.72,8.88,1,31.9,0.63,normal,centre,standard,1
CMD-004466,2025-09-28 22:07:25.274212,8,6,1,1.36,74.5,15.92,1,5.0,0.89,orage,centre,standard,1
CMD-004467,2025-09-28 23:34:47.747957,19,6,1,0.68,249.17,18.74,1,32.1,0.83,normal,centre,standard,1
CMD-004468,2025-09-29 01:02:10.221703,22,0,0,8.01,244.54,20.37,1,23.2,0.98,neige,centre,standard,1
CMD-004469,2025-09-29 02:29:32.695449,21,0,0,4.76,137.12,7.83,1,10.6,0.59,normal,banlieue,premium,1
CMD-004470,2025-09-29 03:56:55.169194,18,0,0,3.38,239.22,21.47,1,25.9,0.73,normal,centre,standard,1
CMD-004471,2025-09-29 05:24:17.642940,13,0,0,6.97,95.48,7.71,1,9.8,0.92,neige,rurale,standard,1
CMD-004472,2025-09-29 06:51:40.116686,21,0,0,8.15,214.0,7.76,1,31.1,0.76,normal,proche_banlieue,standard,0
CMD-004473,2025-09-29 08:19:02.590431,14,0,0,5.84,162.37,20.19,1,39.3,0.97,normal,proche_banlieue,standard,1
CMD-004474,2025-09-29 09:46:25.064177,9,0,0,5.97,182.1,24.24,0,7.1,0.4,pluie,banlieue,standard,1
CMD-004475,2025-09-29 11:13:47.537922,20,0,0,4.71,182.37,23.32,1,24.7,0.31,normal,centre,standard,1
CMD-004476,2025-09-29 12:41:10.011668,12,0,0,10.87,162.6,2.95,1,23.4,0.32,pluie,banlieue,standard,1
CMD-004477,2025-09-29 14:08:32.485414,22,0,0,4.14,214.56,7.35,1,5.1,0.88,normal,centre,standard,1
CMD-004478,2025-09-29 15:35:54.959159,12,0,0,2.76,104.08,19.05,1,34.2,0.24,normal,banlieue,standard,1
CMD-004479,2025-09-29 17:03:17.432905,20,0,0,4.55,213.81,20.19,1,31.3,0.85,normal,proche_banlieue,standard,1
CMD-004480,2025-09-29 18:30:39.906651,15,0,0,7.74,54.02,12.71,1,45.3,0.57,normal,centre,standard,1
CMD-004481,2025-09-29 19:58:02.380396,14,0,0,11.35,57.99,0.6,1,30.0,0.75,normal,banlieue,premium,1
CMD-004482,2025-09-29 21:25:24.854142,11,0,0,21.88,182.16,12.65,1,16.2,0.8,normal,centre,standard,0
CMD-004483,2025-09-29 22:52:47.327887,20,0,0,7.0,190.03,0.97,1,30.1,0.54,pluie,rurale,standard,1
CMD-004484,2025-09-30 00:20:09.801633,7,1,0,18.24,226.55,7.18,1,37.8,0.32,normal,proche_banlieue,standard,0
CMD-004485,2025-09-30 01:47:32.275379,14,1,0,3.85,75.92,16.49,0,20.4,0.69,normal,proche_banlieue,standard,1
CMD-004486,2025-09-30 03:14:54.749124,12,1,0,3.28,23.46,3.54,1,33.5,0.97,pluie,proche_banlieue,standard,1
CMD-004487,2025-09-30 04:42:17.222870,15,1,0,9.04,131.79,17.87,1,5.0,0.22,normal,proche_banlieue,standard,1
CMD-004488,2025-09-30 06:09:39.696616,11,1,0,10.04,220.08,15.61,1,39.8,0.38,orage,banlieue,standard,1
CMD-004489,2025-09-30 07:37:02.170361,17,1,0,7.54,243.15,10.86,1,33.0,0.9,normal,proche_banlieue,standard,1
CMD-004490,2025-09-30 09:04:24.644107,13,1,0,35.06,215.88,9.43,1,5.0,0.26,neige,banlieue,standard,0
CMD-004491,2025-09-30 10:31:47.117852,10,1,0,4.04,127.59,22.88,1,28.8,0.21,neige,centre,standard,1
CMD-004492,2025-09-30 11:59:09.591598,10,1,0,15.94,217.21,13.92,1,5.1,0.9,normal,rurale,premium,1
CMD-004493,2025-09-30 13:26:32.065344,18,1,0,3.36,61.35,22.24,1,18.9,0.81,normal,proche_banlieue,standard,1
CMD-004494,2025-09-30 14:53:54.539089,11,1,0,10.62,231.08,10.43,1,31.8,0.4,normal,proche_banlieue,standard,1
CMD-004495,2025-09-30 16:21:17.012835,11,1,0,6.77,146.04,14.95,1,23.6,0.97,normal,centre,standard,1
CMD-004496,2025-09-30 17:48:39.486581,17,1,0,7.94,103.45,23.87,1,37.6,0.77,normal,centre,standard,1
CMD-004497,2025-09-30 19:16:01.960326,12,1,0,9.11,149.59,3.28,1,25.6,0.3,normal,proche_banlieue,standard,1
CMD-004498,2025-09-30 20:43:24.434072,13,1,0,6.96,198.16,6.72,1,24.6,0.57,normal,banlieue,standard,1
CMD-004499,2025-09-30 22:10:46.907817,10,1,0,5.95,67.63,22.93,1,36.0,0.89,neige,proche_banlieue,premium,1
CMD-004500,2025-09-30 23:38:09.381563,12,1,0,1.04,34.45,10.67,1,21.6,0.73,normal,centre,standard,1
CMD-004501,2025-10-01 01:05:31.855309,18,2,0,12.62,185.95,6.95,1,24.7,0.67,pluie,proche_banlieue,premium,1
CMD-004502,2025-10-01 02:32:54.329054,15,2,0,2.04,238.59,24.93,0,26.1,0.53,neige,proche_banlieue,standard,1
CMD-004503,2025-10-01 04:00:16.802800,22,2,0,4.81,162.87,2.73,0,24.3,0.4,normal,centre,standard,1
CMD-004504,2025-10-01 05:27:39.276546,19,2,0,8.37,44.22,15.37,1,36.6,0.69,normal,banlieue,standard,0
CMD-004505,2025-10-01 06:55:01.750291,7,2,0,2.43,164.41,19.74,1,18.3,0.32,normal,centre,standard,1
CMD-004506,2025-10-01 08:22:24.224037,13,2,0,5.94,37.99,19.71,1,16.7,0.85,orage,proche_banlieue,standard,1
CMD-004507,2025-10-01 09:49:46.697782,11,2,0,11.63,82.85,11.16,1,14.4,0.37,neige,banlieue,standard,1
CMD-004508,2025-10-01 11:17:09.171528,16,2,0,4.72,17.58,1.29,1,5.0,0.3,normal,centre,premium,1
CMD-004509,2025-10-01 12:44:31.645274,11,2,0,6.02,127.0,21.06,1,39.8,0.26,orage,banlieue,standard,1
CMD-004510,2025-10-01 14:11:54.119019,22,2,0,2.91,87.13,20.11,0,16.0,0.85,normal,centre,standard,1
CMD-004511,2025-10-01 15:39:16.592765,11,2,0,5.19,33.41,6.09,1,22.6,0.57,normal,banlieue,standard,1
CMD-004512,2025-10-01 17:06:39.066511,15,2,0,2.09,84.17,8.65,1,40.6,0.52,normal,centre,standard,1
CMD-004513,2025-10-01 18:34:01.540256,8,2,0,7.65,165.42,12.91,1,23.6,0.62,pluie,centre,standard,1
CMD-004514,2025-10-01 20:01:24.014002,21,2,0,1.63,79.38,3.03,1,30.1,0.67,normal,centre,premium,1
CMD-004515,2025-10-01 21:28:46.487747,21,2,0,3.91,44.34,20.55,0,10.8,0.9,pluie,proche_banlieue,standard,1
CMD-004516,2025-10-01 22:56:08.961493,19,2,0,6.81,140.75,23.07,1,39.0,0.48,normal,centre,standard,1
CMD-004517,2025-10-02 00:23:31.435239,12,3,0,5.63,190.77,7.84,1,23.8,0.35,normal,proche_banlieue,standard,1
CMD-004518,2025-10-02 01:50:53.908984,7,3,0,8.72,209.23,23.12,1,14.8,0.9,orage,banlieue,standard,1
CMD-004519,2025-10-02 03:18:16.382730,18,3,0,6.04,123.3,20.06,1,14.8,0.58,pluie,centre,standard,1
CMD-004520,2025-10-02 04:45:38.856476,13,3,0,1.04,180.66,18.25,1,41.9,0.66,normal,centre,standard,1
CMD-004521,2025-10-02 06:13:01.330221,22,3,0,2.39,210.0,24.24,1,19.1,0.33,pluie,centre,premium,1
CMD-004522,2025-10-02 07:40:23.803967,18,3,0,6.57,171.49,8.25,1,15.0,0.89,normal,banlieue,standard,1
CMD-004523,2025-10-02 09:07:46.277712,15,3,0,13.83,136.55,22.91,1,20.7,0.95,normal,banlieue,premium,1
CMD-004524,2025-10-02 10:35:08.751458,22,3,0,12.17,24.39,2.64,1,25.5,0.56,normal,banlieue,premium,1
CMD-004525,2025-10-02 12:02:31.225204,19,3,0,34.45,79.61,12.05,1,26.5,0.22,orage,banlieue,standard,0
CMD-004526,2025-10-02 13:29:53.698949,14,3,0,4.3,86.76,13.89,1,29.4,0.22,normal,banlieue,standard,1
CMD-004527,2025-10-02 14:57:16.172695,7,3,0,11.36,104.8,3.25,1,27.3,0.44,normal,centre,standard,1
CMD-004528,2025-10-02 16:24:38.646441,8,3,0,10.8,238.21,18.49,1,31.5,0.59,pluie,banlieue,premium,0
CMD-004529,2025-10-02 17:52:01.120186,14,3,0,18.7,60.13,11.98,1,22.3,0.55,normal,centre,standard,0
CMD-004530,2025-10-02 19:19:23.593932,15,3,0,15.39,139.97,11.5,1,45.7,0.66,normal,banlieue,standard,0
CMD-004531,2025-10-02 20:46:46.067677,7,3,0,8.08,247.89,14.62,1,20.1,0.41,normal,banlieue,standard,1
CMD-004532,2025-10-02 22:14:08.541423,9,3,0,10.08,158.51,3.54,1,38.5,0.37,neige,centre,standard,1
CMD-004533,2025-10-02 23:41:31.015169,18,3,0,8.74,60.14,5.16,0,19.0,0.98,normal,proche_banlieue,standard,1
CMD-004534,2025-10-03 01:08:53.488914,19,4,0,6.38,240.45,4.68,1,10.7,0.42,normal,centre,standard,1
CMD-004535,2025-10-03 02:36:15.962660,7,4,0,9.57,90.71,23.81,1,8.3,0.96,normal,banlieue,standard,1
CMD-004536,2025-10-03 04:03:38.436406,15,4,0,7.47,21.49,19.38,1,28.0,0.66,normal,proche_banlieue,standard,1
CMD-004537,2025-10-03 05:31:00.910151,8,4,0,7.24,113.53,13.32,1,36.6,0.26,normal,proche_banlieue,standard,1
CMD-004538,2025-10-03 06:58:23.383897,18,4,0,19.29,67.76,16.55,1,13.5,0.68,normal,proche_banlieue,standard,1
CMD-004539,2025-10-03 08:25:45.857642,20,4,0,8.2,206.53,16.32,1,16.2,0.99,normal,banlieue,standard,0
CMD-004540,2025-10-03 09:53:08.331388,20,4,0,7.0,62.79,6.71,0,28.9,0.87,normal,banlieue,standard,1
CMD-004541,2025-10-03 11:20:30.805134,16,4,0,5.77,206.76,2.35,1,25.0,0.44,normal,banlieue,standard,1
CMD-004542,2025-10-03 12:47:53.278879,17,4,0,5.38,18.68,13.96,1,19.1,0.28,normal,rurale,standard,1
CMD-004543,2025-10-03 14:15:15.752625,21,4,0,2.32,233.0,6.72,0,12.2,0.57,normal,centre,standard,1
CMD-004544,2025-10-03 15:42:38.226371,16,4,0,6.38,20.13,21.86,1,28.1,0.28,pluie,centre,standard,1
CMD-004545,2025-10-03 17:10:00.700116,14,4,0,14.32,235.25,6.05,1,31.5,0.44,normal,banlieue,standard,1
CMD-004546,2025-10-03 18:37:23.173862,19,4,0,4.19,27.69,14.41,1,29.9,0.93,normal,centre,premium,1
CMD-004547,2025-10-03 20:04:45.647607,16,4,0,0.58,219.42,10.62,1,25.3,0.72,normal,banlieue,standard,1
CMD-004548,2025-10-03 21:32:08.121353,20,4,0,9.31,209.52,18.62,0,14.4,0.83,normal,rurale,standard,0
CMD-004549,2025-10-03 22:59:30.595099,15,4,0,7.68,152.66,23.78,1,28.1,0.63,neige,proche_banlieue,standard,1
CMD-004550,2025-10-04 00:26:53.068844,20,5,1,19.06,18.64,10.41,1,27.4,0.33,pluie,centre,standard,0
CMD-004551,2025-10-04 01:54:15.542590,7,5,1,3.81,159.07,1.3,1,11.9,0.32,normal,rurale,premium,1
CMD-004552,2025-10-04 03:21:38.016336,7,5,1,2.07,158.28,16.6,1,22.0,0.81,normal,proche_banlieue,standard,1
CMD-004553,2025-10-04 04:49:00.490081,8,5,1,5.53,143.73,3.4,1,28.7,0.54,normal,centre,standard,1
CMD-004554,2025-10-04 06:16:22.963827,15,5,1,4.86,161.57,2.79,1,24.2,0.6,normal,proche_banlieue,standard,1
CMD-004555,2025-10-04 07:43:45.437572,18,5,1,1.34,242.35,16.61,0,5.4,0.34,normal,centre,standard,1
CMD-004556,2025-10-04 09:11:07.911318,10,5,1,7.05,248.92,2.75,1,18.6,0.49,normal,centre,standard,1
CMD-004557,2025-10-04 10:38:30.385064,9,5,1,4.53,134.92,3.39,1,17.9,0.31,pluie,centre,standard,1
CMD-004558,2025-10-04 12:05:52.858809,20,5,1,16.73,32.03,11.09,1,30.6,0.36,normal,proche_banlieue,premium,1
CMD-004559,2025-10-04 13:33:15.332555,19,5,1,7.14,42.15,11.42,1,51.0,0.91,normal,proche_banlieue,standard,1
CMD-004560,2025-10-04 15:00:37.806301,17,5,1,3.41,182.88,22.86,1,26.3,0.77,normal,banlieue,premium,1
CMD-004561,2025-10-04 16:28:00.280046,14,5,1,6.47,245.67,7.05,1,13.0,0.88,normal,proche_banlieue,standard,1
CMD-004562,2025-10-04 17:55:22.753792,13,5,1,7.58,114.65,10.14,1,23.4,0.9,normal,rurale,standard,1
CMD-004563,2025-10-04 19:22:45.227537,7,5,1,9.96,33.53,17.75,1,25.1,0.67,normal,rurale,premium,0
CMD-004564,2025-10-04 20:50:07.701283,10,5,1,6.72,94.73,20.71,0,32.6,0.44,normal,centre,premium,0
CMD-004565,2025-10-04 22:17:30.175029,21,5,1,24.18,102.4,8.86,0,37.4,0.59,normal,centre,standard,0
CMD-004566,2025-10-04 23:44:52.648774,12,5,1,2.25,249.18,15.85,1,38.9,0.22,neige,banlieue,standard,1
CMD-004567,2025-10-05 01:12:15.122520,18,6,1,4.47,174.78,15.68,1,30.4,0.85,normal,centre,standard,1
CMD-004568,2025-10-05 02:39:37.596266,18,6,1,3.42,38.29,7.72,1,25.0,0.84,normal,proche_banlieue,standard,1
CMD-004569,2025-10-05 04:07:00.070011,11,6,1,5.04,90.9,3.14,1,39.8,0.61,normal,centre,standard,1
CMD-004570,2025-10-05 05:34:22.543757,10,6,1,8.27,21.65,17.13,1,21.5,0.5,normal,proche_banlieue,standard,1
CMD-004571,2025-10-05 07:01:45.017502,18,6,1,7.85,166.73,6.85,1,25.5,0.34,pluie,proche_banlieue,standard,1
CMD-004572,2025-10-05 08:29:07.491248,8,6,1,9.79,171.46,8.09,1,22.6,0.26,pluie,banlieue,standard,1
CMD-004573,2025-10-05 09:56:29.964994,14,6,1,7.1,23.8,14.39,1,5.0,0.46,normal,banlieue,premium,1
CMD-004574,2025-10-05 11:23:52.438739,21,6,1,7.43,90.52,4.19,1,37.7,0.95,normal,proche_banlieue,standard,1
CMD-004575,2025-10-05 12:51:14.912485,18,6,1,7.21,226.68,6.19,0,31.8,0.26,normal,proche_banlieue,premium,0
CMD-004576,2025-10-05 14:18:37.386231,19,6,1,4.66,208.44,11.26,1,5.0,0.96,normal,proche_banlieue,premium,1
CMD-004577,2025-10-05 15:45:59.859976,8,6,1,4.38,147.81,21.99,1,35.0,0.62,orage,centre,standard,1
CMD-004578,2025-10-05 17:13:22.333722,10,6,1,3.36,126.31,19.35,1,22.0,0.55,normal,banlieue,premium,1
CMD-004579,2025-10-05 18:40:44.807467,11,6,1,10.16,248.28,8.08,1,34.9,0.3,neige,proche_banlieue,premium,0
CMD-004580,2025-10-05 20:08:07.281213,11,6,1,0.74,183.33,7.69,0,25.8,0.26,normal,banlieue,standard,1
CMD-004581,2025-10-05 21:35:29.754959,10,6,1,7.31,238.63,24.69,1,11.4,0.64,normal,centre,standard,0
CMD-004582,2025-10-05 23:02:52.228704,22,6,1,11.51,27.18,16.4,1,25.3,0.68,normal,centre,standard,1
CMD-004583,2025-10-06 00:30:14.702450,9,0,0,13.65,60.92,17.2,1,16.0,0.55,neige,proche_banlieue,standard,0
CMD-004584,2025-10-06 01:57:37.176196,18,0,0,0.47,17.47,1.57,1,12.8,0.43,normal,banlieue,premium,1
CMD-004585,2025-10-06 03:24:59.649941,16,0,0,4.78,218.3,2.8,1,33.7,0.21,pluie,proche_banlieue,standard,0
CMD-004586,2025-10-06 04:52:22.123687,16,0,0,3.54,176.62,7.5,0,28.9,0.41,normal,rurale,standard,1
CMD-004587,2025-10-06 06:19:44.597432,10,0,0,4.46,52.64,21.08,1,40.0,0.77,normal,banlieue,premium,1
CMD-004588,2025-10-06 07:47:07.071178,11,0,0,15.63,243.81,22.78,1,21.1,0.68,normal,proche_banlieue,standard,1
CMD-004589,2025-10-06 09:14:29.544924,16,0,0,3.56,239.39,4.94,1,15.4,0.33,normal,banlieue,standard,1
CMD-004590,2025-10-06 10:41:52.018669,11,0,0,11.49,63.9,17.91,0,31.4,0.83,pluie,proche_banlieue,standard,0
CMD-004591,2025-10-06 12:09:14.492415,18,0,0,7.38,165.28,21.88,1,16.7,0.32,normal,proche_banlieue,standard,1
CMD-004592,2025-10-06 13:36:36.966161,7,0,0,4.3,170.34,22.0,1,21.9,0.84,normal,centre,standard,1
CMD-004593,2025-10-06 15:03:59.439906,8,0,0,3.95,10.96,11.58,1,30.3,0.61,normal,banlieue,premium,1
CMD-004594,2025-10-06 16:31:21.913652,18,0,0,7.96,175.31,6.62,1,23.7,0.77,pluie,proche_banlieue,standard,1
CMD-004595,2025-10-06 17:58:44.387397,16,0,0,6.21,63.12,23.92,1,20.1,0.27,normal,banlieue,premium,1
CMD-004596,2025-10-06 19:26:06.861143,7,0,0,1.24,226.32,7.06,1,11.0,0.79,normal,proche_banlieue,standard,1
CMD-004597,2025-10-06 20:53:29.334889,21,0,0,2.86,211.24,6.47,1,34.4,0.78,neige,centre,standard,1
CMD-004598,2025-10-06 22:20:51.808634,7,0,0,8.11,227.27,5.3,1,21.3,0.34,normal,centre,standard,0
CMD-004599,2025-10-06 23:48:14.282380,22,0,0,2.15,191.81,13.41,1,31.2,0.31,neige,centre,standard,1
CMD-004600,2025-10-07 01:15:36.756126,18,1,0,12.64,49.58,2.86,1,29.9,0.8,neige,banlieue,premium,1
CMD-004601,2025-10-07 02:42:59.229871,22,1,0,1.58,96.53,14.35,1,35.9,0.53,normal,centre,standard,1
CMD-004602,2025-10-07 04:10:21.703617,22,1,0,5.3,180.14,23.6,1,22.6,0.72,normal,banlieue,premium,1
CMD-004603,2025-10-07 05:37:44.177362,12,1,0,10.38,87.6,12.72,0,21.5,0.21,pluie,banlieue,standard,0
CMD-004604,2025-10-07 07:05:06.651108,19,1,0,2.66,180.41,24.14,1,13.9,0.35,orage,proche_banlieue,premium,1
CMD-004605,2025-10-07 08:32:29.124854,10,1,0,2.01,90.68,22.66,1,19.6,0.8,normal,proche_banlieue,premium,1
CMD-004606,2025-10-07 09:59:51.598599,14,1,0,9.09,52.66,19.85,1,28.4,0.36,neige,rurale,premium,1
CMD-004607,2025-10-07 11:27:14.072345,10,1,0,11.75,134.36,15.28,1,16.8,0.26,normal,centre,standard,0
CMD-004608,2025-10-07 12:54:36.546091,14,1,0,5.6,174.69,22.04,1,28.2,0.34,normal,proche_banlieue,standard,1
CMD-004609,2025-10-07 14:21:59.019836,20,1,0,4.68,134.13,13.96,1,39.7,0.87,neige,proche_banlieue,standard,1
CMD-004610,2025-10-07 15:49:21.493582,13,1,0,1.52,164.05,5.34,1,20.5,0.48,normal,rurale,standard,1
CMD-004611,2025-10-07 17:16:43.967327,8,1,0,6.89,115.13,23.14,1,11.9,0.62,pluie,rurale,standard,1
CMD-004612,2025-10-07 18:44:06.441073,12,1,0,1.03,196.8,12.65,1,20.9,0.66,normal,banlieue,standard,1
CMD-004613,2025-10-07 20:11:28.914819,19,1,0,15.78,165.99,22.71,1,10.8,0.5,normal,proche_banlieue,standard,1
CMD-004614,2025-10-07 21:38:51.388564,15,1,0,5.82,147.91,9.95,1,38.3,0.27,neige,rurale,standard,1
CMD-004615,2025-10-07 23:06:13.862310,15,1,0,2.92,114.49,8.53,1,25.8,0.41,normal,proche_banlieue,standard,1
CMD-004616,2025-10-08 00:33:36.336056,13,2,0,3.92,138.57,19.2,0,17.7,0.33,pluie,banlieue,standard,1
CMD-004617,2025-10-08 02:00:58.809801,11,2,0,7.29,22.24,15.93,1,19.4,0.93,neige,rurale,standard,1
CMD-004618,2025-10-08 03:28:21.283547,16,2,0,4.48,170.01,11.11,1,13.2,0.79,pluie,centre,standard,1
CMD-004619,2025-10-08 04:55:43.757292,17,2,0,6.42,59.06,21.99,1,35.1,0.86,neige,rurale,premium,1
CMD-004620,2025-10-08 06:23:06.231038,21,2,0,2.55,216.44,13.01,1,43.4,0.85,neige,proche_banlieue,standard,1
CMD-004621,2025-10-08 07:50:28.704784,16,2,0,13.84,204.96,0.52,1,10.1,0.2,normal,rurale,standard,1
CMD-004622,2025-10-08 09:17:51.178529,22,2,0,3.99,136.71,17.39,0,35.4,0.8,normal,proche_banlieue,standard,0
CMD-004623,2025-10-08 10:45:13.652275,20,2,0,0.69,213.31,1.77,0,22.5,0.59,normal,centre,standard,1
CMD-004624,2025-10-08 12:12:36.126021,8,2,0,4.81,170.99,12.13,1,37.7,0.82,pluie,banlieue,standard,1
CMD-004625,2025-10-08 13:39:58.599766,13,2,0,3.49,43.9,4.96,1,6.7,0.97,pluie,centre,standard,1
CMD-004626,2025-10-08 15:07:21.073512,13,2,0,13.22,187.79,6.2,1,27.3,0.49,normal,centre,standard,1
CMD-004627,2025-10-08 16:34:43.547257,7,2,0,2.93,248.99,24.5,1,20.9,0.68,pluie,centre,premium,1
CMD-004628,2025-10-08 18:02:06.021003,9,2,0,4.43,19.83,3.01,1,31.6,0.44,normal,banlieue,standard,1
CMD-004629,2025-10-08 19:29:28.494749,19,2,0,7.45,68.78,18.99,0,25.6,0.92,pluie,rurale,standard,1
CMD-004630,2025-10-08 20:56:50.968494,12,2,0,9.84,153.46,16.01,1,25.2,0.4,normal,proche_banlieue,standard,1
CMD-004631,2025-10-08 22:24:13.442240,9,2,0,16.48,109.65,5.04,1,23.9,0.48,normal,centre,standard,1
CMD-004632,2025-10-08 23:51:35.915985,11,2,0,3.15,163.01,23.4,0,40.6,0.91,pluie,proche_banlieue,standard,0
CMD-004633,2025-10-09 01:18:58.389731,11,3,0,15.27,150.74,5.2,1,23.3,0.28,normal,centre,standard,1
CMD-004634,2025-10-09 02:46:20.863477,9,3,0,12.87,199.12,12.99,1,33.6,0.6,neige,centre,standard,0
CMD-004635,2025-10-09 04:13:43.337222,8,3,0,3.44,27.02,19.8,1,31.3,0.67,pluie,banlieue,standard,1
CMD-004636,2025-10-09 05:41:05.810968,19,3,0,3.1,115.75,19.14,1,33.9,0.66,neige,centre,standard,1
CMD-004637,2025-10-09 07:08:28.284714,20,3,0,8.65,216.41,8.13,1,14.9,0.3,pluie,centre,standard,1
CMD-004638,2025-10-09 08:35:50.758459,14,3,0,6.3,97.06,21.01,1,32.1,0.23,neige,centre,standard,0
CMD-004639,2025-10-09 10:03:13.232205,16,3,0,8.64,130.91,24.06,1,28.4,0.53,normal,rurale,standard,0
CMD-004640,2025-10-09 11:30:35.705950,21,3,0,4.93,15.18,11.96,1,13.1,0.56,normal,proche_banlieue,standard,1
CMD-004641,2025-10-09 12:57:58.179696,20,3,0,6.79,63.8,16.38,1,22.9,0.95,normal,banlieue,standard,1
CMD-004642,2025-10-09 14:25:20.653442,7,3,0,5.85,121.28,9.24,1,47.9,0.8,normal,centre,standard,1
CMD-004643,2025-10-09 15:52:43.127187,22,3,0,8.55,105.75,8.98,1,21.1,0.68,neige,proche_banlieue,standard,1
CMD-004644,2025-10-09 17:20:05.600933,8,3,0,3.0,181.52,11.85,0,21.3,0.37,pluie,banlieue,standard,1
CMD-004645,2025-10-09 18:47:28.074679,7,3,0,7.19,156.85,5.09,0,29.5,0.92,normal,centre,standard,1
CMD-004646,2025-10-09 20:14:50.548424,13,3,0,16.26,221.27,17.3,1,19.6,0.35,pluie,centre,standard,0
CMD-004647,2025-10-09 21:42:13.022170,18,3,0,15.64,215.14,4.31,1,26.4,0.96,normal,proche_banlieue,standard,1
CMD-004648,2025-10-09 23:09:35.495915,8,3,0,7.82,67.89,0.33,0,20.5,0.96,neige,rurale,standard,1
CMD-004649,2025-10-10 00:36:57.969661,11,4,0,2.95,14.23,11.1,1,29.0,0.98,normal,banlieue,standard,1
CMD-004650,2025-10-10 02:04:20.443407,11,4,0,21.58,215.07,2.1,1,24.4,0.43,normal,rurale,premium,1
CMD-004651,2025-10-10 03:31:42.917152,13,4,0,8.55,88.99,14.15,1,44.5,0.31,normal,proche_banlieue,standard,1
CMD-004652,2025-10-10 04:59:05.390898,22,4,0,20.19,93.31,13.11,1,25.5,0.7,neige,proche_banlieue,premium,1
CMD-004653,2025-10-10 06:26:27.864644,12,4,0,8.81,48.01,3.6,1,22.8,0.54,normal,proche_banlieue,standard,1
CMD-004654,2025-10-10 07:53:50.338389,10,4,0,0.4,176.32,6.3,1,35.3,0.51,normal,centre,standard,1
CMD-004655,2025-10-10 09:21:12.812135,8,4,0,21.49,77.23,0.81,1,11.1,0.65,normal,proche_banlieue,standard,1
CMD-004656,2025-10-10 10:48:35.285880,10,4,0,11.64,52.42,14.93,1,41.9,0.75,normal,centre,standard,1
CMD-004657,2025-10-10 12:15:57.759626,9,4,0,6.6,130.81,7.46,1,15.1,0.47,normal,centre,standard,1
CMD-004658,2025-10-10 13:43:20.233372,16,4,0,1.15,190.1,17.88,1,36.9,0.47,normal,rurale,premium,1
CMD-004659,2025-10-10 15:10:42.707117,13,4,0,12.53,74.7,15.82,1,39.6,0.69,normal,rurale,premium,0
CMD-004660,2025-10-10 16:38:05.180863,14,4,0,8.75,183.29,9.46,1,19.7,0.26,normal,banlieue,premium,1
CMD-004661,2025-10-10 18:05:27.654609,20,4,0,25.6,120.87,0.74,1,20.7,0.76,normal,centre,standard,0
CMD-004662,2025-10-10 19:32:50.128354,16,4,0,18.87,106.91,8.14,1,23.9,0.84,normal,centre,standard,1
CMD-004663,2025-10-10 21:00:12.602100,9,4,0,19.8,96.29,8.26,1,31.2,0.9,normal,centre,standard,1
CMD-004664,2025-10-10 22:27:35.075845,13,4,0,7.67,44.94,8.45,1,15.0,0.8,neige,rurale,standard,1
CMD-004665,2025-10-10 23:54:57.549591,12,4,0,7.41,89.83,23.85,0,23.9,0.61,normal,centre,standard,1
CMD-004666,2025-10-11 01:22:20.023337,20,5,1,8.82,221.02,4.28,1,21.9,0.9,normal,centre,standard,1
CMD-004667,2025-10-11 02:49:42.497082,11,5,1,3.77,34.52,6.9,1,13.5,0.59,normal,banlieue,standard,1
CMD-004668,2025-10-11 04:17:04.970828,9,5,1,6.75,239.99,20.84,0,14.5,0.83,neige,proche_banlieue,standard,0
CMD-004669,2025-10-11 05:44:27.444574,18,5,1,5.75,35.8,23.14,0,26.3,0.25,neige,banlieue,standard,0
CMD-004670,2025-10-11 07:11:49.918319,13,5,1,14.97,96.89,11.81,1,26.1,0.77,normal,proche_banlieue,standard,0
CMD-004671,2025-10-11 08:39:12.392065,8,5,1,17.08,155.51,13.59,1,17.4,0.27,normal,proche_banlieue,standard,1
CMD-004672,2025-10-11 10:06:34.865810,18,5,1,10.61,211.08,1.51,1,25.8,0.22,normal,rurale,standard,1
CMD-004673,2025-10-11 11:33:57.339556,10,5,1,3.25,44.46,20.24,1,18.5,0.6,normal,centre,standard,1
CMD-004674,2025-10-11 13:01:19.813302,20,5,1,22.41,43.86,14.95,1,38.1,0.3,normal,centre,standard,0
CMD-004675,2025-10-11 14:28:42.287047,20,5,1,12.49,160.81,12.08,1,24.0,0.46,normal,proche_banlieue,standard,1
CMD-004676,2025-10-11 15:56:04.760793,12,5,1,8.38,80.26,7.7,0,36.0,0.82,normal,proche_banlieue,standard,0
CMD-004677,2025-10-11 17:23:27.234539,15,5,1,9.91,164.68,11.21,1,8.1,0.64,normal,proche_banlieue,standard,1
CMD-004678,2025-10-11 18:50:49.708284,16,5,1,1.84,206.94,18.44,1,28.2,0.79,normal,proche_banlieue,standard,1
CMD-004679,2025-10-11 20:18:12.182030,17,5,1,5.76,28.45,2.2,0,31.0,0.83,normal,proche_banlieue,standard,1
CMD-004680,2025-10-11 21:45:34.655775,8,5,1,15.85,212.68,12.77,1,23.6,0.58,normal,proche_banlieue,standard,0
CMD-004681,2025-10-11 23:12:57.129521,12,5,1,1.75,19.02,1.06,1,19.6,0.99,neige,rurale,standard,1
CMD-004682,2025-10-12 00:40:19.603267,9,6,1,1.69,225.72,19.35,1,23.5,0.36,normal,centre,standard,1
CMD-004683,2025-10-12 02:07:42.077012,18,6,1,12.54,244.15,5.43,1,32.4,0.27,normal,rurale,standard,0
CMD-004684,2025-10-12 03:35:04.550758,8,6,1,9.42,170.19,22.6,1,12.9,0.45,neige,proche_banlieue,standard,1
CMD-004685,2025-10-12 05:02:27.024504,15,6,1,1.77,246.22,12.01,1,32.0,0.81,normal,centre,standard,1
CMD-004686,2025-10-12 06:29:49.498249,18,6,1,5.36,207.28,11.54,1,28.2,0.28,normal,centre,standard,1
CMD-004687,2025-10-12 07:57:11.971995,22,6,1,8.38,20.65,9.14,1,22.4,0.57,normal,proche_banlieue,standard,1
CMD-004688,2025-10-12 09:24:34.445740,11,6,1,7.67,10.91,13.01,1,22.8,0.66,normal,banlieue,standard,1
CMD-004689,2025-10-12 10:51:56.919486,7,6,1,8.87,14.99,8.58,1,25.6,0.85,normal,proche_banlieue,standard,1
CMD-004690,2025-10-12 12:19:19.393232,18,6,1,5.04,118.46,9.13,1,41.6,0.88,pluie,proche_banlieue,standard,0
CMD-004691,2025-10-12 13:46:41.866977,7,6,1,7.96,159.61,5.05,1,28.5,0.39,normal,centre,standard,1
CMD-004692,2025-10-12 15:14:04.340723,8,6,1,10.59,125.55,8.76,1,15.6,0.42,pluie,banlieue,standard,1
CMD-004693,2025-10-12 16:41:26.814469,22,6,1,10.02,172.51,20.33,1,20.6,0.75,normal,rurale,standard,1
CMD-004694,2025-10-12 18:08:49.288214,20,6,1,5.17,117.9,6.29,1,13.6,0.89,normal,proche_banlieue,standard,1
CMD-004695,2025-10-12 19:36:11.761960,18,6,1,11.3,20.22,20.57,1,6.1,0.33,normal,banlieue,premium,1
CMD-004696,2025-10-12 21:03:34.235705,20,6,1,2.93,64.28,21.56,1,13.4,0.78,normal,centre,premium,1
CMD-004697,2025-10-12 22:30:56.709451,8,6,1,3.92,248.23,16.73,1,26.2,0.39,pluie,proche_banlieue,premium,1
CMD-004698,2025-10-12 23:58:19.183197,8,6,1,12.53,93.01,0.96,0,37.7,0.34,pluie,banlieue,standard,0
CMD-004699,2025-10-13 01:25:41.656942,11,0,0,11.13,87.94,14.11,1,35.0,0.47,normal,banlieue,standard,0
CMD-004700,2025-10-13 02:53:04.130688,7,0,0,5.54,46.67,20.86,1,13.4,0.84,neige,proche_banlieue,standard,1
CMD-004701,2025-10-13 04:20:26.604434,21,0,0,3.85,246.91,9.27,1,17.0,0.79,normal,proche_banlieue,premium,1
CMD-004702,2025-10-13 05:47:49.078179,7,0,0,4.3,65.31,7.21,1,15.6,0.58,orage,centre,standard,1
CMD-004703,2025-10-13 07:15:11.551925,15,0,0,10.27,165.24,8.17,1,5.0,0.77,normal,centre,standard,1
CMD-004704,2025-10-13 08:42:34.025670,20,0,0,8.94,20.09,10.69,1,23.3,0.52,pluie,banlieue,standard,0
CMD-004705,2025-10-13 10:09:56.499416,18,0,0,3.65,25.95,1.94,0,33.0,0.37,normal,banlieue,premium,0
CMD-004706,2025-10-13 11:37:18.973162,10,0,0,11.08,182.02,6.09,1,22.5,0.87,normal,centre,standard,1
CMD-004707,2025-10-13 13:04:41.446907,14,0,0,5.35,162.44,16.24,1,12.3,0.24,pluie,rurale,standard,1
CMD-004708,2025-10-13 14:32:03.920653,15,0,0,3.02,173.24,11.92,1,16.5,0.92,normal,rurale,standard,1
CMD-004709,2025-10-13 15:59:26.394399,19,0,0,4.67,65.43,6.33,0,21.7,0.83,normal,centre,standard,1
CMD-004710,2025-10-13 17:26:48.868144,13,0,0,7.14,246.37,23.29,1,32.7,0.78,neige,centre,standard,1
CMD-004711,2025-10-13 18:54:11.341890,11,0,0,10.81,144.01,7.53,1,23.2,0.66,normal,proche_banlieue,standard,1
CMD-004712,2025-10-13 20:21:33.815635,19,0,0,10.33,242.69,3.41,1,31.3,0.85,normal,rurale,premium,1
CMD-004713,2025-10-13 21:48:56.289381,21,0,0,6.17,49.4,5.14,1,24.2,0.22,pluie,proche_banlieue,standard,1
CMD-004714,2025-10-13 23:16:18.763127,14,0,0,7.78,107.22,7.56,1,27.4,0.67,normal,proche_banlieue,premium,1
CMD-004715,2025-10-14 00:43:41.236872,7,1,0,5.77,90.56,13.16,1,15.6,0.41,normal,rurale,premium,1
CMD-004716,2025-10-14 02:11:03.710618,15,1,0,3.65,191.22,1.84,0,18.1,0.71,normal,centre,premium,1
CMD-004717,2025-10-14 03:38:26.184364,21,1,0,6.35,189.42,21.4,1,12.4,0.74,normal,rurale,standard,1
CMD-004718,2025-10-14 05:05:48.658109,22,1,0,1.14,126.77,21.96,0,31.0,0.37,pluie,banlieue,standard,1
CMD-004719,2025-10-14 06:33:11.131855,13,1,0,17.29,13.88,8.1,1,22.1,0.32,normal,proche_banlieue,standard,1
CMD-004720,2025-10-14 08:00:33.605600,9,1,0,7.63,52.05,19.43,1,5.0,0.67,normal,banlieue,standard,1
CMD-004721,2025-10-14 09:27:56.079346,16,1,0,9.19,22.06,15.07,1,29.8,0.95,normal,banlieue,standard,0
CMD-004722,2025-10-14 10:55:18.553092,20,1,0,3.79,213.28,21.17,1,34.7,0.73,normal,proche_banlieue,standard,1
CMD-004723,2025-10-14 12:22:41.026837,22,1,0,7.58,79.55,7.07,1,16.9,0.59,neige,banlieue,standard,1
CMD-004724,2025-10-14 13:50:03.500583,7,1,0,8.53,38.3,15.33,1,29.8,0.95,pluie,proche_banlieue,standard,1
CMD-004725,2025-10-14 15:17:25.974329,11,1,0,5.56,95.0,2.0,1,22.9,0.86,normal,banlieue,standard,1
CMD-004726,2025-10-14 16:44:48.448074,14,1,0,5.79,28.55,0.43,1,5.0,0.79,normal,banlieue,standard,1
CMD-004727,2025-10-14 18:12:10.921820,8,1,0,2.13,244.93,21.89,1,44.5,0.55,neige,rurale,standard,1
CMD-004728,2025-10-14 19:39:33.395565,21,1,0,21.06,85.6,7.5,1,23.0,0.59,normal,banlieue,standard,0
CMD-004729,2025-10-14 21:06:55.869311,8,1,0,3.74,233.94,11.25,1,27.0,0.41,normal,rurale,standard,1
CMD-004730,2025-10-14 22:34:18.343057,17,1,0,4.16,173.85,5.95,1,18.8,0.85,normal,centre,premium,1
CMD-004731,2025-10-15 00:01:40.816802,21,2,0,18.03,145.87,21.94,1,22.0,0.43,normal,centre,standard,0
CMD-004732,2025-10-15 01:29:03.290548,17,2,0,9.5,124.12,9.74,1,26.6,0.76,neige,proche_banlieue,premium,1
CMD-004733,2025-10-15 02:56:25.764294,19,2,0,10.87,174.97,4.64,1,14.6,0.9,neige,centre,standard,1
CMD-004734,2025-10-15 04:23:48.238039,11,2,0,2.0,174.71,15.28,1,41.9,0.64,normal,rurale,standard,1
CMD-004735,2025-10-15 05:51:10.711785,20,2,0,7.52,12.53,5.3,1,33.4,0.33,pluie,centre,premium,1
CMD-004736,2025-10-15 07:18:33.185530,13,2,0,2.02,227.87,6.67,1,30.2,0.22,pluie,proche_banlieue,standard,1
CMD-004737,2025-10-15 08:45:55.659276,7,2,0,3.29,98.31,16.89,0,23.6,0.74,normal,proche_banlieue,premium,1
CMD-004738,2025-10-15 10:13:18.133022,12,2,0,23.06,94.79,23.99,1,17.4,0.38,neige,rurale,standard,0
CMD-004739,2025-10-15 11:40:40.606767,12,2,0,2.79,107.58,18.92,1,35.3,0.23,normal,centre,premium,1
CMD-004740,2025-10-15 13:08:03.080513,15,2,0,10.52,174.47,3.28,1,31.1,0.47,normal,rurale,standard,1
CMD-004741,2025-10-15 14:35:25.554259,11,2,0,3.03,100.24,7.95,0,21.0,0.67,orage,centre,standard,1
CMD-004742,2025-10-15 16:02:48.028004,14,2,0,3.36,99.72,19.95,1,14.2,0.64,pluie,centre,standard,1
CMD-004743,2025-10-15 17:30:10.501750,13,2,0,32.36,25.23,7.02,0,9.2,0.33,normal,centre,standard,0
CMD-004744,2025-10-15 18:57:32.975495,12,2,0,6.2,109.99,18.55,1,25.3,0.68,normal,rurale,premium,1
CMD-004745,2025-10-15 20:24:55.449241,18,2,0,1.86,45.87,11.9,1,22.5,0.53,normal,centre,standard,1
CMD-004746,2025-10-15 21:52:17.922987,11,2,0,10.83,215.34,22.13,1,36.9,0.58,pluie,centre,standard,1
CMD-004747,2025-10-15 23:19:40.396732,19,2,0,15.1,90.28,9.11,1,34.9,0.9,normal,centre,standard,1
CMD-004748,2025-10-16 00:47:02.870478,11,3,0,11.52,240.61,23.38,1,25.4,0.26,normal,proche_banlieue,standard,0
CMD-004749,2025-10-16 02:14:25.344224,20,3,0,5.79,174.29,10.3,0,24.2,0.62,pluie,proche_banlieue,standard,0
CMD-004750,2025-10-16 03:41:47.817969,12,3,0,5.94,191.48,18.21,0,13.5,0.34,pluie,centre,standard,1
CMD-004751,2025-10-16 05:09:10.291715,7,3,0,4.37,237.46,5.04,0,35.6,0.35,normal,proche_banlieue,standard,1
CMD-004752,2025-10-16 06:36:32.765460,9,3,0,2.49,67.34,13.36,1,24.4,0.69,orage,banlieue,standard,1
CMD-004753,2025-10-16 08:03:55.239206,19,3,0,8.42,146.15,7.89,1,31.1,0.74,normal,proche_banlieue,standard,1
CMD-004754,2025-10-16 09:31:17.712952,20,3,0,5.58,19.77,0.52,1,36.8,0.68,pluie,proche_banlieue,standard,1
CMD-004755,2025-10-16 10:58:40.186697,10,3,0,2.05,34.18,11.04,1,19.3,0.94,normal,rurale,standard,0
CMD-004756,2025-10-16 12:26:02.660443,16,3,0,6.31,97.98,4.48,1,16.7,0.84,neige,banlieue,standard,1
CMD-004757,2025-10-16 13:53:25.134189,16,3,0,3.76,173.8,23.97,1,49.7,0.36,neige,banlieue,standard,1
CMD-004758,2025-10-16 15:20:47.607934,9,3,0,8.1,209.61,20.25,1,30.9,0.71,neige,centre,standard,1
CMD-004759,2025-10-16 16:48:10.081680,14,3,0,7.53,71.54,18.54,1,22.2,0.7,normal,proche_banlieue,standard,1
CMD-004760,2025-10-16 18:15:32.555425,18,3,0,4.98,189.78,11.44,1,37.4,0.72,pluie,proche_banlieue,standard,1
CMD-004761,2025-10-16 19:42:55.029171,22,3,0,6.54,63.83,6.63,1,21.9,0.54,normal,proche_banlieue,standard,1
CMD-004762,2025-10-16 21:10:17.502917,20,3,0,6.97,11.45,8.24,1,28.3,0.96,normal,centre,standard,1
CMD-004763,2025-10-16 22:37:39.976662,8,3,0,12.53,23.06,5.27,1,19.3,0.57,neige,proche_banlieue,standard,0
CMD-004764,2025-10-17 00:05:02.450408,10,4,0,6.36,150.53,13.89,1,24.8,0.83,pluie,proche_banlieue,standard,1
CMD-004765,2025-10-17 01:32:24.924154,13,4,0,4.46,129.32,20.32,1,22.3,0.59,normal,proche_banlieue,standard,1
CMD-004766,2025-10-17 02:59:47.397899,9,4,0,5.38,74.9,4.85,1,17.5,0.83,normal,centre,standard,1
CMD-004767,2025-10-17 04:27:09.871645,16,4,0,20.03,11.57,0.31,1,27.4,0.52,normal,centre,premium,0
CMD-004768,2025-10-17 05:54:32.345390,7,4,0,3.12,146.32,3.32,1,18.6,0.2,normal,proche_banlieue,standard,1
CMD-004769,2025-10-17 07:21:54.819136,8,4,0,5.66,206.23,11.63,1,30.8,0.6,normal,proche_banlieue,standard,1
CMD-004770,2025-10-17 08:49:17.292882,7,4,0,5.59,26.45,0.66,1,22.0,0.64,neige,proche_banlieue,standard,1
CMD-004771,2025-10-17 10:16:39.766627,11,4,0,5.77,186.75,10.2,1,7.8,0.29,normal,banlieue,premium,1
CMD-004772,2025-10-17 11:44:02.240373,19,4,0,2.41,162.29,2.96,0,31.2,0.73,normal,proche_banlieue,premium,1
CMD-004773,2025-10-17 13:11:24.714119,9,4,0,5.36,125.05,2.87,1,31.4,0.88,normal,centre,standard,0
CMD-004774,2025-10-17 14:38:47.187864,22,4,0,4.28,21.6,17.87,1,47.5,0.89,normal,centre,premium,1
CMD-004775,2025-10-17 16:06:09.661610,11,4,0,8.08,231.66,24.99,0,25.2,0.5,normal,banlieue,standard,1
CMD-004776,2025-10-17 17:33:32.135355,7,4,0,13.76,124.59,5.02,1,26.8,0.53,pluie,proche_banlieue,standard,1
CMD-004777,2025-10-17 19:00:54.609101,12,4,0,8.53,105.91,5.89,1,29.8,0.89,normal,proche_banlieue,standard,1
CMD-004778,2025-10-17 20:28:17.082847,18,4,0,7.16,216.75,7.55,1,35.2,1.0,normal,centre,standard,1
CMD-004779,2025-10-17 21:55:39.556592,8,4,0,9.13,212.94,19.67,1,34.6,0.24,normal,rurale,standard,1
CMD-004780,2025-10-17 23:23:02.030338,8,4,0,7.65,184.54,12.75,1,28.2,0.25,pluie,proche_banlieue,premium,0
CMD-004781,2025-10-18 00:50:24.504084,20,5,1,6.5,209.05,14.35,1,24.7,0.24,normal,centre,standard,1
CMD-004782,2025-10-18 02:17:46.977829,16,5,1,12.21,39.84,13.75,1,33.4,0.57,normal,banlieue,standard,0
CMD-004783,2025-10-18 03:45:09.451575,12,5,1,5.24,192.62,23.45,1,24.3,0.83,neige,centre,premium,1
CMD-004784,2025-10-18 05:12:31.925320,19,5,1,2.38,88.73,1.06,0,12.1,0.27,normal,centre,standard,1
CMD-004785,2025-10-18 06:39:54.399066,20,5,1,4.16,218.2,4.12,1,10.0,0.75,normal,banlieue,premium,1
CMD-004786,2025-10-18 08:07:16.872812,12,5,1,3.73,98.86,9.68,0,22.1,0.34,neige,rurale,standard,1
CMD-004787,2025-10-18 09:34:39.346557,15,5,1,23.61,23.03,12.3,1,26.2,0.23,normal,proche_banlieue,standard,0
CMD-004788,2025-10-18 11:02:01.820303,7,5,1,14.31,109.45,3.03,1,49.7,0.68,pluie,banlieue,standard,0
CMD-004789,2025-10-18 12:29:24.294049,11,5,1,7.22,191.63,22.35,1,23.8,0.68,normal,proche_banlieue,standard,0
CMD-004790,2025-10-18 13:56:46.767794,16,5,1,3.81,130.22,17.01,1,25.5,0.43,normal,banlieue,premium,1
CMD-004791,2025-10-18 15:24:09.241540,10,5,1,12.12,193.27,23.32,1,21.0,0.46,normal,banlieue,standard,1
CMD-004792,2025-10-18 16:51:31.715285,22,5,1,7.02,18.47,23.53,1,31.2,0.48,normal,banlieue,standard,1
CMD-004793,2025-10-18 18:18:54.189031,22,5,1,5.25,52.52,12.91,1,27.8,0.94,normal,centre,standard,1
CMD-004794,2025-10-18 19:46:16.662777,11,5,1,7.06,145.27,21.35,1,18.6,0.89,normal,centre,standard,1
CMD-004795,2025-10-18 21:13:39.136522,13,5,1,5.36,102.48,18.47,1,14.9,0.62,normal,banlieue,standard,1
CMD-004796,2025-10-18 22:41:01.610268,10,5,1,9.06,173.24,9.14,1,21.0,0.97,normal,proche_banlieue,standard,0
CMD-004797,2025-10-19 00:08:24.084014,15,6,1,2.19,241.01,16.5,1,16.6,0.67,normal,rurale,premium,1
CMD-004798,2025-10-19 01:35:46.557759,8,6,1,9.01,168.37,23.83,1,22.7,0.28,normal,centre,standard,0
CMD-004799,2025-10-19 03:03:09.031505,13,6,1,5.36,110.17,19.15,1,26.4,0.59,normal,rurale,premium,1
CMD-004800,2025-10-19 04:30:31.505250,15,6,1,12.31,140.17,17.79,1,20.0,0.92,neige,centre,standard,1
CMD-004801,2025-10-19 05:57:53.978996,16,6,1,14.53,229.08,5.7,1,39.5,0.73,orage,centre,standard,1
CMD-004802,2025-10-19 07:25:16.452742,16,6,1,16.64,171.52,20.81,0,36.6,0.96,normal,rurale,standard,0
CMD-004803,2025-10-19 08:52:38.926487,10,6,1,24.75,202.76,9.86,1,22.7,0.62,normal,proche_banlieue,standard,1
CMD-004804,2025-10-19 10:20:01.400233,19,6,1,16.26,82.36,15.68,1,15.4,0.93,normal,centre,premium,0
CMD-004805,2025-10-19 11:47:23.873978,18,6,1,12.05,188.64,17.01,0,24.7,0.81,normal,proche_banlieue,premium,1
CMD-004806,2025-10-19 13:14:46.347724,19,6,1,2.48,43.46,12.98,1,23.7,0.86,normal,proche_banlieue,standard,1
CMD-004807,2025-10-19 14:42:08.821470,14,6,1,0.6,189.95,4.31,1,24.4,0.99,neige,rurale,premium,1
CMD-004808,2025-10-19 16:09:31.295215,21,6,1,13.17,221.57,17.5,1,21.0,0.44,neige,banlieue,premium,0
CMD-004809,2025-10-19 17:36:53.768961,13,6,1,3.28,226.06,6.33,1,14.5,0.7,normal,banlieue,standard,1
CMD-004810,2025-10-19 19:04:16.242707,19,6,1,36.03,37.98,6.78,1,25.3,0.41,normal,proche_banlieue,standard,0
CMD-004811,2025-10-19 20:31:38.716452,10,6,1,1.65,209.17,3.34,0,21.5,0.88,normal,centre,standard,1
CMD-004812,2025-10-19 21:59:01.190198,10,6,1,11.7,36.38,15.57,1,22.4,0.67,normal,banlieue,standard,1
CMD-004813,2025-10-19 23:26:23.663943,15,6,1,7.63,124.82,3.11,1,25.9,0.34,pluie,centre,premium,1
CMD-004814,2025-10-20 00:53:46.137689,15,0,0,1.85,173.81,8.76,1,24.3,0.54,normal,centre,standard,1
CMD-004815,2025-10-20 02:21:08.611435,18,0,0,7.6,126.22,22.26,1,25.7,0.35,normal,proche_banlieue,premium,1
CMD-004816,2025-10-20 03:48:31.085180,11,0,0,3.64,91.58,11.44,0,21.0,0.57,pluie,banlieue,standard,0
CMD-004817,2025-10-20 05:15:53.558926,20,0,0,6.21,174.12,22.38,0,28.6,0.26,normal,proche_banlieue,premium,0
CMD-004818,2025-10-20 06:43:16.032672,12,0,0,6.28,168.61,12.42,1,17.8,0.97,pluie,proche_banlieue,standard,1
CMD-004819,2025-10-20 08:10:38.506417,15,0,0,3.68,149.89,4.64,1,14.1,0.68,normal,rurale,standard,1
CMD-004820,2025-10-20 09:38:00.980163,21,0,0,5.0,136.82,19.02,1,16.1,0.99,normal,centre,standard,1
CMD-004821,2025-10-20 11:05:23.453908,15,0,0,3.39,179.38,8.97,1,18.2,0.34,normal,centre,standard,1
CMD-004822,2025-10-20 12:32:45.927654,17,0,0,1.19,106.73,24.17,1,12.1,0.51,pluie,centre,standard,1
CMD-004823,2025-10-20 14:00:08.401400,21,0,0,7.14,26.5,6.7,1,8.1,0.94,normal,proche_banlieue,standard,1
CMD-004824,2025-10-20 15:27:30.875145,22,0,0,16.21,138.99,20.59,1,30.0,0.75,normal,banlieue,standard,1
CMD-004825,2025-10-20 16:54:53.348891,14,0,0,3.56,183.63,12.45,1,37.7,0.26,normal,proche_banlieue,standard,1
CMD-004826,2025-10-20 18:22:15.822637,13,0,0,21.71,81.8,21.08,1,30.6,0.91,neige,proche_banlieue,standard,1
CMD-004827,2025-10-20 19:49:38.296382,10,0,0,24.68,43.78,4.74,0,20.2,0.35,normal,proche_banlieue,standard,0
CMD-004828,2025-10-20 21:17:00.770128,15,0,0,4.67,228.84,15.91,1,7.8,0.41,neige,proche_banlieue,standard,1
CMD-004829,2025-10-20 22:44:23.243873,21,0,0,5.58,217.3,3.01,1,26.9,0.79,neige,centre,standard,1
CMD-004830,2025-10-21 00:11:45.717619,14,1,0,4.74,158.42,20.18,1,8.9,0.77,normal,centre,standard,1
CMD-004831,2025-10-21 01:39:08.191365,12,1,0,2.52,198.79,6.04,1,24.1,0.73,neige,centre,standard,1
CMD-004832,2025-10-21 03:06:30.665110,8,1,0,5.6,242.51,10.8,1,17.0,0.2,normal,centre,standard,1
CMD-004833,2025-10-21 04:33:53.138856,13,1,0,5.12,146.62,16.47,1,5.0,0.4,pluie,centre,premium,1
CMD-004834,2025-10-21 06:01:15.612602,10,1,0,7.05,68.6,12.06,1,39.8,0.48,normal,centre,standard,1
CMD-004835,2025-10-21 07:28:38.086347,22,1,0,7.34,163.31,19.52,1,12.4,0.52,normal,banlieue,premium,1
CMD-004836,2025-10-21 08:56:00.560093,15,1,0,2.34,229.5,17.27,0,21.4,0.26,pluie,proche_banlieue,standard,0
CMD-004837,2025-10-21 10:23:23.033838,9,1,0,10.13,175.64,3.43,1,23.7,0.74,normal,centre,standard,1
CMD-004838,2025-10-21 11:50:45.507584,8,1,0,5.55,16.3,19.38,1,20.3,0.91,normal,centre,standard,1
CMD-004839,2025-10-21 13:18:07.981330,20,1,0,2.78,230.11,10.7,1,29.6,0.99,normal,centre,standard,1
CMD-004840,2025-10-21 14:45:30.455075,21,1,0,5.45,190.88,15.02,1,17.6,0.84,normal,banlieue,standard,1
CMD-004841,2025-10-21 16:12:52.928821,19,1,0,7.55,106.44,5.57,1,28.8,0.36,normal,proche_banlieue,standard,1
CMD-004842,2025-10-21 17:40:15.402567,8,1,0,18.24,247.0,10.69,1,28.2,0.61,pluie,banlieue,standard,0
CMD-004843,2025-10-21 19:07:37.876312,8,1,0,16.34,183.2,20.47,1,11.2,0.93,normal,proche_banlieue,standard,1
CMD-004844,2025-10-21 20:35:00.350058,10,1,0,4.36,208.11,23.17,1,27.4,0.25,normal,centre,standard,1
CMD-004845,2025-10-21 22:02:22.823803,19,1,0,5.84,236.36,23.48,1,14.5,0.38,orage,banlieue,standard,1
CMD-004846,2025-10-21 23:29:45.297549,19,1,0,3.31,19.5,17.56,1,13.3,0.41,normal,centre,standard,1
CMD-004847,2025-10-22 00:57:07.771295,20,2,0,8.45,195.86,2.16,1,27.9,0.69,pluie,proche_banlieue,standard,1
CMD-004848,2025-10-22 02:24:30.245040,8,2,0,4.55,102.72,11.18,1,20.9,0.96,normal,proche_banlieue,standard,0
CMD-004849,2025-10-22 03:51:52.718786,9,2,0,5.69,218.58,4.99,0,28.7,0.59,normal,banlieue,standard,1
CMD-004850,2025-10-22 05:19:15.192532,21,2,0,13.49,220.94,17.5,1,28.8,0.65,pluie,proche_banlieue,premium,1
CMD-004851,2025-10-22 06:46:37.666277,21,2,0,2.34,208.87,4.2,1,10.7,0.71,normal,banlieue,premium,1
CMD-004852,2025-10-22 08:14:00.140023,18,2,0,16.36,197.01,24.44,1,32.4,0.88,normal,proche_banlieue,standard,0
CMD-004853,2025-10-22 09:41:22.613768,8,2,0,9.05,200.63,5.02,1,27.9,0.43,normal,banlieue,premium,1
CMD-004854,2025-10-22 11:08:45.087514,8,2,0,15.85,81.17,1.51,1,19.1,0.7,normal,centre,premium,1
CMD-004855,2025-10-22 12:36:07.561260,7,2,0,11.24,107.57,21.12,1,23.6,0.94,normal,proche_banlieue,standard,1
CMD-004856,2025-10-22 14:03:30.035005,18,2,0,12.67,37.61,5.22,1,32.7,0.95,normal,centre,premium,1
CMD-004857,2025-10-22 15:30:52.508751,20,2,0,6.79,209.34,0.8,1,21.8,0.51,normal,proche_banlieue,standard,1
CMD-004858,2025-10-22 16:58:14.982497,17,2,0,2.71,165.04,13.79,1,46.2,0.29,normal,proche_banlieue,standard,1
CMD-004859,2025-10-22 18:25:37.456242,11,2,0,4.1,157.05,24.24,1,39.9,0.94,normal,banlieue,standard,1
CMD-004860,2025-10-22 19:52:59.929988,19,2,0,3.47,69.06,6.83,1,26.2,0.94,normal,banlieue,standard,1
CMD-004861,2025-10-22 21:20:22.403733,7,2,0,0.9,157.61,10.34,1,22.7,0.28,normal,proche_banlieue,standard,1
CMD-004862,2025-10-22 22:47:44.877479,20,2,0,13.47,119.09,6.08,1,23.2,0.27,normal,banlieue,standard,1
CMD-004863,2025-10-23 00:15:07.351225,21,3,0,6.23,248.86,14.04,0,19.0,0.35,normal,banlieue,standard,1
CMD-004864,2025-10-23 01:42:29.824970,18,3,0,3.24,217.14,8.21,1,26.3,0.72,neige,banlieue,standard,1
CMD-004865,2025-10-23 03:09:52.298716,21,3,0,24.06,136.24,14.87,1,31.9,0.44,normal,centre,standard,0
CMD-004866,2025-10-23 04:37:14.772462,16,3,0,30.99,204.03,12.05,1,11.5,0.39,normal,proche_banlieue,standard,0
CMD-004867,2025-10-23 06:04:37.246207,14,3,0,2.07,49.48,23.24,1,31.4,0.84,normal,rurale,standard,1
CMD-004868,2025-10-23 07:31:59.719953,12,3,0,5.6,34.34,16.82,1,34.3,0.4,pluie,centre,standard,1
CMD-004869,2025-10-23 08:59:22.193698,21,3,0,5.32,161.36,17.13,1,30.7,0.97,pluie,banlieue,standard,1
CMD-004870,2025-10-23 10:26:44.667444,18,3,0,3.02,184.43,12.26,1,23.7,0.55,pluie,centre,standard,1
CMD-004871,2025-10-23 11:54:07.141190,10,3,0,13.26,22.73,7.72,0,30.3,0.54,normal,banlieue,standard,0
CMD-004872,2025-10-23 13:21:29.614935,22,3,0,0.91,58.23,7.99,1,38.0,0.95,normal,banlieue,standard,1
CMD-004873,2025-10-23 14:48:52.088681,7,3,0,20.09,138.94,12.7,1,24.4,0.3,pluie,rurale,standard,1
CMD-004874,2025-10-23 16:16:14.562427,16,3,0,7.01,25.08,4.96,1,25.2,0.29,neige,banlieue,standard,1
CMD-004875,2025-10-23 17:43:37.036172,10,3,0,22.75,111.77,3.48,1,46.3,0.55,neige,proche_banlieue,standard,0
CMD-004876,2025-10-23 19:10:59.509918,17,3,0,6.58,125.7,9.43,1,28.1,0.67,neige,proche_banlieue,standard,0
CMD-004877,2025-10-23 20:38:21.983663,13,3,0,5.3,231.23,3.44,1,14.9,0.61,normal,banlieue,premium,1
CMD-004878,2025-10-23 22:05:44.457409,13,3,0,13.98,85.76,5.92,1,33.7,0.96,normal,banlieue,standard,1
CMD-004879,2025-10-23 23:33:06.931155,17,3,0,22.66,50.48,13.47,1,29.0,0.99,pluie,centre,standard,0
CMD-004880,2025-10-24 01:00:29.404900,19,4,0,20.26,11.8,19.79,1,18.4,0.23,normal,centre,standard,1
CMD-004881,2025-10-24 02:27:51.878646,13,4,0,1.41,39.19,5.77,1,14.0,0.33,normal,banlieue,standard,1
CMD-004882,2025-10-24 03:55:14.352392,22,4,0,16.84,190.21,19.83,1,27.4,0.64,normal,centre,premium,1
CMD-004883,2025-10-24 05:22:36.826137,14,4,0,5.1,116.78,0.59,1,24.4,0.96,orage,banlieue,standard,1
CMD-004884,2025-10-24 06:49:59.299883,9,4,0,6.06,57.69,24.93,1,12.6,0.42,normal,rurale,standard,1
CMD-004885,2025-10-24 08:17:21.773628,7,4,0,5.01,233.93,13.02,0,24.1,0.49,normal,proche_banlieue,premium,1
CMD-004886,2025-10-24 09:44:44.247374,10,4,0,4.09,199.01,12.0,1,23.5,0.38,normal,centre,standard,1
CMD-004887,2025-10-24 11:12:06.721120,18,4,0,5.65,37.45,16.33,1,24.4,0.97,normal,rurale,standard,1
CMD-004888,2025-10-24 12:39:29.194865,15,4,0,2.92,74.55,11.98,1,29.9,0.32,pluie,proche_banlieue,standard,1
CMD-004889,2025-10-24 14:06:51.668611,12,4,0,16.91,213.87,10.32,1,7.4,0.65,pluie,banlieue,standard,1
CMD-004890,2025-10-24 15:34:14.142357,14,4,0,11.12,176.18,9.4,1,13.9,0.22,normal,centre,premium,1
CMD-004891,2025-10-24 17:01:36.616102,20,4,0,8.01,236.93,24.45,1,20.1,0.68,neige,centre,standard,1
CMD-004892,2025-10-24 18:28:59.089848,16,4,0,5.01,28.3,21.57,1,38.3,0.51,normal,centre,standard,1
CMD-004893,2025-10-24 19:56:21.563593,7,4,0,4.32,196.1,12.66,1,48.7,0.65,normal,proche_banlieue,standard,1
CMD-004894,2025-10-24 21:23:44.037339,7,4,0,9.32,28.34,20.94,1,25.0,0.26,pluie,rurale,standard,0
CMD-004895,2025-10-24 22:51:06.511085,14,4,0,8.21,90.8,3.9,1,25.5,0.27,neige,banlieue,standard,1
CMD-004896,2025-10-25 00:18:28.984830,13,5,1,14.66,190.16,13.33,0,5.0,0.27,normal,centre,standard,0
CMD-004897,2025-10-25 01:45:51.458576,20,5,1,4.38,180.64,11.36,1,34.0,0.87,normal,centre,standard,1
CMD-004898,2025-10-25 03:13:13.932322,16,5,1,4.05,10.51,8.26,1,29.5,0.78,pluie,banlieue,standard,1
CMD-004899,2025-10-25 04:40:36.406067,19,5,1,10.8,58.47,22.98,0,27.8,0.3,neige,centre,standard,0
CMD-004900,2025-10-25 06:07:58.879813,16,5,1,12.44,196.86,20.85,1,12.5,0.45,pluie,centre,standard,1
CMD-004901,2025-10-25 07:35:21.353558,12,5,1,29.47,40.28,22.7,1,44.8,0.55,neige,banlieue,standard,0
CMD-004902,2025-10-25 09:02:43.827304,17,5,1,1.33,88.33,15.95,1,40.2,0.28,normal,centre,premium,1
CMD-004903,2025-10-25 10:30:06.301050,16,5,1,17.54,54.13,9.53,1,27.9,0.87,normal,proche_banlieue,standard,1
CMD-004904,2025-10-25 11:57:28.774795,18,5,1,7.52,36.75,18.97,0,34.9,0.49,normal,proche_banlieue,standard,0
CMD-004905,2025-10-25 13:24:51.248541,10,5,1,4.59,210.79,2.89,1,25.5,0.74,normal,proche_banlieue,standard,1
CMD-004906,2025-10-25 14:52:13.722287,17,5,1,9.41,24.72,21.36,1,33.2,0.71,pluie,centre,standard,1
CMD-004907,2025-10-25 16:19:36.196032,11,5,1,9.17,138.65,0.91,1,11.9,0.93,normal,proche_banlieue,standard,1
CMD-004908,2025-10-25 17:46:58.669778,19,5,1,4.7,176.24,20.49,1,5.0,0.79,normal,centre,standard,1
CMD-004909,2025-10-25 19:14:21.143523,19,5,1,1.45,23.82,17.66,1,12.3,0.23,pluie,rurale,standard,1
CMD-004910,2025-10-25 20:41:43.617269,16,5,1,17.58,162.02,2.39,1,16.9,0.32,normal,proche_banlieue,standard,0
CMD-004911,2025-10-25 22:09:06.091015,22,5,1,3.75,90.18,3.85,1,18.6,0.56,normal,banlieue,standard,1
CMD-004912,2025-10-25 23:36:28.564760,15,5,1,3.28,210.05,11.42,1,29.5,0.27,pluie,centre,standard,0
CMD-004913,2025-10-26 01:03:51.038506,7,6,1,4.07,201.44,7.64,1,22.4,0.51,pluie,centre,premium,1
CMD-004914,2025-10-26 02:31:13.512252,16,6,1,12.02,200.54,21.71,1,24.7,0.98,normal,proche_banlieue,standard,1
CMD-004915,2025-10-26 03:58:35.985997,19,6,1,5.17,105.68,4.98,0,13.2,0.36,normal,banlieue,standard,1
CMD-004916,2025-10-26 05:25:58.459743,8,6,1,4.13,207.41,10.54,1,12.3,0.76,normal,centre,standard,1
CMD-004917,2025-10-26 06:53:20.933488,8,6,1,8.96,161.2,6.66,1,25.4,0.41,normal,centre,premium,1
CMD-004918,2025-10-26 08:20:43.407234,11,6,1,8.07,100.88,3.35,1,19.6,0.23,normal,banlieue,premium,1
CMD-004919,2025-10-26 09:48:05.880980,20,6,1,4.21,29.36,6.64,1,25.0,0.28,normal,proche_banlieue,standard,1
CMD-004920,2025-10-26 11:15:28.354725,15,6,1,1.42,26.04,21.53,1,30.4,0.28,pluie,rurale,standard,1
CMD-004921,2025-10-26 12:42:50.828471,22,6,1,11.83,70.34,17.94,1,41.4,0.44,pluie,centre,standard,0
CMD-004922,2025-10-26 14:10:13.302217,20,6,1,8.18,81.9,22.87,1,24.8,0.97,normal,banlieue,standard,1
CMD-004923,2025-10-26 15:37:35.775962,15,6,1,0.97,232.61,10.25,1,43.1,0.7,normal,banlieue,standard,1
CMD-004924,2025-10-26 17:04:58.249708,17,6,1,19.29,249.99,6.16,1,29.1,0.3,normal,centre,standard,0
CMD-004925,2025-10-26 18:32:20.723453,12,6,1,0.92,44.48,0.85,1,31.9,0.26,orage,centre,premium,1
CMD-004926,2025-10-26 19:59:43.197199,8,6,1,3.5,236.26,12.48,1,35.5,0.98,pluie,rurale,standard,1
CMD-004927,2025-10-26 21:27:05.670945,13,6,1,3.7,179.57,1.19,1,32.2,0.34,pluie,centre,standard,1
CMD-004928,2025-10-26 22:54:28.144690,16,6,1,4.26,129.67,0.31,1,17.0,0.42,normal,centre,standard,0
CMD-004929,2025-10-27 00:21:50.618436,9,0,0,4.15,239.12,15.2,1,35.8,0.87,pluie,centre,premium,1
CMD-004930,2025-10-27 01:49:13.092182,10,0,0,2.25,181.29,4.29,1,21.3,0.64,normal,proche_banlieue,standard,1
CMD-004931,2025-10-27 03:16:35.565927,7,0,0,7.61,152.48,14.08,1,28.0,0.38,normal,proche_banlieue,standard,0
CMD-004932,2025-10-27 04:43:58.039673,18,0,0,13.22,60.29,14.42,0,26.3,0.73,normal,proche_banlieue,premium,0
CMD-004933,2025-10-27 06:11:20.513418,21,0,0,7.54,68.67,18.15,1,36.4,0.5,normal,rurale,standard,1
CMD-004934,2025-10-27 07:38:42.987164,20,0,0,8.51,228.76,9.7,0,28.9,0.67,normal,centre,standard,0
CMD-004935,2025-10-27 09:06:05.460910,13,0,0,5.26,61.61,17.69,1,11.1,0.28,normal,banlieue,standard,1
CMD-004936,2025-10-27 10:33:27.934655,16,0,0,7.32,17.75,9.28,1,45.9,0.9,normal,rurale,standard,1
CMD-004937,2025-10-27 12:00:50.408401,22,0,0,8.98,73.89,2.63,0,33.3,0.68,normal,centre,standard,0
CMD-004938,2025-10-27 13:28:12.882147,16,0,0,11.13,125.33,7.89,1,19.5,0.2,normal,banlieue,standard,0
CMD-004939,2025-10-27 14:55:35.355892,11,0,0,3.87,101.67,0.39,1,13.6,0.65,normal,centre,standard,1
CMD-004940,2025-10-27 16:22:57.829638,12,0,0,3.46,234.59,11.67,1,34.5,0.49,pluie,proche_banlieue,standard,1
CMD-004941,2025-10-27 17:50:20.303383,18,0,0,0.61,110.46,18.56,1,14.8,0.92,normal,centre,premium,1
CMD-004942,2025-10-27 19:17:42.777129,14,0,0,23.07,223.37,19.66,1,33.0,0.31,normal,centre,premium,0
CMD-004943,2025-10-27 20:45:05.250875,20,0,0,22.12,152.72,5.96,1,35.7,0.47,neige,centre,standard,0
CMD-004944,2025-10-27 22:12:27.724620,20,0,0,6.41,135.79,2.82,0,18.5,0.81,normal,centre,standard,1
CMD-004945,2025-10-27 23:39:50.198366,7,0,0,6.69,48.45,4.8,1,17.6,0.38,normal,centre,standard,1
CMD-004946,2025-10-28 01:07:12.672112,18,1,0,18.38,75.05,24.6,1,20.3,0.45,normal,rurale,standard,1
CMD-004947,2025-10-28 02:34:35.145857,12,1,0,2.32,218.12,7.94,1,15.1,0.82,normal,rurale,standard,1
CMD-004948,2025-10-28 04:01:57.619603,15,1,0,3.16,197.19,10.85,1,27.3,0.77,normal,banlieue,standard,1
CMD-004949,2025-10-28 05:29:20.093348,11,1,0,19.14,117.38,2.08,1,28.7,0.49,neige,proche_banlieue,standard,0
CMD-004950,2025-10-28 06:56:42.567094,12,1,0,5.22,228.17,19.78,1,32.3,0.57,neige,rurale,standard,1
CMD-004951,2025-10-28 08:24:05.040840,12,1,0,2.78,206.6,11.32,0,16.7,0.64,normal,rurale,standard,1
CMD-004952,2025-10-28 09:51:27.514585,7,1,0,9.35,36.9,2.37,1,33.4,0.91,normal,banlieue,standard,1
CMD-004953,2025-10-28 11:18:49.988331,19,1,0,3.89,155.42,11.93,1,15.1,0.73,normal,banlieue,premium,1
CMD-004954,2025-10-28 12:46:12.462077,9,1,0,16.99,201.72,17.89,1,33.4,0.67,pluie,proche_banlieue,standard,1
CMD-004955,2025-10-28 14:13:34.935822,13,1,0,7.28,204.0,11.93,1,10.1,0.85,neige,rurale,standard,1
CMD-004956,2025-10-28 15:40:57.409568,10,1,0,4.02,31.92,24.22,1,40.7,0.44,normal,proche_banlieue,standard,1
CMD-004957,2025-10-28 17:08:19.883313,9,1,0,4.21,63.91,21.82,1,19.8,0.56,neige,banlieue,premium,0
CMD-004958,2025-10-28 18:35:42.357059,12,1,0,9.04,109.13,12.97,1,31.0,0.75,normal,centre,standard,1
CMD-004959,2025-10-28 20:03:04.830805,21,1,0,5.73,70.39,23.52,1,31.8,0.52,normal,centre,standard,1
CMD-004960,2025-10-28 21:30:27.304550,22,1,0,5.16,36.15,20.32,1,12.3,0.58,normal,rurale,standard,1
CMD-004961,2025-10-28 22:57:49.778296,13,1,0,11.43,160.91,9.33,1,33.4,0.33,normal,banlieue,standard,0
CMD-004962,2025-10-29 00:25:12.252042,15,2,0,18.55,131.79,19.33,1,19.5,0.69,normal,banlieue,standard,1
CMD-004963,2025-10-29 01:52:34.725787,22,2,0,10.34,47.2,12.75,1,21.9,0.71,normal,centre,standard,1
CMD-004964,2025-10-29 03:19:57.199533,10,2,0,3.64,150.73,13.57,1,18.3,0.88,pluie,proche_banlieue,standard,1
CMD-004965,2025-10-29 04:47:19.673278,22,2,0,2.63,24.88,13.11,1,41.1,0.27,normal,centre,standard,0
CMD-004966,2025-10-29 06:14:42.147024,8,2,0,10.97,101.93,20.13,1,13.3,0.92,normal,banlieue,standard,1
CMD-004967,2025-10-29 07:42:04.620770,10,2,0,10.32,200.2,22.98,1,29.3,0.27,pluie,proche_banlieue,standard,0
CMD-004968,2025-10-29 09:09:27.094515,12,2,0,4.87,223.61,8.12,1,18.8,0.8,normal,proche_banlieue,standard,1
CMD-004969,2025-10-29 10:36:49.568261,7,2,0,5.82,68.86,16.12,0,35.9,0.67,neige,centre,standard,1
CMD-004970,2025-10-29 12:04:12.042007,20,2,0,3.82,216.28,15.78,1,48.2,0.52,pluie,proche_banlieue,standard,1
CMD-004971,2025-10-29 13:31:34.515752,20,2,0,2.69,224.02,22.21,1,18.7,0.94,normal,proche_banlieue,standard,1
CMD-004972,2025-10-29 14:58:56.989498,13,2,0,4.09,155.65,11.29,1,26.4,0.57,normal,banlieue,standard,1
CMD-004973,2025-10-29 16:26:19.463243,20,2,0,0.42,245.72,4.92,1,21.1,0.22,pluie,banlieue,premium,1
CMD-004974,2025-10-29 17:53:41.936989,19,2,0,14.89,69.08,5.24,1,35.4,0.62,normal,proche_banlieue,standard,1
CMD-004975,2025-10-29 19:21:04.410735,19,2,0,1.96,26.55,1.47,1,22.5,0.63,normal,proche_banlieue,premium,1
CMD-004976,2025-10-29 20:48:26.884480,19,2,0,6.52,212.43,2.7,1,34.1,0.8,normal,rurale,standard,1
CMD-004977,2025-10-29 22:15:49.358226,16,2,0,0.75,127.82,7.67,1,21.0,0.49,normal,proche_banlieue,premium,1
CMD-004978,2025-10-29 23:43:11.831971,8,2,0,10.08,93.15,2.74,0,47.4,0.26,pluie,banlieue,standard,0
CMD-004979,2025-10-30 01:10:34.305717,21,3,0,12.28,23.26,21.8,1,5.0,0.48,normal,centre,premium,1
CMD-004980,2025-10-30 02:37:56.779463,16,3,0,6.97,25.51,9.18,1,28.8,0.68,neige,proche_banlieue,standard,1
CMD-004981,2025-10-30 04:05:19.253208,21,3,0,6.23,31.77,9.34,0,24.9,0.64,neige,centre,premium,1
CMD-004982,2025-10-30 05:32:41.726954,22,3,0,3.8,54.07,18.99,1,24.5,0.88,pluie,centre,standard,1
CMD-004983,2025-10-30 07:00:04.200700,9,3,0,14.65,242.9,7.67,1,27.9,0.42,pluie,centre,standard,1
CMD-004984,2025-10-30 08:27:26.674445,13,3,0,1.56,77.54,17.94,1,25.6,0.66,normal,proche_banlieue,standard,1
CMD-004985,2025-10-30 09:54:49.148191,10,3,0,4.61,206.09,20.6,1,27.2,0.98,normal,centre,standard,1
CMD-004986,2025-10-30 11:22:11.621936,7,3,0,3.43,14.66,9.13,0,29.1,0.45,pluie,banlieue,standard,0
CMD-004987,2025-10-30 12:49:34.095682,22,3,0,3.33,87.24,12.05,1,42.5,0.55,normal,proche_banlieue,premium,1
CMD-004988,2025-10-30 14:16:56.569428,21,3,0,14.39,227.49,8.19,1,5.0,1.0,normal,centre,standard,1
CMD-004989,2025-10-30 15:44:19.043173,21,3,0,5.93,54.41,10.69,0,43.5,0.32,neige,proche_banlieue,standard,0
CMD-004990,2025-10-30 17:11:41.516919,21,3,0,3.78,78.17,14.6,1,50.6,0.66,pluie,centre,premium,1
CMD-004991,2025-10-30 18:39:03.990665,17,3,0,8.37,208.36,8.87,1,7.5,0.5,normal,centre,premium,1
CMD-004992,2025-10-30 20:06:26.464410,15,3,0,7.87,39.13,11.71,1,25.5,0.24,pluie,centre,premium,1
CMD-004993,2025-10-30 21:33:48.938156,22,3,0,12.13,22.76,12.51,1,38.7,0.81,pluie,banlieue,standard,1
CMD-004994,2025-10-30 23:01:11.411901,15,3,0,9.04,241.83,0.81,1,34.2,0.36,neige,proche_banlieue,premium,1
CMD-004995,2025-10-31 00:28:33.885647,17,4,0,6.15,107.15,4.26,1,41.8,0.91,pluie,centre,standard,1
CMD-004996,2025-10-31 01:55:56.359393,10,4,0,6.48,167.89,13.63,1,28.7,0.53,normal,proche_banlieue,premium,1
CMD-004997,2025-10-31 03:23:18.833138,18,4,0,8.76,40.51,0.27,1,5.0,0.32,pluie,centre,standard,1
CMD-004998,2025-10-31 04:50:41.306884,20,4,0,2.99,62.84,17.66,1,38.0,0.4,pluie,banlieue,standard,1
CMD-004999,2025-10-31 06:18:03.780630,17,4,0,7.75,120.4,22.66,1,31.4,0.87,normal,rurale,standard,1
CMD-005000,2025-10-31 07:45:26.254375,14,4,0,18.27,172.04,18.91,1,39.7,0.5,pluie,centre,standard,0
CMD-005001,2025-10-31 09:12:48.728121,10,4,0,6.97,80.38,7.99,1,9.7,0.41,normal,centre,standard,1
CMD-005002,2025-10-31 10:40:11.201866,7,4,0,4.97,222.31,11.36,1,12.8,0.4,neige,banlieue,standard,1
CMD-005003,2025-10-31 12:07:33.675612,17,4,0,4.92,197.47,16.34,1,25.2,0.67,neige,banlieue,standard,1
CMD-005004,2025-10-31 13:34:56.149358,17,4,0,8.5,142.37,17.07,1,38.3,0.41,normal,banlieue,standard,0
CMD-005005,2025-10-31 15:02:18.623103,19,4,0,7.44,120.21,24.44,1,41.1,0.95,normal,banlieue,standard,1
CMD-005006,2025-10-31 16:29:41.096849,22,4,0,10.42,158.69,12.43,1,17.7,0.24,normal,centre,standard,1
CMD-005007,2025-10-31 17:57:03.570595,14,4,0,3.99,185.6,6.39,1,20.9,0.32,normal,banlieue,standard,1
CMD-005008,2025-10-31 19:24:26.044340,20,4,0,5.67,42.39,9.18,1,53.7,0.54,normal,centre,standard,0
CMD-005009,2025-10-31 20:51:48.518086,18,4,0,11.65,214.63,23.08,1,19.5,0.37,normal,centre,standard,1
CMD-005010,2025-10-31 22:19:10.991831,11,4,0,12.3,127.46,15.89,0,31.8,0.82,normal,rurale,standard,0
CMD-005011,2025-10-31 23:46:33.465577,20,4,0,12.36,234.48,21.63,1,20.5,0.93,pluie,proche_banlieue,standard,1
CMD-005012,2025-11-01 01:13:55.939323,7,5,1,10.81,239.33,18.16,1,29.7,0.68,normal,proche_banlieue,standard,0
CMD-005013,2025-11-01 02:41:18.413068,16,5,1,11.07,17.37,24.14,1,16.3,0.88,normal,centre,standard,0
CMD-005014,2025-11-01 04:08:40.886814,22,5,1,7.74,102.28,12.63,1,16.6,0.84,normal,centre,standard,1
CMD-005015,2025-11-01 05:36:03.360560,17,5,1,1.89,136.29,23.76,1,21.3,0.33,normal,proche_banlieue,standard,1
CMD-005016,2025-11-01 07:03:25.834305,21,5,1,2.07,139.5,22.17,1,19.5,0.26,normal,rurale,standard,0
CMD-005017,2025-11-01 08:30:48.308051,7,5,1,6.87,207.37,21.11,1,22.0,0.7,neige,banlieue,standard,1
CMD-005018,2025-11-01 09:58:10.781796,15,5,1,7.1,43.86,23.49,1,30.3,0.99,normal,banlieue,premium,1
CMD-005019,2025-11-01 11:25:33.255542,19,5,1,3.26,159.4,13.23,1,43.9,0.87,neige,proche_banlieue,standard,1
CMD-005020,2025-11-01 12:52:55.729288,17,5,1,3.45,236.22,18.62,0,19.1,0.69,normal,centre,premium,1
CMD-005021,2025-11-01 14:20:18.203033,21,5,1,6.12,249.21,13.97,1,15.1,0.29,normal,proche_banlieue,standard,1
CMD-005022,2025-11-01 15:47:40.676779,14,5,1,25.33,12.42,19.45,1,25.1,0.82,pluie,centre,standard,1
CMD-005023,2025-11-01 17:15:03.150525,17,5,1,2.77,243.42,19.14,1,16.5,0.75,normal,centre,standard,1
CMD-005024,2025-11-01 18:42:25.624270,13,5,1,4.77,39.33,19.01,0,8.6,0.95,normal,centre,standard,1
CMD-005025,2025-11-01 20:09:48.098016,20,5,1,12.12,138.87,10.83,1,35.6,0.77,normal,rurale,premium,0
CMD-005026,2025-11-01 21:37:10.571761,8,5,1,10.64,69.13,19.95,1,25.8,0.28,neige,centre,premium,1
CMD-005027,2025-11-01 23:04:33.045507,11,5,1,8.19,155.53,21.94,1,26.8,0.69,normal,proche_banlieue,standard,1
CMD-005028,2025-11-02 00:31:55.519253,8,6,1,1.14,18.89,15.98,0,5.7,0.52,normal,rurale,premium,1
CMD-005029,2025-11-02 01:59:17.992998,18,6,1,5.43,67.2,11.48,1,19.2,0.54,neige,banlieue,standard,1
CMD-005030,2025-11-02 03:26:40.466744,10,6,1,20.93,82.14,21.36,1,10.8,0.71,pluie,centre,standard,1
CMD-005031,2025-11-02 04:54:02.940490,12,6,1,3.35,229.75,19.51,0,24.8,0.92,pluie,proche_banlieue,standard,1
CMD-005032,2025-11-02 06:21:25.414235,20,6,1,3.24,150.07,11.85,1,26.3,0.81,normal,banlieue,premium,1
CMD-005033,2025-11-02 07:48:47.887981,12,6,1,17.73,179.97,14.58,1,26.3,0.22,pluie,proche_banlieue,standard,0
CMD-005034,2025-11-02 09:16:10.361726,9,6,1,6.11,172.24,17.21,1,18.3,0.32,normal,centre,premium,1
CMD-005035,2025-11-02 10:43:32.835472,7,6,1,1.24,104.15,17.27,1,16.5,0.49,normal,banlieue,standard,1
CMD-005036,2025-11-02 12:10:55.309218,10,6,1,2.46,13.37,7.91,0,23.1,0.75,normal,proche_banlieue,standard,1
CMD-005037,2025-11-02 13:38:17.782963,21,6,1,4.07,35.68,7.46,1,28.6,0.71,neige,proche_banlieue,standard,1
CMD-005038,2025-11-02 15:05:40.256709,15,6,1,7.9,120.11,22.21,1,19.2,0.6,normal,centre,standard,1
CMD-005039,2025-11-02 16:33:02.730455,22,6,1,5.59,235.91,23.44,1,15.6,0.54,normal,rurale,standard,0
CMD-005040,2025-11-02 18:00:25.204200,10,6,1,3.11,69.7,10.17,0,16.1,0.83,normal,rurale,standard,1
CMD-005041,2025-11-02 19:27:47.677946,12,6,1,5.66,177.6,22.85,1,18.4,0.28,pluie,proche_banlieue,standard,1
CMD-005042,2025-11-02 20:55:10.151691,9,6,1,3.35,208.38,11.87,1,20.5,0.68,normal,centre,standard,1
CMD-005043,2025-11-02 22:22:32.625437,13,6,1,21.74,227.63,4.35,1,14.0,0.85,normal,centre,premium,1
CMD-005044,2025-11-02 23:49:55.099183,16,6,1,2.33,80.44,18.38,0,20.5,0.42,normal,proche_banlieue,standard,0
CMD-005045,2025-11-03 01:17:17.572928,19,0,0,4.51,233.51,1.34,0,37.4,0.36,normal,centre,standard,1
CMD-005046,2025-11-03 02:44:40.046674,12,0,0,4.0,155.92,3.03,1,22.1,0.74,normal,banlieue,standard,1
CMD-005047,2025-11-03 04:12:02.520420,19,0,0,4.06,132.02,23.54,1,12.6,0.34,pluie,rurale,standard,1
CMD-005048,2025-11-03 05:39:24.994165,17,0,0,2.58,196.81,13.04,1,5.0,0.59,normal,centre,standard,1
CMD-005049,2025-11-03 07:06:47.467911,11,0,0,16.82,67.29,6.81,1,43.4,0.94,normal,centre,premium,1
CMD-005050,2025-11-03 08:34:09.941656,21,0,0,26.62,205.02,12.11,1,36.4,0.25,normal,centre,standard,0
CMD-005051,2025-11-03 10:01:32.415402,13,0,0,8.62,165.99,14.54,1,27.8,0.93,normal,proche_banlieue,premium,1
CMD-005052,2025-11-03 11:28:54.889148,9,0,0,8.08,201.85,16.05,1,36.6,0.35,pluie,rurale,standard,0
CMD-005053,2025-11-03 12:56:17.362893,22,0,0,1.51,215.37,8.84,1,30.3,0.59,pluie,centre,premium,1
CMD-005054,2025-11-03 14:23:39.836639,21,0,0,16.55,158.16,9.81,1,24.2,0.31,pluie,banlieue,standard,0
CMD-005055,2025-11-03 15:51:02.310385,7,0,0,3.34,18.82,13.83,0,12.6,0.77,normal,proche_banlieue,premium,1
CMD-005056,2025-11-03 17:18:24.784130,21,0,0,1.33,81.46,15.74,1,44.1,1.0,pluie,proche_banlieue,premium,1
CMD-005057,2025-11-03 18:45:47.257876,22,0,0,9.77,220.72,23.05,1,20.6,0.44,normal,centre,standard,1
CMD-005058,2025-11-03 20:13:09.731621,20,0,0,13.65,160.47,9.93,1,21.2,0.94,normal,banlieue,premium,1
CMD-005059,2025-11-03 21:40:32.205367,11,0,0,16.44,223.61,21.89,1,25.4,0.78,normal,banlieue,standard,1
CMD-005060,2025-11-03 23:07:54.679113,17,0,0,4.56,102.29,24.83,1,25.5,0.97,normal,centre,standard,1
CMD-005061,2025-11-04 00:35:17.152858,15,1,0,4.14,131.13,8.61,0,30.7,0.74,normal,proche_banlieue,premium,1
CMD-005062,2025-11-04 02:02:39.626604,16,1,0,7.61,217.02,0.88,1,29.6,0.75,normal,proche_banlieue,standard,1
CMD-005063,2025-11-04 03:30:02.100350,16,1,0,5.6,192.89,15.19,0,19.2,0.95,normal,centre,standard,1
CMD-005064,2025-11-04 04:57:24.574095,17,1,0,9.91,100.6,22.61,1,25.3,0.78,normal,proche_banlieue,standard,1
CMD-005065,2025-11-04 06:24:47.047841,15,1,0,7.67,15.43,1.52,1,30.4,0.88,pluie,centre,premium,1
CMD-005066,2025-11-04 07:52:09.521586,18,1,0,3.11,221.28,5.09,0,18.4,0.43,normal,banlieue,premium,0
CMD-005067,2025-11-04 09:19:31.995332,15,1,0,16.8,198.73,16.97,1,39.5,0.34,normal,proche_banlieue,standard,1
CMD-005068,2025-11-04 10:46:54.469078,7,1,0,9.96,117.8,20.28,1,24.8,0.71,normal,banlieue,standard,1
CMD-005069,2025-11-04 12:14:16.942823,7,1,0,13.43,141.1,2.35,1,41.0,0.4,pluie,rurale,standard,1
CMD-005070,2025-11-04 13:41:39.416569,22,1,0,3.16,59.03,9.22,1,11.1,0.54,pluie,proche_banlieue,standard,1
CMD-005071,2025-11-04 15:09:01.890315,21,1,0,9.75,108.9,6.12,1,31.5,0.88,normal,proche_banlieue,standard,1
CMD-005072,2025-11-04 16:36:24.364060,16,1,0,11.72,49.17,24.13,1,16.1,0.7,pluie,rurale,standard,1
CMD-005073,2025-11-04 18:03:46.837806,9,1,0,7.45,60.54,17.13,1,18.7,0.96,normal,centre,standard,1
CMD-005074,2025-11-04 19:31:09.311551,19,1,0,2.56,213.13,12.0,1,34.0,0.48,orage,centre,standard,1
CMD-005075,2025-11-04 20:58:31.785297,9,1,0,6.94,96.99,21.59,1,22.7,0.42,normal,proche_banlieue,standard,1
CMD-005076,2025-11-04 22:25:54.259043,13,1,0,10.95,205.53,13.53,1,51.0,0.37,normal,proche_banlieue,standard,0
CMD-005077,2025-11-04 23:53:16.732788,12,1,0,14.07,123.74,22.8,1,30.2,0.98,pluie,rurale,standard,1
CMD-005078,2025-11-05 01:20:39.206534,7,2,0,1.64,26.99,6.12,1,18.0,0.54,normal,proche_banlieue,standard,1
CMD-005079,2025-11-05 02:48:01.680280,19,2,0,7.34,96.77,0.88,1,30.2,0.94,pluie,proche_banlieue,standard,1
CMD-005080,2025-11-05 04:15:24.154025,15,2,0,2.04,47.99,10.83,1,22.6,0.48,normal,proche_banlieue,standard,1
CMD-005081,2025-11-05 05:42:46.627771,12,2,0,11.05,176.46,5.27,1,33.3,0.43,normal,proche_banlieue,premium,1
CMD-005082,2025-11-05 07:10:09.101516,15,2,0,13.12,228.73,20.93,1,22.0,0.82,normal,rurale,standard,1
CMD-005083,2025-11-05 08:37:31.575262,7,2,0,2.91,193.14,13.42,1,29.1,0.69,normal,banlieue,standard,1
CMD-005084,2025-11-05 10:04:54.049008,13,2,0,2.44,196.83,7.36,1,27.0,0.62,normal,banlieue,standard,1
CMD-005085,2025-11-05 11:32:16.522753,15,2,0,3.97,216.85,19.38,1,25.8,0.55,normal,centre,standard,1
CMD-005086,2025-11-05 12:59:38.996499,12,2,0,5.76,196.4,13.27,1,35.4,0.57,pluie,rurale,standard,1
CMD-005087,2025-11-05 14:27:01.470245,20,2,0,3.55,146.46,12.67,1,7.0,0.87,normal,rurale,standard,1
CMD-005088,2025-11-05 15:54:23.943990,10,2,0,11.75,181.43,4.68,1,26.0,0.32,normal,rurale,premium,1
CMD-005089,2025-11-05 17:21:46.417736,9,2,0,14.12,109.83,24.88,1,18.0,0.24,pluie,rurale,standard,0
CMD-005090,2025-11-05 18:49:08.891481,15,2,0,7.11,26.99,16.54,1,11.5,0.2,normal,banlieue,standard,1
CMD-005091,2025-11-05 20:16:31.365227,21,2,0,3.65,179.34,21.4,1,16.6,0.6,pluie,banlieue,standard,1
CMD-005092,2025-11-05 21:43:53.838973,13,2,0,5.6,183.2,19.04,1,18.8,0.85,normal,centre,standard,1
CMD-005093,2025-11-05 23:11:16.312718,7,2,0,7.11,63.69,12.67,1,22.6,0.74,pluie,centre,standard,1
CMD-005094,2025-11-06 00:38:38.786464,22,3,0,5.41,238.95,0.44,1,28.4,0.99,pluie,banlieue,standard,1
CMD-005095,2025-11-06 02:06:01.260210,14,3,0,6.15,22.6,16.73,1,30.4,0.69,normal,proche_banlieue,standard,1
CMD-005096,2025-11-06 03:33:23.733955,9,3,0,13.36,186.63,2.7,1,20.9,0.61,normal,banlieue,premium,1
CMD-005097,2025-11-06 05:00:46.207701,16,3,0,3.45,242.43,24.04,1,40.8,0.67,normal,proche_banlieue,standard,1
CMD-005098,2025-11-06 06:28:08.681446,12,3,0,22.94,84.2,6.38,0,21.3,0.91,normal,proche_banlieue,standard,0
CMD-005099,2025-11-06 07:55:31.155192,22,3,0,7.27,228.99,9.31,1,5.5,0.21,normal,proche_banlieue,standard,1
CMD-005100,2025-11-06 09:22:53.628938,11,3,0,5.18,208.34,13.88,1,21.6,0.57,pluie,rurale,standard,1
CMD-005101,2025-11-06 10:50:16.102683,15,3,0,3.38,188.59,12.66,1,25.5,0.53,pluie,centre,standard,1
CMD-005102,2025-11-06 12:17:38.576429,15,3,0,3.63,238.91,16.45,1,5.0,0.96,normal,banlieue,premium,1
CMD-005103,2025-11-06 13:45:01.050175,10,3,0,6.62,166.97,19.63,1,37.1,0.35,pluie,centre,standard,1
CMD-005104,2025-11-06 15:12:23.523920,14,3,0,7.23,128.77,18.99,1,24.0,0.22,normal,banlieue,standard,1
CMD-005105,2025-11-06 16:39:45.997666,8,3,0,5.04,172.16,22.72,1,13.5,0.71,normal,banlieue,standard,1
CMD-005106,2025-11-06 18:07:08.471411,17,3,0,2.02,108.84,11.85,1,15.4,0.7,normal,rurale,standard,1
CMD-005107,2025-11-06 19:34:30.945157,19,3,0,6.62,87.97,13.45,1,32.6,0.46,normal,centre,standard,1
CMD-005108,2025-11-06 21:01:53.418903,22,3,0,3.69,29.74,21.88,1,33.8,0.63,normal,banlieue,premium,1
CMD-005109,2025-11-06 22:29:15.892648,12,3,0,1.23,100.72,7.2,1,18.5,0.68,normal,proche_banlieue,standard,1
CMD-005110,2025-11-06 23:56:38.366394,11,3,0,10.19,202.77,6.3,1,11.4,0.48,normal,centre,standard,1
CMD-005111,2025-11-07 01:24:00.840140,15,4,0,1.44,236.9,0.43,1,26.3,0.54,neige,centre,standard,1
CMD-005112,2025-11-07 02:51:23.313885,18,4,0,4.87,244.04,18.51,1,28.1,0.31,normal,banlieue,standard,1
CMD-005113,2025-11-07 04:18:45.787631,22,4,0,6.02,59.57,17.25,0,30.7,0.82,neige,rurale,standard,0
CMD-005114,2025-11-07 05:46:08.261376,7,4,0,15.42,147.14,7.06,1,19.4,0.51,normal,banlieue,standard,1
CMD-005115,2025-11-07 07:13:30.735122,10,4,0,1.3,148.18,3.42,1,23.8,0.72,neige,centre,standard,1
CMD-005116,2025-11-07 08:40:53.208868,11,4,0,10.96,52.25,1.25,0,25.2,0.54,normal,proche_banlieue,premium,1
CMD-005117,2025-11-07 10:08:15.682613,11,4,0,12.17,149.59,12.3,1,34.7,0.33,normal,centre,standard,1
CMD-005118,2025-11-07 11:35:38.156359,14,4,0,18.6,97.06,5.0,1,38.3,0.76,normal,centre,standard,1
CMD-005119,2025-11-07 13:03:00.630105,20,4,0,13.78,236.18,19.88,1,41.0,0.53,normal,banlieue,standard,1
CMD-005120,2025-11-07 14:30:23.103850,7,4,0,6.18,71.25,23.76,1,38.0,0.35,normal,centre,standard,1
CMD-005121,2025-11-07 15:57:45.577596,20,4,0,11.3,210.39,19.47,1,43.1,0.95,pluie,banlieue,standard,1
CMD-005122,2025-11-07 17:25:08.051341,16,4,0,15.93,225.25,21.32,1,35.1,0.91,pluie,proche_banlieue,standard,0
CMD-005123,2025-11-07 18:52:30.525087,16,4,0,0.97,186.61,24.77,1,19.1,0.78,normal,centre,standard,1
CMD-005124,2025-11-07 20:19:52.998833,17,4,0,2.0,61.52,18.57,1,40.3,0.66,pluie,proche_banlieue,standard,0
CMD-005125,2025-11-07 21:47:15.472578,8,4,0,7.79,72.49,14.27,0,11.2,0.7,normal,centre,standard,1
CMD-005126,2025-11-07 23:14:37.946324,18,4,0,12.08,243.07,20.29,1,48.6,0.49,normal,banlieue,premium,1
CMD-005127,2025-11-08 00:42:00.420070,10,5,1,9.93,28.2,14.18,0,15.2,0.41,normal,banlieue,standard,0
CMD-005128,2025-11-08 02:09:22.893815,15,5,1,8.3,38.1,10.93,0,33.9,0.67,normal,rurale,standard,0
CMD-005129,2025-11-08 03:36:45.367561,17,5,1,18.42,244.86,1.01,1,39.4,0.79,normal,centre,standard,1
CMD-005130,2025-11-08 05:04:07.841306,16,5,1,5.03,196.45,16.15,1,29.6,0.6,normal,centre,premium,1
CMD-005131,2025-11-08 06:31:30.315052,12,5,1,3.56,189.13,22.46,1,5.0,0.92,normal,proche_banlieue,standard,1
CMD-005132,2025-11-08 07:58:52.788798,13,5,1,4.29,48.45,17.39,0,15.5,0.51,neige,banlieue,premium,1
CMD-005133,2025-11-08 09:26:15.262543,14,5,1,7.91,127.35,10.22,1,28.6,0.5,neige,proche_banlieue,standard,0
CMD-005134,2025-11-08 10:53:37.736289,7,5,1,6.0,211.78,15.5,1,31.4,0.54,orage,rurale,standard,1
CMD-005135,2025-11-08 12:21:00.210035,18,5,1,12.55,88.93,20.36,1,23.2,0.76,normal,centre,standard,1
CMD-005136,2025-11-08 13:48:22.683780,8,5,1,3.73,56.26,19.15,1,25.7,0.22,normal,banlieue,standard,1
CMD-005137,2025-11-08 15:15:45.157526,14,5,1,8.66,12.63,12.38,0,10.3,0.48,normal,banlieue,standard,0
CMD-005138,2025-11-08 16:43:07.631271,17,5,1,11.33,159.41,9.17,1,42.7,0.79,normal,centre,standard,1
CMD-005139,2025-11-08 18:10:30.105017,8,5,1,15.92,80.51,10.04,0,21.2,0.64,normal,centre,standard,0
CMD-005140,2025-11-08 19:37:52.578763,22,5,1,2.36,217.28,22.72,1,32.9,0.45,pluie,proche_banlieue,standard,1
CMD-005141,2025-11-08 21:05:15.052508,13,5,1,4.22,78.04,4.41,1,39.0,0.73,orage,proche_banlieue,standard,0
CMD-005142,2025-11-08 22:32:37.526254,7,5,1,5.67,46.38,21.6,0,13.4,0.92,normal,proche_banlieue,standard,1
CMD-005143,2025-11-09 00:00:00.000000,17,6,1,1.75,240.51,5.04,0,26.3,0.6,neige,banlieue,standard,1
CMD-005144,2025-11-09 01:27:22.473745,15,6,1,8.26,241.55,24.53,1,27.8,0.79,normal,centre,premium,1
CMD-005145,2025-11-09 02:54:44.947491,17,6,1,8.16,174.41,11.32,0,22.4,0.36,normal,banlieue,premium,0
CMD-005146,2025-11-09 04:22:07.421236,19,6,1,7.66,232.81,18.39,1,34.3,0.58,normal,proche_banlieue,standard,1
CMD-005147,2025-11-09 05:49:29.894982,14,6,1,5.4,48.84,18.29,0,18.3,0.43,normal,centre,standard,1
CMD-005148,2025-11-09 07:16:52.368728,20,6,1,14.76,120.48,19.36,0,25.5,0.99,normal,banlieue,standard,1
CMD-005149,2025-11-09 08:44:14.842473,12,6,1,4.31,59.0,19.78,1,21.3,0.37,normal,proche_banlieue,premium,1
CMD-005150,2025-11-09 10:11:37.316219,15,6,1,13.85,124.91,1.17,1,48.3,0.96,normal,centre,standard,0
CMD-005151,2025-11-09 11:38:59.789964,9,6,1,4.23,199.88,6.98,1,18.4,0.53,normal,proche_banlieue,standard,1
CMD-005152,2025-11-09 13:06:22.263710,16,6,1,2.3,212.78,5.9,1,32.4,0.6,pluie,proche_banlieue,standard,1
CMD-005153,2025-11-09 14:33:44.737456,11,6,1,6.22,11.0,17.53,1,43.0,0.62,normal,centre,standard,1
CMD-005154,2025-11-09 16:01:07.211201,18,6,1,7.12,103.48,17.15,1,15.8,0.39,normal,proche_banlieue,standard,1
CMD-005155,2025-11-09 17:28:29.684947,19,6,1,8.76,248.58,7.57,1,26.0,0.39,orage,proche_banlieue,standard,1
CMD-005156,2025-11-09 18:55:52.158693,20,6,1,0.65,151.44,19.88,1,15.1,0.5,neige,banlieue,standard,1
CMD-005157,2025-11-09 20:23:14.632438,21,6,1,4.96,81.09,7.93,1,5.0,0.8,orage,proche_banlieue,premium,1
CMD-005158,2025-11-09 21:50:37.106184,8,6,1,21.86,103.36,8.7,1,17.1,0.76,normal,proche_banlieue,premium,0
CMD-005159,2025-11-09 23:17:59.579929,9,6,1,3.98,87.42,10.09,1,19.3,1.0,normal,proche_banlieue,standard,1
CMD-005160,2025-11-10 00:45:22.053675,21,0,0,12.19,117.42,18.67,1,19.9,0.27,pluie,rurale,standard,1
CMD-005161,2025-11-10 02:12:44.527421,13,0,0,36.58,116.68,0.49,1,22.0,0.81,neige,centre,standard,0
CMD-005162,2025-11-10 03:40:07.001166,7,0,0,24.52,131.65,22.68,0,25.1,0.36,normal,banlieue,standard,0
CMD-005163,2025-11-10 05:07:29.474912,11,0,0,2.64,121.48,17.36,1,13.0,0.61,orage,centre,standard,1
CMD-005164,2025-11-10 06:34:51.948658,20,0,0,11.5,133.87,14.75,1,28.5,0.36,normal,centre,standard,1
CMD-005165,2025-11-10 08:02:14.422403,12,0,0,12.0,16.72,6.09,0,37.1,0.95,pluie,banlieue,standard,0
CMD-005166,2025-11-10 09:29:36.896149,8,0,0,10.24,23.06,19.68,1,38.3,0.61,normal,proche_banlieue,standard,0
CMD-005167,2025-11-10 10:56:59.369894,18,0,0,2.25,99.07,21.85,1,22.4,0.58,normal,centre,standard,1
CMD-005168,2025-11-10 12:24:21.843640,10,0,0,7.62,222.39,12.64,1,33.9,0.45,normal,proche_banlieue,standard,1
CMD-005169,2025-11-10 13:51:44.317386,12,0,0,7.58,199.8,7.45,1,18.2,0.56,normal,proche_banlieue,standard,1
CMD-005170,2025-11-10 15:19:06.791131,7,0,0,1.96,36.44,9.64,1,21.6,0.29,normal,rurale,standard,1
CMD-005171,2025-11-10 16:46:29.264877,16,0,0,5.18,128.76,10.52,1,29.0,0.75,normal,rurale,premium,1
CMD-005172,2025-11-10 18:13:51.738623,14,0,0,7.87,155.1,7.79,1,21.7,0.66,normal,centre,standard,1
CMD-005173,2025-11-10 19:41:14.212368,20,0,0,6.08,125.49,17.86,0,12.4,0.28,normal,banlieue,standard,0
CMD-005174,2025-11-10 21:08:36.686114,12,0,0,10.78,177.42,8.69,1,33.3,0.28,normal,proche_banlieue,premium,1
CMD-005175,2025-11-10 22:35:59.159859,10,0,0,5.08,249.34,20.57,0,16.7,0.43,normal,proche_banlieue,standard,1
CMD-005176,2025-11-11 00:03:21.633605,9,1,0,7.05,33.15,11.7,1,19.8,0.58,normal,centre,standard,1
CMD-005177,2025-11-11 01:30:44.107351,10,1,0,12.74,133.73,15.8,1,35.6,0.38,normal,banlieue,standard,0
CMD-005178,2025-11-11 02:58:06.581096,14,1,0,20.16,132.97,23.71,1,30.4,0.31,normal,banlieue,standard,0
CMD-005179,2025-11-11 04:25:29.054842,8,1,0,2.21,144.97,11.26,1,26.8,0.28,neige,rurale,premium,1
CMD-005180,2025-11-11 05:52:51.528588,13,1,0,10.49,50.07,4.42,1,10.3,0.44,neige,banlieue,standard,1
CMD-005181,2025-11-11 07:20:14.002333,20,1,0,4.45,163.21,13.84,0,13.4,0.7,normal,proche_banlieue,standard,0
CMD-005182,2025-11-11 08:47:36.476079,19,1,0,8.84,20.64,12.52,1,29.0,0.74,normal,rurale,standard,1
CMD-005183,2025-11-11 10:14:58.949824,17,1,0,2.05,187.87,19.61,1,31.3,0.43,pluie,proche_banlieue,premium,1
CMD-005184,2025-11-11 11:42:21.423570,21,1,0,14.97,169.16,21.53,1,27.5,0.55,normal,rurale,standard,0
CMD-005185,2025-11-11 13:09:43.897316,19,1,0,3.36,89.3,17.87,1,20.3,0.7,normal,centre,premium,1
CMD-005186,2025-11-11 14:37:06.371061,17,1,0,12.9,247.36,24.29,1,19.9,0.49,orage,proche_banlieue,standard,1
CMD-005187,2025-11-11 16:04:28.844807,20,1,0,2.32,208.91,6.88,1,27.2,0.98,neige,rurale,premium,1
CMD-005188,2025-11-11 17:31:51.318553,8,1,0,1.65,139.49,6.13,0,12.5,0.75,neige,centre,standard,0
CMD-005189,2025-11-11 18:59:13.792298,20,1,0,5.51,247.72,7.42,1,25.9,0.66,normal,rurale,standard,1
CMD-005190,2025-11-11 20:26:36.266044,11,1,0,7.67,209.22,16.84,0,11.1,0.6,normal,centre,standard,0
CMD-005191,2025-11-11 21:53:58.739789,18,1,0,25.98,43.11,5.97,1,14.5,0.59,pluie,banlieue,standard,0
CMD-005192,2025-11-11 23:21:21.213535,21,1,0,7.54,151.85,2.39,1,26.8,0.43,normal,banlieue,standard,1
CMD-005193,2025-11-12 00:48:43.687281,14,2,0,2.64,149.41,24.45,1,30.8,0.26,pluie,centre,standard,1
CMD-005194,2025-11-12 02:16:06.161026,8,2,0,11.48,166.71,8.0,1,28.4,0.87,normal,banlieue,standard,1
CMD-005195,2025-11-12 03:43:28.634772,12,2,0,16.68,235.78,5.72,1,13.9,0.92,neige,centre,premium,1
CMD-005196,2025-11-12 05:10:51.108518,13,2,0,3.19,128.09,9.1,1,6.3,0.98,normal,rurale,premium,1
CMD-005197,2025-11-12 06:38:13.582263,21,2,0,12.57,28.57,4.13,1,24.9,0.52,normal,rurale,premium,1
CMD-005198,2025-11-12 08:05:36.056009,22,2,0,15.28,125.04,1.09,0,6.0,0.96,neige,banlieue,standard,0
CMD-005199,2025-11-12 09:32:58.529754,16,2,0,11.68,199.07,7.77,0,34.4,0.76,pluie,rurale,standard,1
CMD-005200,2025-11-12 11:00:21.003500,22,2,0,3.81,96.07,8.58,1,14.2,0.54,normal,banlieue,premium,1
CMD-005201,2025-11-12 12:27:43.477246,13,2,0,7.73,16.51,20.31,1,47.3,0.93,orage,rurale,standard,0
CMD-005202,2025-11-12 13:55:05.950991,13,2,0,8.84,82.78,11.0,1,15.4,0.97,normal,banlieue,standard,1
CMD-005203,2025-11-12 15:22:28.424737,20,2,0,14.67,173.72,18.47,1,29.6,0.63,normal,banlieue,standard,0
CMD-005204,2025-11-12 16:49:50.898483,17,2,0,4.03,30.64,18.45,1,17.6,0.82,normal,rurale,standard,1
CMD-005205,2025-11-12 18:17:13.372228,15,2,0,12.79,100.23,19.77,1,23.3,0.82,pluie,proche_banlieue,standard,1
CMD-005206,2025-11-12 19:44:35.845974,14,2,0,5.91,41.95,22.98,1,26.8,0.69,normal,proche_banlieue,standard,1
CMD-005207,2025-11-12 21:11:58.319719,18,2,0,4.96,124.22,12.57,1,33.6,0.54,normal,rurale,standard,1
CMD-005208,2025-11-12 22:39:20.793465,19,2,0,6.86,43.96,2.78,0,35.2,0.31,neige,banlieue,standard,1
CMD-005209,2025-11-13 00:06:43.267211,14,3,0,0.51,36.17,1.16,1,32.3,1.0,normal,centre,standard,1
CMD-005210,2025-11-13 01:34:05.740956,7,3,0,0.77,177.47,4.84,1,35.4,0.26,pluie,proche_banlieue,premium,1
CMD-005211,2025-11-13 03:01:28.214702,8,3,0,1.06,47.92,20.76,1,18.8,0.31,pluie,proche_banlieue,standard,1
CMD-005212,2025-11-13 04:28:50.688448,9,3,0,9.12,47.15,14.44,1,31.5,0.5,normal,centre,standard,1
CMD-005213,2025-11-13 05:56:13.162193,14,3,0,5.42,152.2,3.67,1,21.6,0.52,pluie,proche_banlieue,standard,1
CMD-005214,2025-11-13 07:23:35.635939,16,3,0,3.82,20.46,3.49,1,34.9,0.41,pluie,centre,premium,1
CMD-005215,2025-11-13 08:50:58.109684,19,3,0,6.4,17.92,22.31,1,26.2,0.26,normal,centre,standard,1
CMD-005216,2025-11-13 10:18:20.583430,10,3,0,13.0,113.55,13.1,1,31.2,0.92,normal,rurale,standard,1
CMD-005217,2025-11-13 11:45:43.057176,19,3,0,6.17,97.62,4.46,1,27.9,0.61,normal,centre,premium,1
CMD-005218,2025-11-13 13:13:05.530921,17,3,0,2.57,140.71,22.44,1,32.6,0.98,normal,rurale,premium,1
CMD-005219,2025-11-13 14:40:28.004667,7,3,0,28.74,248.44,18.07,1,16.9,0.9,normal,proche_banlieue,standard,1
CMD-005220,2025-11-13 16:07:50.478413,12,3,0,6.65,114.33,12.05,0,9.3,0.6,normal,rurale,standard,1
CMD-005221,2025-11-13 17:35:12.952158,11,3,0,15.37,148.25,11.73,1,34.9,0.51,normal,banlieue,standard,1
CMD-005222,2025-11-13 19:02:35.425904,21,3,0,11.75,230.62,16.88,1,38.4,0.4,normal,proche_banlieue,premium,1
CMD-005223,2025-11-13 20:29:57.899649,21,3,0,4.69,125.96,8.59,1,23.8,0.99,normal,centre,standard,1
CMD-005224,2025-11-13 21:57:20.373395,20,3,0,19.97,197.47,25.0,1,33.1,0.68,pluie,rurale,standard,0
CMD-005225,2025-11-13 23:24:42.847141,15,3,0,4.09,141.68,19.66,0,8.7,0.87,neige,banlieue,standard,0
CMD-005226,2025-11-14 00:52:05.320886,14,4,0,9.0,162.93,16.1,1,18.8,0.99,pluie,centre,standard,1
CMD-005227,2025-11-14 02:19:27.794632,11,4,0,8.15,233.8,17.25,1,25.8,0.38,pluie,rurale,standard,1
CMD-005228,2025-11-14 03:46:50.268378,19,4,0,8.73,10.17,24.9,1,7.6,0.94,normal,proche_banlieue,standard,1
CMD-005229,2025-11-14 05:14:12.742123,8,4,0,17.76,226.23,0.47,1,9.7,0.84,neige,centre,standard,1
CMD-005230,2025-11-14 06:41:35.215869,11,4,0,6.79,129.45,0.77,0,26.6,0.56,neige,centre,standard,1
CMD-005231,2025-11-14 08:08:57.689614,9,4,0,7.79,155.62,19.67,1,18.9,0.96,neige,rurale,premium,0
CMD-005232,2025-11-14 09:36:20.163360,14,4,0,8.08,118.01,5.39,1,21.5,0.67,normal,proche_banlieue,standard,1
CMD-005233,2025-11-14 11:03:42.637106,11,4,0,25.26,72.62,17.19,0,20.9,0.51,normal,banlieue,standard,0
CMD-005234,2025-11-14 12:31:05.110851,10,4,0,14.59,25.84,12.68,1,12.2,0.33,normal,proche_banlieue,standard,1
CMD-005235,2025-11-14 13:58:27.584597,13,4,0,1.57,236.83,8.1,1,22.8,0.78,normal,centre,premium,1
CMD-005236,2025-11-14 15:25:50.058343,20,4,0,4.22,159.73,5.94,1,24.9,0.82,normal,centre,standard,1
CMD-005237,2025-11-14 16:53:12.532088,15,4,0,7.15,219.63,19.46,1,19.2,0.37,normal,rurale,standard,1
CMD-005238,2025-11-14 18:20:35.005834,20,4,0,17.51,79.79,4.44,1,20.0,0.5,neige,centre,premium,1
CMD-005239,2025-11-14 19:47:57.479579,21,4,0,18.67,76.72,4.14,1,23.0,0.24,normal,rurale,standard,1
CMD-005240,2025-11-14 21:15:19.953325,21,4,0,6.48,90.59,11.16,1,33.2,0.65,normal,centre,standard,1
CMD-005241,2025-11-14 22:42:42.427071,12,4,0,4.11,65.45,3.16,1,24.1,0.68,normal,rurale,standard,1
CMD-005242,2025-11-15 00:10:04.900816,21,5,1,5.8,129.51,16.11,1,5.7,0.88,normal,centre,standard,0
CMD-005243,2025-11-15 01:37:27.374562,21,5,1,7.35,234.7,24.8,1,13.1,0.22,normal,proche_banlieue,premium,0
CMD-005244,2025-11-15 03:04:49.848308,22,5,1,5.49,220.26,18.75,1,34.3,0.3,pluie,centre,standard,1
CMD-005245,2025-11-15 04:32:12.322053,12,5,1,15.63,128.82,15.16,1,18.1,0.23,normal,centre,standard,0
CMD-005246,2025-11-15 05:59:34.795799,10,5,1,5.08,93.7,9.99,1,24.1,0.96,normal,rurale,standard,1
CMD-005247,2025-11-15 07:26:57.269544,16,5,1,3.23,156.81,24.7,1,44.2,0.61,normal,centre,standard,1
CMD-005248,2025-11-15 08:54:19.743290,21,5,1,5.7,156.94,22.02,1,31.3,0.4,normal,rurale,standard,0
CMD-005249,2025-11-15 10:21:42.217036,21,5,1,8.46,174.1,20.55,1,5.0,0.22,normal,proche_banlieue,standard,1
CMD-005250,2025-11-15 11:49:04.690781,16,5,1,15.83,138.54,5.9,0,39.4,0.28,normal,banlieue,standard,0
CMD-005251,2025-11-15 13:16:27.164527,9,5,1,3.01,16.42,3.26,1,26.5,0.78,orage,proche_banlieue,standard,1
CMD-005252,2025-11-15 14:43:49.638273,13,5,1,8.5,28.25,4.61,0,28.7,0.58,normal,rurale,premium,1
CMD-005253,2025-11-15 16:11:12.112018,18,5,1,8.69,243.71,6.62,1,28.0,0.79,normal,banlieue,standard,1
CMD-005254,2025-11-15 17:38:34.585764,15,5,1,9.9,189.1,2.23,1,34.1,0.41,normal,rurale,standard,1
CMD-005255,2025-11-15 19:05:57.059509,12,5,1,5.07,237.58,22.23,0,24.2,0.55,pluie,centre,premium,0
CMD-005256,2025-11-15 20:33:19.533255,12,5,1,9.78,91.49,4.79,1,10.2,0.7,normal,centre,standard,1
CMD-005257,2025-11-15 22:00:42.007001,7,5,1,11.54,138.39,5.82,1,28.2,0.37,pluie,banlieue,premium,1
CMD-005258,2025-11-15 23:28:04.480746,11,5,1,5.03,87.27,22.23,1,11.2,0.43,neige,banlieue,premium,1
CMD-005259,2025-11-16 00:55:26.954492,17,6,1,7.78,228.14,23.96,1,43.2,0.31,normal,proche_banlieue,standard,1
CMD-005260,2025-11-16 02:22:49.428238,10,6,1,5.98,79.06,5.7,1,21.4,0.77,pluie,proche_banlieue,standard,1
CMD-005261,2025-11-16 03:50:11.901983,22,6,1,3.62,176.51,7.5,1,24.5,0.67,normal,proche_banlieue,standard,1
CMD-005262,2025-11-16 05:17:34.375729,8,6,1,2.1,52.01,20.04,0,18.2,0.56,pluie,proche_banlieue,standard,1
CMD-005263,2025-11-16 06:44:56.849474,16,6,1,4.09,35.26,24.26,1,28.4,0.65,normal,proche_banlieue,standard,1
CMD-005264,2025-11-16 08:12:19.323220,14,6,1,4.34,47.35,16.31,1,29.5,0.34,normal,proche_banlieue,premium,1
CMD-005265,2025-11-16 09:39:41.796966,20,6,1,2.07,137.07,11.18,0,18.2,0.85,normal,proche_banlieue,standard,0
CMD-005266,2025-11-16 11:07:04.270711,21,6,1,9.32,212.69,16.93,1,29.5,0.8,normal,proche_banlieue,standard,1
CMD-005267,2025-11-16 12:34:26.744457,15,6,1,12.12,249.83,19.55,0,25.7,0.35,normal,centre,standard,0
CMD-005268,2025-11-16 14:01:49.218203,17,6,1,5.85,159.44,2.99,1,24.0,0.91,normal,centre,standard,1
CMD-005269,2025-11-16 15:29:11.691948,18,6,1,6.54,138.06,11.0,1,17.5,0.52,normal,banlieue,premium,0
CMD-005270,2025-11-16 16:56:34.165694,15,6,1,4.58,198.85,21.46,1,48.1,0.57,normal,rurale,premium,1
CMD-005271,2025-11-16 18:23:56.639439,9,6,1,6.26,25.3,17.69,0,36.8,0.63,normal,centre,standard,0
CMD-005272,2025-11-16 19:51:19.113185,13,6,1,9.83,204.26,4.01,1,32.3,0.83,normal,rurale,standard,1
CMD-005273,2025-11-16 21:18:41.586931,10,6,1,8.51,192.01,18.93,0,36.3,0.33,pluie,banlieue,premium,0
CMD-005274,2025-11-16 22:46:04.060676,14,6,1,6.23,137.09,16.75,1,28.0,0.41,normal,rurale,premium,0
CMD-005275,2025-11-17 00:13:26.534422,16,0,0,4.34,15.52,6.76,1,21.5,0.95,normal,proche_banlieue,standard,1
CMD-005276,2025-11-17 01:40:49.008168,10,0,0,11.43,58.53,8.73,1,5.0,0.95,orage,banlieue,standard,1
CMD-005277,2025-11-17 03:08:11.481913,10,0,0,4.71,98.73,8.0,1,12.8,0.85,normal,proche_banlieue,standard,1
CMD-005278,2025-11-17 04:35:33.955659,20,0,0,2.23,235.89,24.83,1,46.7,0.33,normal,rurale,standard,1
CMD-005279,2025-11-17 06:02:56.429404,13,0,0,7.44,163.24,4.76,1,36.6,0.68,neige,centre,standard,1
CMD-005280,2025-11-17 07:30:18.903150,10,0,0,1.28,132.42,20.77,1,27.0,0.56,pluie,centre,standard,1
CMD-005281,2025-11-17 08:57:41.376896,18,0,0,8.26,127.22,13.36,1,9.2,0.26,normal,rurale,premium,1
CMD-005282,2025-11-17 10:25:03.850641,18,0,0,8.71,197.19,22.04,1,31.3,0.26,normal,centre,standard,1
CMD-005283,2025-11-17 11:52:26.324387,20,0,0,4.05,87.67,24.55,1,22.2,0.89,normal,rurale,standard,1
CMD-005284,2025-11-17 13:19:48.798133,19,0,0,4.55,32.69,24.03,1,32.0,0.27,pluie,centre,standard,1
CMD-005285,2025-11-17 14:47:11.271878,22,0,0,12.57,172.49,21.39,1,13.9,0.42,normal,centre,standard,1
CMD-005286,2025-11-17 16:14:33.745624,16,0,0,23.68,88.96,10.46,1,20.1,0.32,pluie,proche_banlieue,standard,0
CMD-005287,2025-11-17 17:41:56.219369,11,0,0,6.82,88.14,6.93,1,33.9,0.66,normal,banlieue,standard,1
CMD-005288,2025-11-17 19:09:18.693115,20,0,0,4.12,119.13,8.12,0,44.3,0.81,normal,proche_banlieue,standard,1
CMD-005289,2025-11-17 20:36:41.166861,11,0,0,8.77,68.26,16.4,1,18.4,0.41,normal,rurale,standard,1
CMD-005290,2025-11-17 22:04:03.640606,11,0,0,6.05,231.21,8.68,0,15.0,0.83,normal,banlieue,standard,1
CMD-005291,2025-11-17 23:31:26.114352,20,0,0,8.35,213.27,10.99,1,35.2,0.34,neige,proche_banlieue,standard,0
CMD-005292,2025-11-18 00:58:48.588098,21,1,0,7.46,247.86,2.18,1,12.4,0.49,normal,proche_banlieue,standard,1
CMD-005293,2025-11-18 02:26:11.061843,12,1,0,7.6,241.49,19.32,1,13.1,0.39,normal,proche_banlieue,premium,1
CMD-005294,2025-11-18 03:53:33.535589,18,1,0,0.87,85.47,2.96,1,27.7,0.56,normal,banlieue,premium,1
CMD-005295,2025-11-18 05:20:56.009334,21,1,0,4.53,101.34,8.56,1,45.9,0.98,normal,rurale,standard,1
CMD-005296,2025-11-18 06:48:18.483080,19,1,0,4.19,177.58,14.84,1,16.5,0.79,normal,rurale,standard,1
CMD-005297,2025-11-18 08:15:40.956826,7,1,0,4.14,13.8,13.37,1,21.3,0.36,normal,centre,premium,1
CMD-005298,2025-11-18 09:43:03.430571,17,1,0,10.36,248.53,22.35,1,26.1,0.97,orage,proche_banlieue,premium,1
CMD-005299,2025-11-18 11:10:25.904317,9,1,0,2.43,12.6,16.54,1,20.3,0.75,normal,proche_banlieue,premium,1
CMD-005300,2025-11-18 12:37:48.378063,20,1,0,0.87,137.56,19.77,1,7.3,0.56,normal,banlieue,standard,1
CMD-005301,2025-11-18 14:05:10.851808,8,1,0,4.07,170.49,7.73,1,33.0,0.93,normal,proche_banlieue,standard,1
CMD-005302,2025-11-18 15:32:33.325554,22,1,0,3.4,229.4,3.48,1,26.9,0.81,normal,rurale,premium,1
CMD-005303,2025-11-18 16:59:55.799299,9,1,0,6.85,164.59,18.63,1,28.7,0.78,normal,proche_banlieue,standard,1
CMD-005304,2025-11-18 18:27:18.273045,13,1,0,3.38,153.27,4.01,1,23.6,0.36,orage,centre,standard,0
CMD-005305,2025-11-18 19:54:40.746791,10,1,0,5.39,82.09,20.89,1,40.1,0.3,pluie,banlieue,standard,1
CMD-005306,2025-11-18 21:22:03.220536,20,1,0,4.8,151.82,23.59,1,20.0,0.89,normal,proche_banlieue,standard,1
CMD-005307,2025-11-18 22:49:25.694282,13,1,0,15.29,189.93,7.22,0,14.2,0.74,normal,rurale,standard,0
CMD-005308,2025-11-19 00:16:48.168028,18,2,0,3.45,133.74,19.07,1,41.6,0.85,normal,centre,standard,1
CMD-005309,2025-11-19 01:44:10.641773,8,2,0,9.93,197.11,11.05,1,5.0,0.81,pluie,centre,standard,1
CMD-005310,2025-11-19 03:11:33.115519,14,2,0,6.2,26.71,7.62,1,23.5,0.92,normal,rurale,standard,1
CMD-005311,2025-11-19 04:38:55.589264,21,2,0,12.76,90.49,10.89,1,24.2,0.5,pluie,proche_banlieue,standard,1
CMD-005312,2025-11-19 06:06:18.063010,21,2,0,18.46,240.36,16.24,1,23.9,0.48,pluie,centre,standard,0
CMD-005313,2025-11-19 07:33:40.536756,10,2,0,6.13,87.63,24.7,1,9.5,0.39,neige,banlieue,premium,1
CMD-005314,2025-11-19 09:01:03.010501,13,2,0,1.33,159.25,7.64,1,13.1,0.28,normal,rurale,standard,1
CMD-005315,2025-11-19 10:28:25.484247,13,2,0,2.44,134.77,17.71,1,34.6,0.59,pluie,rurale,standard,1
CMD-005316,2025-11-19 11:55:47.957992,16,2,0,1.93,234.79,8.5,1,38.9,0.6,normal,rurale,standard,1
CMD-005317,2025-11-19 13:23:10.431738,15,2,0,4.55,49.07,6.43,1,20.8,0.29,normal,centre,standard,1
CMD-005318,2025-11-19 14:50:32.905484,8,2,0,3.99,81.85,15.87,1,15.7,0.68,normal,rurale,standard,1
CMD-005319,2025-11-19 16:17:55.379229,19,2,0,7.73,216.97,19.08,1,7.2,0.49,normal,centre,premium,1
CMD-005320,2025-11-19 17:45:17.852975,10,2,0,12.09,169.89,17.99,1,34.4,0.56,normal,proche_banlieue,standard,1
CMD-005321,2025-11-19 19:12:40.326721,12,2,0,1.18,140.33,23.58,1,35.0,0.61,normal,centre,standard,1
CMD-005322,2025-11-19 20:40:02.800466,20,2,0,6.56,104.78,2.86,1,5.0,0.45,normal,proche_banlieue,standard,1
CMD-005323,2025-11-19 22:07:25.274212,18,2,0,3.54,108.72,13.61,1,5.0,0.75,normal,centre,standard,1
CMD-005324,2025-11-19 23:34:47.747957,13,2,0,6.74,234.38,7.41,1,26.4,0.61,normal,rurale,standard,1
CMD-005325,2025-11-20 01:02:10.221703,21,3,0,4.57,171.06,20.46,1,27.7,0.55,normal,rurale,standard,1
CMD-005326,2025-11-20 02:29:32.695449,13,3,0,10.72,232.98,1.74,1,20.2,0.53,normal,centre,standard,1
CMD-005327,2025-11-20 03:56:55.169194,16,3,0,2.6,243.32,4.56,1,24.7,0.22,normal,centre,standard,1
CMD-005328,2025-11-20 05:24:17.642940,10,3,0,3.73,141.28,19.35,1,22.5,0.82,normal,centre,standard,1
CMD-005329,2025-11-20 06:51:40.116686,9,3,0,5.81,156.37,9.0,1,25.3,0.97,normal,proche_banlieue,premium,1
CMD-005330,2025-11-20 08:19:02.590431,14,3,0,4.96,167.53,17.11,1,16.0,0.3,normal,rurale,premium,1
CMD-005331,2025-11-20 09:46:25.064177,16,3,0,5.78,211.4,24.96,1,24.9,0.43,neige,banlieue,standard,1
CMD-005332,2025-11-20 11:13:47.537922,19,3,0,1.51,168.18,11.6,1,18.3,0.88,neige,proche_banlieue,standard,1
CMD-005333,2025-11-20 12:41:10.011668,13,3,0,16.63,37.52,13.42,1,17.4,0.77,normal,rurale,premium,1
CMD-005334,2025-11-20 14:08:32.485414,21,3,0,4.29,236.18,24.39,0,6.3,0.45,normal,proche_banlieue,standard,1
CMD-005335,2025-11-20 15:35:54.959159,16,3,0,2.77,168.62,18.71,1,23.2,0.72,normal,banlieue,standard,1
CMD-005336,2025-11-20 17:03:17.432905,8,3,0,5.91,218.78,5.08,1,33.0,0.93,normal,proche_banlieue,standard,1
CMD-005337,2025-11-20 18:30:39.906651,18,3,0,6.61,111.94,20.15,1,21.7,0.38,normal,banlieue,premium,1
CMD-005338,2025-11-20 19:58:02.380396,16,3,0,21.56,123.93,12.99,1,21.5,0.74,normal,proche_banlieue,premium,0
CMD-005339,2025-11-20 21:25:24.854142,13,3,0,13.44,175.33,19.73,1,37.6,0.85,neige,centre,standard,1
CMD-005340,2025-11-20 22:52:47.327887,14,3,0,4.88,196.34,15.04,1,35.2,0.28,normal,banlieue,standard,1
CMD-005341,2025-11-21 00:20:09.801633,11,4,0,19.09,28.83,5.84,1,42.3,0.95,normal,centre,standard,1
CMD-005342,2025-11-21 01:47:32.275379,16,4,0,16.66,107.76,20.4,0,47.6,0.97,normal,proche_banlieue,standard,0
CMD-005343,2025-11-21 03:14:54.749124,16,4,0,2.79,194.77,0.25,0,25.6,0.79,normal,banlieue,premium,1
CMD-005344,2025-11-21 04:42:17.222870,14,4,0,24.86,248.14,22.22,1,13.4,0.61,normal,proche_banlieue,standard,0
CMD-005345,2025-11-21 06:09:39.696616,11,4,0,4.35,12.79,20.5,0,19.8,0.68,normal,centre,standard,0
CMD-005346,2025-11-21 07:37:02.170361,13,4,0,7.2,73.55,24.26,1,30.7,0.72,normal,banlieue,standard,1
CMD-005347,2025-11-21 09:04:24.644107,14,4,0,14.98,121.56,1.08,1,39.4,0.32,neige,centre,premium,1
CMD-005348,2025-11-21 10:31:47.117852,14,4,0,1.19,63.51,11.05,1,14.5,0.44,pluie,centre,standard,1
CMD-005349,2025-11-21 11:59:09.591598,11,4,0,5.78,16.46,4.39,1,27.6,0.28,pluie,proche_banlieue,standard,1
CMD-005350,2025-11-21 13:26:32.065344,16,4,0,8.04,139.49,9.47,1,17.1,0.5,normal,centre,standard,1
CMD-005351,2025-11-21 14:53:54.539089,10,4,0,13.1,165.86,9.12,1,23.5,0.8,normal,proche_banlieue,premium,1
CMD-005352,2025-11-21 16:21:17.012835,15,4,0,6.37,109.85,15.02,1,23.4,0.91,pluie,banlieue,standard,1
CMD-005353,2025-11-21 17:48:39.486581,8,4,0,1.21,98.77,11.05,1,28.8,0.5,normal,banlieue,standard,1
CMD-005354,2025-11-21 19:16:01.960326,14,4,0,21.45,246.55,24.15,1,45.3,0.69,pluie,proche_banlieue,standard,0
CMD-005355,2025-11-21 20:43:24.434072,19,4,0,6.54,124.61,7.09,0,29.8,0.68,normal,centre,premium,1
CMD-005356,2025-11-21 22:10:46.907817,20,4,0,8.27,201.54,10.59,1,20.7,0.58,normal,rurale,standard,0
CMD-005357,2025-11-21 23:38:09.381563,18,4,0,1.68,78.92,17.58,1,19.1,0.76,normal,banlieue,premium,0
CMD-005358,2025-11-22 01:05:31.855309,18,5,1,16.17,209.25,7.06,1,23.1,0.32,normal,centre,standard,1
CMD-005359,2025-11-22 02:32:54.329054,8,5,1,4.41,207.69,18.15,1,16.3,0.26,pluie,banlieue,standard,1
CMD-005360,2025-11-22 04:00:16.802800,12,5,1,3.55,74.25,17.78,1,26.4,0.48,pluie,rurale,premium,0
CMD-005361,2025-11-22 05:27:39.276546,17,5,1,13.81,167.41,17.86,1,5.0,0.98,neige,rurale,standard,1
CMD-005362,2025-11-22 06:55:01.750291,19,5,1,1.88,173.68,16.94,1,22.9,0.96,pluie,proche_banlieue,premium,1
CMD-005363,2025-11-22 08:22:24.224037,16,5,1,8.35,116.23,20.47,1,23.7,0.71,pluie,banlieue,standard,1
CMD-005364,2025-11-22 09:49:46.697782,20,5,1,3.46,195.71,24.87,0,13.4,0.66,pluie,banlieue,standard,0
CMD-005365,2025-11-22 11:17:09.171528,11,5,1,9.08,83.65,1.57,1,21.2,0.71,pluie,banlieue,premium,0
CMD-005366,2025-11-22 12:44:31.645274,9,5,1,10.83,126.23,12.53,1,36.2,0.54,pluie,rurale,premium,1
CMD-005367,2025-11-22 14:11:54.119019,8,5,1,4.28,247.64,20.36,0,36.9,0.43,normal,proche_banlieue,premium,0
CMD-005368,2025-11-22 15:39:16.592765,16,5,1,15.54,52.88,0.2,1,19.7,0.2,orage,centre,standard,0
CMD-005369,2025-11-22 17:06:39.066511,17,5,1,6.55,45.47,13.72,0,30.2,0.22,normal,banlieue,standard,0
CMD-005370,2025-11-22 18:34:01.540256,11,5,1,21.66,44.13,16.56,1,10.0,0.98,normal,rurale,standard,0
CMD-005371,2025-11-22 20:01:24.014002,19,5,1,13.92,249.55,4.96,1,22.0,0.8,normal,rurale,standard,1
CMD-005372,2025-11-22 21:28:46.487747,18,5,1,7.12,48.38,10.14,1,27.3,0.75,pluie,centre,standard,1
CMD-005373,2025-11-22 22:56:08.961493,12,5,1,7.08,55.66,19.78,1,40.3,0.88,pluie,rurale,premium,1
CMD-005374,2025-11-23 00:23:31.435239,10,6,1,2.07,176.75,1.85,1,36.9,0.69,normal,centre,standard,1
CMD-005375,2025-11-23 01:50:53.908984,18,6,1,13.79,192.28,3.54,1,27.1,0.73,normal,rurale,standard,1
CMD-005376,2025-11-23 03:18:16.382730,17,6,1,3.95,136.49,20.49,1,15.9,0.83,pluie,banlieue,premium,1
CMD-005377,2025-11-23 04:45:38.856476,9,6,1,7.7,245.84,20.27,1,38.6,0.3,pluie,centre,standard,1
CMD-005378,2025-11-23 06:13:01.330221,11,6,1,21.53,19.34,14.84,1,21.6,0.35,normal,centre,premium,1
CMD-005379,2025-11-23 07:40:23.803967,14,6,1,15.35,159.0,10.52,1,29.5,0.64,pluie,centre,standard,1
CMD-005380,2025-11-23 09:07:46.277712,15,6,1,2.95,155.55,2.82,1,23.8,0.28,pluie,centre,premium,1
CMD-005381,2025-11-23 10:35:08.751458,9,6,1,6.58,87.1,20.32,1,44.9,0.73,normal,centre,standard,1
CMD-005382,2025-11-23 12:02:31.225204,22,6,1,8.28,225.87,6.2,1,18.9,0.87,normal,rurale,standard,1
CMD-005383,2025-11-23 13:29:53.698949,13,6,1,16.63,142.69,22.85,1,34.2,0.87,normal,centre,standard,0
CMD-005384,2025-11-23 14:57:16.172695,13,6,1,15.0,69.12,19.44,1,24.1,0.46,pluie,rurale,standard,0
CMD-005385,2025-11-23 16:24:38.646441,7,6,1,9.86,31.21,2.21,0,30.7,0.36,orage,centre,standard,0
CMD-005386,2025-11-23 17:52:01.120186,21,6,1,9.21,35.71,15.96,1,41.2,0.97,orage,proche_banlieue,standard,1
CMD-005387,2025-11-23 19:19:23.593932,10,6,1,6.49,225.36,23.03,1,5.0,0.93,pluie,banlieue,standard,1
CMD-005388,2025-11-23 20:46:46.067677,22,6,1,8.1,70.07,22.0,1,24.3,0.45,normal,proche_banlieue,standard,1
CMD-005389,2025-11-23 22:14:08.541423,14,6,1,5.38,227.68,15.41,1,16.1,0.92,normal,proche_banlieue,standard,1
CMD-005390,2025-11-23 23:41:31.015169,20,6,1,11.55,38.83,4.46,1,29.5,0.9,normal,banlieue,standard,1
CMD-005391,2025-11-24 01:08:53.488914,9,0,0,9.55,246.14,17.07,1,31.9,0.47,normal,centre,standard,1
CMD-005392,2025-11-24 02:36:15.962660,9,0,0,13.46,210.0,16.72,1,20.3,0.49,pluie,proche_banlieue,standard,1
CMD-005393,2025-11-24 04:03:38.436406,19,0,0,13.2,37.89,14.8,1,19.8,0.95,orage,banlieue,standard,1
CMD-005394,2025-11-24 05:31:00.910151,20,0,0,3.93,30.65,6.79,0,27.0,0.79,normal,proche_banlieue,standard,1
CMD-005395,2025-11-24 06:58:23.383897,15,0,0,0.64,202.82,22.53,1,12.3,0.69,normal,centre,standard,1
CMD-005396,2025-11-24 08:25:45.857642,7,0,0,3.68,28.74,12.66,1,28.3,0.96,normal,centre,standard,1
CMD-005397,2025-11-24 09:53:08.331388,22,0,0,8.06,72.92,7.57,1,16.8,0.89,normal,banlieue,premium,1
CMD-005398,2025-11-24 11:20:30.805134,13,0,0,5.38,202.3,6.53,1,32.3,0.26,normal,rurale,standard,1
CMD-005399,2025-11-24 12:47:53.278879,21,0,0,5.21,227.82,7.17,1,11.8,0.6,normal,centre,standard,1
CMD-005400,2025-11-24 14:15:15.752625,20,0,0,3.49,194.24,11.64,1,19.3,0.92,normal,proche_banlieue,standard,1
CMD-005401,2025-11-24 15:42:38.226371,20,0,0,8.9,223.57,5.93,1,17.5,0.29,normal,centre,standard,1
CMD-005402,2025-11-24 17:10:00.700116,18,0,0,1.25,144.37,13.03,1,22.0,0.26,orage,rurale,premium,1
CMD-005403,2025-11-24 18:37:23.173862,17,0,0,9.81,197.11,4.96,1,38.8,0.89,normal,rurale,standard,1
CMD-005404,2025-11-24 20:04:45.647607,15,0,0,9.94,92.6,6.92,0,33.5,0.82,normal,proche_banlieue,premium,0
CMD-005405,2025-11-24 21:32:08.121353,7,0,0,13.25,198.45,3.17,0,20.2,0.33,pluie,centre,standard,0
CMD-005406,2025-11-24 22:59:30.595099,13,0,0,38.92,173.14,9.06,1,20.2,0.34,normal,banlieue,standard,0
CMD-005407,2025-11-25 00:26:53.068844,18,1,0,0.54,147.96,10.27,1,33.9,0.87,normal,banlieue,standard,1
CMD-005408,2025-11-25 01:54:15.542590,19,1,0,9.62,248.15,10.21,1,13.4,0.37,orage,banlieue,standard,1
CMD-005409,2025-11-25 03:21:38.016336,15,1,0,11.0,122.75,18.18,0,25.2,0.32,pluie,centre,standard,1
CMD-005410,2025-11-25 04:49:00.490081,18,1,0,3.69,158.62,12.19,1,18.9,0.93,normal,centre,standard,1
CMD-005411,2025-11-25 06:16:22.963827,7,1,0,5.69,132.38,17.39,1,23.3,0.84,normal,centre,standard,1
CMD-005412,2025-11-25 07:43:45.437572,14,1,0,4.46,72.52,1.02,1,33.1,0.52,normal,banlieue,standard,1
CMD-005413,2025-11-25 09:11:07.911318,15,1,0,10.07,89.29,11.03,1,18.3,0.7,neige,proche_banlieue,standard,1
CMD-005414,2025-11-25 10:38:30.385064,21,1,0,14.26,244.91,2.43,1,34.7,0.54,normal,centre,premium,1
CMD-005415,2025-11-25 12:05:52.858809,11,1,0,2.35,104.11,11.66,0,47.0,0.42,pluie,rurale,standard,1
CMD-005416,2025-11-25 13:33:15.332555,10,1,0,8.98,173.06,15.46,1,31.0,0.99,normal,rurale,standard,1
CMD-005417,2025-11-25 15:00:37.806301,12,1,0,16.29,146.1,19.96,1,24.2,0.64,normal,banlieue,standard,1
CMD-005418,2025-11-25 16:28:00.280046,9,1,0,3.92,223.55,13.85,1,36.6,0.71,normal,banlieue,standard,0
CMD-005419,2025-11-25 17:55:22.753792,15,1,0,3.15,191.85,9.61,1,13.9,0.53,normal,banlieue,standard,1
CMD-005420,2025-11-25 19:22:45.227537,17,1,0,2.83,29.36,6.76,1,40.2,0.6,normal,proche_banlieue,standard,1
CMD-005421,2025-11-25 20:50:07.701283,19,1,0,3.3,95.31,23.94,1,17.5,0.43,normal,centre,standard,1
CMD-005422,2025-11-25 22:17:30.175029,22,1,0,21.28,180.86,5.12,1,46.7,0.54,normal,banlieue,standard,0
CMD-005423,2025-11-25 23:44:52.648774,8,1,0,24.58,48.73,1.25,1,17.8,0.7,normal,proche_banlieue,standard,1
CMD-005424,2025-11-26 01:12:15.122520,10,2,0,17.72,130.83,3.32,1,31.6,0.85,normal,proche_banlieue,standard,1
CMD-005425,2025-11-26 02:39:37.596266,11,2,0,5.29,86.26,24.94,1,9.4,0.84,neige,banlieue,standard,1
CMD-005426,2025-11-26 04:07:00.070011,10,2,0,18.18,25.54,22.67,1,22.9,0.21,pluie,proche_banlieue,standard,0
CMD-005427,2025-11-26 05:34:22.543757,20,2,0,2.69,249.32,8.14,1,14.2,0.63,normal,banlieue,standard,1
CMD-005428,2025-11-26 07:01:45.017502,9,2,0,11.75,233.05,0.3,1,10.6,0.5,neige,centre,standard,1
CMD-005429,2025-11-26 08:29:07.491248,7,2,0,4.22,189.41,19.23,1,37.1,0.69,normal,rurale,standard,1
CMD-005430,2025-11-26 09:56:29.964994,20,2,0,2.37,58.25,7.65,1,12.7,0.91,normal,rurale,premium,1
CMD-005431,2025-11-26 11:23:52.438739,22,2,0,8.78,247.25,0.75,1,17.6,0.82,normal,proche_banlieue,standard,1
CMD-005432,2025-11-26 12:51:14.912485,10,2,0,8.94,161.39,11.52,0,16.5,0.46,normal,proche_banlieue,standard,1
CMD-005433,2025-11-26 14:18:37.386231,12,2,0,9.58,241.86,10.72,1,36.4,0.79,normal,centre,standard,1
CMD-005434,2025-11-26 15:45:59.859976,15,2,0,10.37,20.22,9.17,1,35.2,0.28,normal,rurale,standard,1
CMD-005435,2025-11-26 17:13:22.333722,15,2,0,8.47,51.63,16.4,1,37.7,0.3,normal,proche_banlieue,premium,1
CMD-005436,2025-11-26 18:40:44.807467,22,2,0,6.12,172.54,18.21,1,17.1,0.38,pluie,banlieue,premium,1
CMD-005437,2025-11-26 20:08:07.281213,13,2,0,7.01,227.72,14.07,1,38.5,0.52,normal,proche_banlieue,standard,1
CMD-005438,2025-11-26 21:35:29.754959,7,2,0,11.86,52.19,0.55,1,17.1,0.61,normal,rurale,standard,1
CMD-005439,2025-11-26 23:02:52.228704,13,2,0,8.24,86.1,0.76,1,17.5,0.52,normal,proche_banlieue,standard,1
CMD-005440,2025-11-27 00:30:14.702450,15,3,0,4.61,151.16,22.07,1,18.0,0.7,normal,proche_banlieue,standard,0
CMD-005441,2025-11-27 01:57:37.176196,15,3,0,3.63,249.92,4.82,1,18.4,0.3,normal,centre,standard,1
CMD-005442,2025-11-27 03:24:59.649941,15,3,0,6.96,201.92,10.07,1,24.1,0.62,normal,rurale,standard,0
CMD-005443,2025-11-27 04:52:22.123687,21,3,0,16.24,231.66,2.77,1,16.6,0.42,normal,proche_banlieue,standard,1
CMD-005444,2025-11-27 06:19:44.597432,19,3,0,10.48,172.0,5.89,1,27.3,0.49,normal,banlieue,standard,1
CMD-005445,2025-11-27 07:47:07.071178,11,3,0,16.83,220.57,12.24,1,5.0,0.61,normal,centre,standard,1
CMD-005446,2025-11-27 09:14:29.544924,12,3,0,5.22,131.69,6.04,1,27.3,0.31,normal,banlieue,standard,0
CMD-005447,2025-11-27 10:41:52.018669,17,3,0,7.79,39.8,16.55,1,14.1,0.51,pluie,proche_banlieue,standard,1
CMD-005448,2025-11-27 12:09:14.492415,13,3,0,8.67,180.29,9.31,1,18.3,0.81,pluie,proche_banlieue,standard,1
CMD-005449,2025-11-27 13:36:36.966161,13,3,0,12.24,154.35,19.75,1,18.5,0.42,normal,proche_banlieue,standard,1
CMD-005450,2025-11-27 15:03:59.439906,9,3,0,5.23,126.48,15.13,1,34.4,0.81,pluie,proche_banlieue,standard,1
CMD-005451,2025-11-27 16:31:21.913652,11,3,0,10.46,76.0,6.5,1,30.0,0.38,orage,banlieue,premium,0
CMD-005452,2025-11-27 17:58:44.387397,18,3,0,15.62,198.21,20.25,1,23.3,0.8,normal,proche_banlieue,standard,1
CMD-005453,2025-11-27 19:26:06.861143,20,3,0,6.38,206.9,23.32,1,17.8,0.36,neige,rurale,standard,1
CMD-005454,2025-11-27 20:53:29.334889,19,3,0,3.25,97.4,3.18,1,32.8,0.96,pluie,centre,standard,1
CMD-005455,2025-11-27 22:20:51.808634,11,3,0,15.98,232.66,16.81,1,42.9,0.32,normal,proche_banlieue,standard,0
CMD-005456,2025-11-27 23:48:14.282380,9,3,0,11.15,98.74,15.84,1,24.7,1.0,normal,banlieue,standard,1
CMD-005457,2025-11-28 01:15:36.756126,9,4,0,1.87,35.81,16.81,0,9.0,0.38,neige,rurale,standard,0
CMD-005458,2025-11-28 02:42:59.229871,13,4,0,6.49,49.97,0.97,1,18.0,0.77,normal,proche_banlieue,standard,1
CMD-005459,2025-11-28 04:10:21.703617,15,4,0,22.14,128.68,0.9,1,30.6,0.44,normal,banlieue,standard,1
CMD-005460,2025-11-28 05:37:44.177362,21,4,0,9.88,29.17,7.51,1,20.6,0.27,normal,banlieue,standard,1
CMD-005461,2025-11-28 07:05:06.651108,21,4,0,6.95,182.42,2.19,0,16.4,0.22,normal,banlieue,standard,1
CMD-005462,2025-11-28 08:32:29.124854,7,4,0,2.89,200.82,9.28,1,16.0,0.32,normal,rurale,standard,1
CMD-005463,2025-11-28 09:59:51.598599,18,4,0,2.89,141.87,21.84,1,25.9,0.53,normal,proche_banlieue,premium,1
CMD-005464,2025-11-28 11:27:14.072345,11,4,0,11.73,224.4,8.99,1,9.7,0.66,pluie,banlieue,standard,0
CMD-005465,2025-11-28 12:54:36.546091,10,4,0,3.13,239.03,9.94,1,24.7,0.58,normal,rurale,standard,1
CMD-005466,2025-11-28 14:21:59.019836,15,4,0,8.71,117.42,6.83,1,25.9,0.7,pluie,proche_banlieue,standard,1
CMD-005467,2025-11-28 15:49:21.493582,7,4,0,6.36,31.39,10.66,1,20.5,0.28,orage,banlieue,standard,1
CMD-005468,2025-11-28 17:16:43.967327,12,4,0,8.34,65.5,19.98,1,14.6,0.74,normal,proche_banlieue,standard,1
CMD-005469,2025-11-28 18:44:06.441073,15,4,0,5.95,167.83,20.81,1,35.2,0.83,orage,centre,standard,0
CMD-005470,2025-11-28 20:11:28.914819,11,4,0,9.56,107.39,10.64,1,11.7,0.38,normal,centre,standard,1
CMD-005471,2025-11-28 21:38:51.388564,16,4,0,13.2,174.4,10.04,0,26.7,0.83,normal,centre,standard,1
CMD-005472,2025-11-28 23:06:13.862310,14,4,0,6.03,170.02,5.04,1,32.3,0.4,normal,proche_banlieue,standard,0
CMD-005473,2025-11-29 00:33:36.336056,19,5,1,12.42,155.29,24.39,1,26.6,0.56,normal,rurale,standard,0
CMD-005474,2025-11-29 02:00:58.809801,9,5,1,17.32,47.88,7.91,1,37.3,0.84,neige,centre,standard,1
CMD-005475,2025-11-29 03:28:21.283547,7,5,1,8.66,78.62,8.7,1,13.6,0.75,normal,centre,premium,1
CMD-005476,2025-11-29 04:55:43.757292,15,5,1,11.52,100.69,10.86,1,17.1,0.6,normal,centre,premium,1
CMD-005477,2025-11-29 06:23:06.231038,11,5,1,2.38,207.86,2.19,1,20.4,0.5,pluie,banlieue,standard,1
CMD-005478,2025-11-29 07:50:28.704784,18,5,1,6.12,173.73,8.35,1,57.9,0.65,orage,proche_banlieue,standard,1
CMD-005479,2025-11-29 09:17:51.178529,8,5,1,1.66,164.78,23.28,1,30.1,0.62,neige,banlieue,premium,1
CMD-005480,2025-11-29 10:45:13.652275,16,5,1,4.53,171.31,2.05,1,32.0,0.98,normal,centre,standard,1
CMD-005481,2025-11-29 12:12:36.126021,22,5,1,6.18,130.77,6.16,0,31.5,0.86,normal,banlieue,standard,1
CMD-005482,2025-11-29 13:39:58.599766,8,5,1,23.4,19.51,5.6,1,25.8,0.29,normal,banlieue,standard,0
CMD-005483,2025-11-29 15:07:21.073512,11,5,1,3.68,58.27,6.03,0,35.5,0.53,normal,banlieue,standard,0
CMD-005484,2025-11-29 16:34:43.547257,20,5,1,6.71,43.67,23.87,1,6.3,0.67,neige,banlieue,standard,1
CMD-005485,2025-11-29 18:02:06.021003,15,5,1,3.13,25.36,17.77,0,27.8,0.76,normal,rurale,standard,0
CMD-005486,2025-11-29 19:29:28.494749,9,5,1,5.79,86.67,23.01,0,29.3,0.34,neige,centre,standard,0
CMD-005487,2025-11-29 20:56:50.968494,10,5,1,9.67,199.06,21.47,1,35.2,0.86,normal,proche_banlieue,standard,0
CMD-005488,2025-11-29 22:24:13.442240,19,5,1,10.79,37.63,15.69,1,13.4,0.7,normal,proche_banlieue,standard,1
CMD-005489,2025-11-29 23:51:35.915985,20,5,1,5.21,36.74,14.08,1,14.2,0.25,normal,rurale,premium,0
CMD-005490,2025-11-30 01:18:58.389731,12,6,1,4.14,39.82,12.83,1,14.8,0.25,normal,proche_banlieue,standard,1
CMD-005491,2025-11-30 02:46:20.863477,14,6,1,18.84,74.76,17.3,1,30.2,0.75,pluie,banlieue,standard,0
CMD-005492,2025-11-30 04:13:43.337222,19,6,1,4.91,58.53,17.61,1,30.4,0.8,pluie,rurale,standard,1
CMD-005493,2025-11-30 05:41:05.810968,9,6,1,0.81,13.35,15.07,1,15.5,0.45,pluie,centre,standard,1
CMD-005494,2025-11-30 07:08:28.284714,10,6,1,15.68,76.36,11.33,1,44.1,0.33,pluie,proche_banlieue,standard,0
CMD-005495,2025-11-30 08:35:50.758459,19,6,1,1.06,249.11,16.95,1,27.9,0.38,normal,proche_banlieue,premium,1
CMD-005496,2025-11-30 10:03:13.232205,9,6,1,15.7,90.76,4.09,1,26.2,0.51,normal,centre,standard,0
CMD-005497,2025-11-30 11:30:35.705950,19,6,1,1.7,60.7,13.88,1,22.9,0.71,pluie,proche_banlieue,premium,1
CMD-005498,2025-11-30 12:57:58.179696,14,6,1,2.06,128.97,13.08,0,34.3,0.35,normal,proche_banlieue,standard,1
CMD-005499,2025-11-30 14:25:20.653442,22,6,1,2.62,65.05,13.46,1,28.9,0.83,normal,centre,standard,1
CMD-005500,2025-11-30 15:52:43.127187,7,6,1,4.59,144.31,12.87,1,43.9,0.4,normal,centre,premium,0
CMD-005501,2025-11-30 17:20:05.600933,22,6,1,15.8,106.16,18.81,1,12.9,0.85,neige,centre,standard,1
CMD-005502,2025-11-30 18:47:28.074679,10,6,1,2.69,225.24,18.99,1,9.5,0.94,pluie,proche_banlieue,standard,1
CMD-005503,2025-11-30 20:14:50.548424,7,6,1,9.65,232.7,8.37,1,17.6,0.33,normal,banlieue,standard,1
CMD-005504,2025-11-30 21:42:13.022170,18,6,1,8.19,181.13,8.9,1,30.5,0.93,normal,centre,standard,1
CMD-005505,2025-11-30 23:09:35.495915,15,6,1,7.19,61.77,0.61,0,20.7,0.76,normal,rurale,standard,1
CMD-005506,2025-12-01 00:36:57.969661,20,0,0,13.86,123.74,3.01,1,37.7,0.91,normal,centre,premium,0
CMD-005507,2025-12-01 02:04:20.443407,8,0,0,7.64,83.3,6.71,1,21.1,0.48,normal,centre,standard,1
CMD-005508,2025-12-01 03:31:42.917152,8,0,0,8.08,201.59,19.19,1,35.8,0.89,normal,proche_banlieue,premium,1
CMD-005509,2025-12-01 04:59:05.390898,16,0,0,11.45,17.0,19.99,1,16.7,0.58,orage,centre,premium,1
CMD-005510,2025-12-01 06:26:27.864644,21,0,0,4.72,169.0,6.35,1,36.8,0.35,normal,rurale,standard,1
CMD-005511,2025-12-01 07:53:50.338389,13,0,0,6.77,87.57,21.77,1,38.7,1.0,normal,banlieue,standard,1
CMD-005512,2025-12-01 09:21:12.812135,19,0,0,8.65,125.44,9.52,1,19.4,0.96,neige,proche_banlieue,standard,1
CMD-005513,2025-12-01 10:48:35.285880,21,0,0,12.96,87.52,19.99,1,29.9,0.3,normal,rurale,standard,0
CMD-005514,2025-12-01 12:15:57.759626,20,0,0,6.12,97.55,11.78,1,27.7,0.56,normal,banlieue,standard,1
CMD-005515,2025-12-01 13:43:20.233372,15,0,0,6.68,171.85,17.87,0,30.2,0.99,normal,banlieue,standard,0
CMD-005516,2025-12-01 15:10:42.707117,18,0,0,9.49,152.92,9.04,1,37.8,0.64,normal,proche_banlieue,premium,1
CMD-005517,2025-12-01 16:38:05.180863,15,0,0,6.21,68.58,1.95,0,34.7,0.6,normal,centre,standard,0
CMD-005518,2025-12-01 18:05:27.654609,17,0,0,3.76,20.47,6.5,1,30.1,0.36,pluie,proche_banlieue,standard,0
CMD-005519,2025-12-01 19:32:50.128354,16,0,0,11.43,215.45,17.49,0,31.6,0.54,normal,proche_banlieue,premium,1
CMD-005520,2025-12-01 21:00:12.602100,15,0,0,7.67,128.15,22.97,1,12.3,0.6,normal,rurale,standard,1
CMD-005521,2025-12-01 22:27:35.075845,13,0,0,5.02,158.5,15.78,1,24.6,0.77,normal,centre,standard,0
CMD-005522,2025-12-01 23:54:57.549591,17,0,0,2.61,127.24,19.27,1,14.0,0.56,pluie,centre,standard,1
CMD-005523,2025-12-02 01:22:20.023337,19,1,0,1.09,158.55,0.55,1,24.8,0.71,pluie,banlieue,standard,1
CMD-005524,2025-12-02 02:49:42.497082,21,1,0,9.84,160.47,19.05,1,36.2,0.28,orage,proche_banlieue,standard,0
CMD-005525,2025-12-02 04:17:04.970828,16,1,0,3.68,13.61,20.92,1,24.9,0.81,pluie,proche_banlieue,standard,1
CMD-005526,2025-12-02 05:44:27.444574,8,1,0,1.59,137.98,10.43,1,5.0,0.2,normal,proche_banlieue,standard,1
CMD-005527,2025-12-02 07:11:49.918319,16,1,0,3.31,130.51,12.45,1,14.5,0.71,normal,proche_banlieue,standard,1
CMD-005528,2025-12-02 08:39:12.392065,12,1,0,8.62,33.0,1.5,1,30.8,0.86,normal,centre,standard,1
CMD-005529,2025-12-02 10:06:34.865810,7,1,0,3.65,189.01,4.53,1,19.6,0.81,normal,banlieue,standard,1
CMD-005530,2025-12-02 11:33:57.339556,8,1,0,8.75,66.61,1.6,1,32.8,0.32,normal,proche_banlieue,standard,1
CMD-005531,2025-12-02 13:01:19.813302,16,1,0,4.34,23.09,18.34,1,12.9,0.88,pluie,rurale,standard,1
CMD-005532,2025-12-02 14:28:42.287047,22,1,0,6.73,202.76,20.04,1,28.8,0.26,normal,proche_banlieue,standard,1
CMD-005533,2025-12-02 15:56:04.760793,15,1,0,7.18,217.63,2.89,1,29.3,0.25,orage,rurale,standard,1
CMD-005534,2025-12-02 17:23:27.234539,14,1,0,11.01,67.77,23.06,1,32.9,0.86,normal,rurale,standard,0
CMD-005535,2025-12-02 18:50:49.708284,8,1,0,11.25,175.01,21.02,0,18.4,0.35,pluie,proche_banlieue,standard,0
CMD-005536,2025-12-02 20:18:12.182030,17,1,0,6.9,11.19,14.49,1,32.8,0.56,normal,banlieue,premium,1
CMD-005537,2025-12-02 21:45:34.655775,7,1,0,3.02,183.08,24.46,1,40.1,0.95,pluie,centre,standard,1
CMD-005538,2025-12-02 23:12:57.129521,20,1,0,14.89,121.56,22.09,1,5.0,0.37,orage,centre,standard,1
CMD-005539,2025-12-03 00:40:19.603267,20,2,0,4.94,200.2,5.72,0,25.5,0.82,normal,banlieue,standard,0
CMD-005540,2025-12-03 02:07:42.077012,22,2,0,0.47,104.33,23.86,1,6.9,0.67,normal,centre,standard,1
CMD-005541,2025-12-03 03:35:04.550758,11,2,0,8.39,94.26,11.19,1,16.4,0.52,pluie,banlieue,premium,1
CMD-005542,2025-12-03 05:02:27.024504,9,2,0,8.64,211.79,4.04,0,17.2,0.57,neige,centre,standard,1
CMD-005543,2025-12-03 06:29:49.498249,11,2,0,5.1,19.28,5.16,1,24.3,0.53,normal,centre,standard,1
CMD-005544,2025-12-03 07:57:11.971995,19,2,0,1.71,54.92,17.17,1,28.8,0.86,normal,proche_banlieue,standard,1
CMD-005545,2025-12-03 09:24:34.445740,10,2,0,1.35,108.91,24.69,1,34.0,0.85,normal,rurale,standard,0
CMD-005546,2025-12-03 10:51:56.919486,21,2,0,5.41,153.12,11.24,1,27.6,0.5,normal,banlieue,standard,1
CMD-005547,2025-12-03 12:19:19.393232,9,2,0,2.76,11.23,14.41,0,31.7,0.76,normal,banlieue,standard,1
CMD-005548,2025-12-03 13:46:41.866977,7,2,0,12.93,148.04,7.65,1,14.2,0.63,normal,banlieue,standard,1
CMD-005549,2025-12-03 15:14:04.340723,10,2,0,5.24,100.84,21.17,1,35.6,0.8,normal,banlieue,standard,1
CMD-005550,2025-12-03 16:41:26.814469,19,2,0,4.74,161.2,3.06,0,5.0,0.24,normal,centre,premium,0
CMD-005551,2025-12-03 18:08:49.288214,16,2,0,21.81,227.67,14.64,1,40.3,0.47,normal,rurale,standard,0
CMD-005552,2025-12-03 19:36:11.761960,12,2,0,0.59,115.81,14.74,1,38.5,0.47,pluie,proche_banlieue,standard,1
CMD-005553,2025-12-03 21:03:34.235705,17,2,0,6.69,143.1,0.23,1,32.5,0.68,normal,proche_banlieue,standard,1
CMD-005554,2025-12-03 22:30:56.709451,17,2,0,1.13,121.07,23.53,1,47.3,0.37,normal,banlieue,standard,1
CMD-005555,2025-12-03 23:58:19.183197,15,2,0,15.95,38.45,24.36,1,7.0,0.63,pluie,rurale,standard,1
CMD-005556,2025-12-04 01:25:41.656942,15,3,0,1.56,200.35,11.79,1,32.8,0.98,normal,proche_banlieue,standard,1
CMD-005557,2025-12-04 02:53:04.130688,8,3,0,8.89,222.45,18.2,1,26.4,0.23,normal,proche_banlieue,standard,0
CMD-005558,2025-12-04 04:20:26.604434,11,3,0,7.99,204.75,21.25,1,27.4,0.6,orage,proche_banlieue,standard,1
CMD-005559,2025-12-04 05:47:49.078179,15,3,0,1.11,237.42,3.09,0,13.4,0.31,normal,centre,premium,1
CMD-005560,2025-12-04 07:15:11.551925,9,3,0,8.94,122.33,2.3,1,28.9,0.67,normal,banlieue,standard,1
CMD-005561,2025-12-04 08:42:34.025670,14,3,0,4.32,166.56,17.29,0,28.5,0.39,normal,banlieue,standard,1
CMD-005562,2025-12-04 10:09:56.499416,8,3,0,10.21,50.4,14.08,1,18.1,0.92,normal,proche_banlieue,standard,1
CMD-005563,2025-12-04 11:37:18.973162,19,3,0,4.08,244.43,17.05,1,24.3,0.45,pluie,centre,standard,0
CMD-005564,2025-12-04 13:04:41.446907,8,3,0,8.97,149.33,14.39,1,11.9,0.97,normal,proche_banlieue,standard,1
CMD-005565,2025-12-04 14:32:03.920653,8,3,0,6.19,72.8,18.21,1,21.0,0.2,normal,centre,standard,1
CMD-005566,2025-12-04 15:59:26.394399,17,3,0,8.95,203.29,4.04,0,34.6,0.87,neige,proche_banlieue,standard,1
CMD-005567,2025-12-04 17:26:48.868144,10,3,0,10.08,150.76,5.55,0,34.8,0.41,pluie,banlieue,standard,1
CMD-005568,2025-12-04 18:54:11.341890,12,3,0,5.67,237.92,6.08,1,32.7,0.36,pluie,centre,standard,1
CMD-005569,2025-12-04 20:21:33.815635,12,3,0,4.95,194.79,10.53,1,34.6,0.91,pluie,rurale,standard,1
CMD-005570,2025-12-04 21:48:56.289381,10,3,0,9.89,220.54,19.04,1,34.7,0.44,neige,banlieue,standard,1
CMD-005571,2025-12-04 23:16:18.763127,19,3,0,4.38,141.2,20.82,1,18.6,0.67,normal,centre,standard,1
CMD-005572,2025-12-05 00:43:41.236872,18,4,0,5.77,134.15,10.15,0,28.4,0.79,normal,centre,standard,1
CMD-005573,2025-12-05 02:11:03.710618,10,4,0,18.05,191.76,15.13,1,35.9,0.54,normal,centre,standard,0
CMD-005574,2025-12-05 03:38:26.184364,17,4,0,6.74,35.2,7.52,1,11.2,0.28,normal,rurale,standard,1
CMD-005575,2025-12-05 05:05:48.658109,18,4,0,11.26,22.97,12.0,0,11.1,0.94,neige,centre,standard,0
CMD-005576,2025-12-05 06:33:11.131855,15,4,0,3.83,246.09,23.53,1,10.6,0.72,normal,banlieue,premium,1
CMD-005577,2025-12-05 08:00:33.605600,16,4,0,8.87,229.91,6.88,1,7.1,0.91,normal,banlieue,standard,1
CMD-005578,2025-12-05 09:27:56.079346,21,4,0,5.88,239.36,19.74,1,14.5,0.81,normal,centre,standard,1
CMD-005579,2025-12-05 10:55:18.553092,14,4,0,5.06,24.97,1.25,1,19.7,0.82,pluie,proche_banlieue,premium,1
CMD-005580,2025-12-05 12:22:41.026837,13,4,0,1.01,74.63,8.76,1,40.1,0.67,normal,centre,standard,1
CMD-005581,2025-12-05 13:50:03.500583,15,4,0,2.79,226.37,16.54,1,20.6,0.2,pluie,banlieue,standard,0
CMD-005582,2025-12-05 15:17:25.974329,20,4,0,22.75,31.48,19.44,1,9.8,0.91,neige,rurale,standard,0
CMD-005583,2025-12-05 16:44:48.448074,18,4,0,6.13,118.34,14.89,1,26.7,0.86,pluie,rurale,standard,1
CMD-005584,2025-12-05 18:12:10.921820,8,4,0,6.78,91.91,21.76,1,23.1,0.78,normal,centre,premium,1
CMD-005585,2025-12-05 19:39:33.395565,14,4,0,12.69,221.16,20.56,0,17.2,0.9,normal,banlieue,standard,0
CMD-005586,2025-12-05 21:06:55.869311,18,4,0,8.27,134.34,15.51,1,19.1,0.35,normal,proche_banlieue,standard,1
CMD-005587,2025-12-05 22:34:18.343057,10,4,0,5.03,79.69,8.83,1,35.7,0.43,pluie,rurale,standard,1
CMD-005588,2025-12-06 00:01:40.816802,22,5,1,5.08,135.83,9.22,1,10.9,0.33,normal,proche_banlieue,standard,1
CMD-005589,2025-12-06 01:29:03.290548,19,5,1,2.59,36.99,15.45,0,8.3,0.72,pluie,proche_banlieue,standard,1
CMD-005590,2025-12-06 02:56:25.764294,20,5,1,9.41,185.49,16.48,1,29.7,0.55,normal,proche_banlieue,premium,1
CMD-005591,2025-12-06 04:23:48.238039,8,5,1,9.66,158.4,9.99,1,18.9,0.28,normal,rurale,standard,0
CMD-005592,2025-12-06 05:51:10.711785,16,5,1,6.84,154.17,10.06,1,40.5,0.66,normal,banlieue,standard,1
CMD-005593,2025-12-06 07:18:33.185530,15,5,1,6.0,115.08,4.58,1,23.5,0.47,normal,centre,standard,1
CMD-005594,2025-12-06 08:45:55.659276,17,5,1,9.72,80.62,0.21,1,24.0,0.59,pluie,rurale,premium,1
CMD-005595,2025-12-06 10:13:18.133022,20,5,1,2.53,25.69,11.64,1,32.9,0.41,normal,banlieue,standard,1
CMD-005596,2025-12-06 11:40:40.606767,12,5,1,8.6,237.29,20.8,1,8.3,0.33,normal,centre,standard,1
CMD-005597,2025-12-06 13:08:03.080513,15,5,1,18.72,109.97,19.21,1,28.4,0.56,normal,proche_banlieue,standard,1
CMD-005598,2025-12-06 14:35:25.554259,17,5,1,3.93,129.02,24.85,1,21.3,0.38,normal,centre,standard,1
CMD-005599,2025-12-06 16:02:48.028004,19,5,1,5.56,100.18,16.8,1,35.3,0.52,pluie,proche_banlieue,standard,1
CMD-005600,2025-12-06 17:30:10.501750,19,5,1,15.48,247.09,6.0,1,18.5,0.51,normal,proche_banlieue,standard,1
CMD-005601,2025-12-06 18:57:32.975495,12,5,1,6.85,201.08,17.0,1,26.8,0.95,normal,rurale,standard,1
CMD-005602,2025-12-06 20:24:55.449241,22,5,1,11.88,32.98,20.75,1,21.4,0.35,normal,centre,standard,1
CMD-005603,2025-12-06 21:52:17.922987,7,5,1,8.97,155.96,16.1,1,29.1,0.43,normal,proche_banlieue,premium,1
CMD-005604,2025-12-06 23:19:40.396732,14,5,1,9.51,126.31,12.15,1,22.5,0.83,normal,centre,standard,1
CMD-005605,2025-12-07 00:47:02.870478,16,6,1,3.74,200.4,15.54,1,27.6,0.44,neige,centre,standard,1
CMD-005606,2025-12-07 02:14:25.344224,7,6,1,3.64,249.36,0.84,1,42.5,0.58,normal,banlieue,standard,1
CMD-005607,2025-12-07 03:41:47.817969,14,6,1,10.8,188.63,6.77,1,22.1,0.81,normal,banlieue,standard,0
CMD-005608,2025-12-07 05:09:10.291715,16,6,1,1.87,217.58,4.11,1,29.0,0.2,normal,rurale,premium,1
CMD-005609,2025-12-07 06:36:32.765460,16,6,1,5.76,130.63,10.45,1,47.9,0.97,normal,proche_banlieue,standard,1
CMD-005610,2025-12-07 08:03:55.239206,8,6,1,9.73,99.66,22.35,1,28.9,0.57,normal,centre,standard,1
CMD-005611,2025-12-07 09:31:17.712952,11,6,1,5.54,164.39,4.86,1,5.0,0.81,neige,proche_banlieue,standard,1
CMD-005612,2025-12-07 10:58:40.186697,10,6,1,6.05,189.86,1.96,0,18.3,0.94,normal,banlieue,standard,1
CMD-005613,2025-12-07 12:26:02.660443,17,6,1,12.3,64.61,19.47,1,13.0,0.9,normal,banlieue,standard,1
CMD-005614,2025-12-07 13:53:25.134189,12,6,1,16.76,130.81,21.72,1,34.2,0.38,orage,centre,standard,0
CMD-005615,2025-12-07 15:20:47.607934,16,6,1,28.82,37.31,13.38,1,24.1,0.64,pluie,rurale,standard,0
CMD-005616,2025-12-07 16:48:10.081680,18,6,1,15.8,61.92,9.54,1,35.6,0.53,normal,rurale,standard,1
CMD-005617,2025-12-07 18:15:32.555425,19,6,1,4.66,221.65,10.88,1,31.1,0.63,pluie,banlieue,premium,1
CMD-005618,2025-12-07 19:42:55.029171,9,6,1,3.21,44.74,16.54,1,31.1,0.82,normal,centre,standard,1
CMD-005619,2025-12-07 21:10:17.502917,21,6,1,4.71,204.72,20.82,0,12.8,0.48,neige,proche_banlieue,standard,0
CMD-005620,2025-12-07 22:37:39.976662,9,6,1,9.84,99.42,4.9,1,30.0,0.58,normal,banlieue,standard,0
CMD-005621,2025-12-08 00:05:02.450408,7,0,0,5.11,169.25,22.58,1,38.7,0.69,normal,proche_banlieue,standard,1
CMD-005622,2025-12-08 01:32:24.924154,7,0,0,3.87,228.48,16.5,1,10.5,0.42,pluie,proche_banlieue,standard,1
CMD-005623,2025-12-08 02:59:47.397899,10,0,0,18.15,197.42,18.51,1,21.8,0.69,orage,banlieue,standard,1
CMD-005624,2025-12-08 04:27:09.871645,20,0,0,4.98,208.23,2.36,1,28.5,0.32,normal,centre,standard,1
CMD-005625,2025-12-08 05:54:32.345390,10,0,0,9.3,72.68,22.97,0,26.0,0.7,normal,centre,premium,1
CMD-005626,2025-12-08 07:21:54.819136,18,0,0,9.13,96.8,13.3,1,39.4,0.31,orage,centre,standard,1
CMD-005627,2025-12-08 08:49:17.292882,13,0,0,1.04,185.87,9.18,1,32.3,0.82,normal,centre,standard,1
CMD-005628,2025-12-08 10:16:39.766627,7,0,0,17.41,196.54,10.09,1,29.1,0.36,normal,proche_banlieue,premium,1
CMD-005629,2025-12-08 11:44:02.240373,14,0,0,2.39,199.61,7.47,1,33.2,0.72,normal,banlieue,standard,1
CMD-005630,2025-12-08 13:11:24.714119,7,0,0,1.68,187.63,4.24,0,32.6,0.66,pluie,centre,premium,1
CMD-005631,2025-12-08 14:38:47.187864,14,0,0,4.53,65.59,1.06,1,25.4,0.54,normal,proche_banlieue,premium,1
CMD-005632,2025-12-08 16:06:09.661610,15,0,0,3.25,79.38,6.76,0,21.5,0.72,orage,centre,standard,1
CMD-005633,2025-12-08 17:33:32.135355,15,0,0,15.59,236.09,12.52,1,34.9,0.88,normal,proche_banlieue,premium,1
CMD-005634,2025-12-08 19:00:54.609101,11,0,0,8.17,142.93,16.74,1,17.6,0.3,normal,centre,standard,1
CMD-005635,2025-12-08 20:28:17.082847,19,0,0,4.19,191.07,18.39,1,24.3,0.74,pluie,proche_banlieue,premium,1
CMD-005636,2025-12-08 21:55:39.556592,16,0,0,1.61,153.81,14.97,0,13.4,0.53,normal,banlieue,standard,1
CMD-005637,2025-12-08 23:23:02.030338,11,0,0,8.88,231.88,3.08,1,32.3,0.74,normal,rurale,premium,1
CMD-005638,2025-12-09 00:50:24.504084,13,1,0,5.35,218.51,10.9,1,37.3,0.9,neige,proche_banlieue,standard,1
CMD-005639,2025-12-09 02:17:46.977829,8,1,0,9.77,72.73,16.75,1,15.6,0.72,orage,centre,standard,1
CMD-005640,2025-12-09 03:45:09.451575,21,1,0,8.21,222.33,18.63,1,23.5,0.33,pluie,banlieue,premium,1
CMD-005641,2025-12-09 05:12:31.925320,19,1,0,3.35,82.01,8.25,1,20.2,0.53,normal,banlieue,standard,1
CMD-005642,2025-12-09 06:39:54.399066,11,1,0,10.68,115.84,23.23,0,35.8,0.64,pluie,proche_banlieue,standard,0
CMD-005643,2025-12-09 08:07:16.872812,17,1,0,2.13,214.3,19.93,1,39.2,0.3,normal,rurale,premium,1
CMD-005644,2025-12-09 09:34:39.346557,17,1,0,5.17,87.76,21.32,1,20.2,0.71,normal,proche_banlieue,premium,1
CMD-005645,2025-12-09 11:02:01.820303,16,1,0,5.74,79.79,16.73,1,5.0,0.77,normal,rurale,standard,1
CMD-005646,2025-12-09 12:29:24.294049,7,1,0,6.37,170.48,10.46,1,36.5,0.81,normal,rurale,standard,1
CMD-005647,2025-12-09 13:56:46.767794,21,1,0,2.0,249.92,23.37,1,25.5,0.3,normal,rurale,standard,1
CMD-005648,2025-12-09 15:24:09.241540,22,1,0,15.06,41.45,22.56,1,25.5,0.76,normal,centre,standard,1
CMD-005649,2025-12-09 16:51:31.715285,22,1,0,3.34,178.25,20.75,1,34.6,0.49,normal,centre,premium,0
CMD-005650,2025-12-09 18:18:54.189031,22,1,0,1.25,136.47,22.3,1,21.4,0.37,pluie,proche_banlieue,standard,1
CMD-005651,2025-12-09 19:46:16.662777,21,1,0,8.4,108.55,22.93,1,18.7,0.62,neige,banlieue,standard,1
CMD-005652,2025-12-09 21:13:39.136522,18,1,0,22.54,189.97,18.71,1,21.4,0.66,normal,centre,standard,1
CMD-005653,2025-12-09 22:41:01.610268,7,1,0,1.03,143.16,5.17,1,29.9,0.57,neige,centre,standard,1
CMD-005654,2025-12-10 00:08:24.084014,14,2,0,12.41,201.47,13.56,0,33.8,0.87,pluie,proche_banlieue,standard,0
CMD-005655,2025-12-10 01:35:46.557759,10,2,0,6.72,188.52,15.48,0,41.3,0.32,pluie,proche_banlieue,standard,1
CMD-005656,2025-12-10 03:03:09.031505,10,2,0,2.08,246.43,19.38,1,29.0,0.53,neige,banlieue,standard,1
CMD-005657,2025-12-10 04:30:31.505250,20,2,0,5.7,204.61,12.48,1,23.6,0.41,normal,rurale,standard,0
CMD-005658,2025-12-10 05:57:53.978996,20,2,0,19.0,26.03,12.92,1,33.9,0.24,pluie,proche_banlieue,premium,0
CMD-005659,2025-12-10 07:25:16.452742,15,2,0,16.17,197.1,24.89,1,15.3,0.47,normal,centre,standard,0
CMD-005660,2025-12-10 08:52:38.926487,18,2,0,32.41,165.93,11.41,1,39.2,0.77,orage,banlieue,standard,0
CMD-005661,2025-12-10 10:20:01.400233,9,2,0,11.03,31.55,3.42,1,27.1,0.62,normal,proche_banlieue,premium,1
CMD-005662,2025-12-10 11:47:23.873978,10,2,0,4.41,155.32,17.8,0,22.7,0.53,pluie,proche_banlieue,standard,1
CMD-005663,2025-12-10 13:14:46.347724,20,2,0,12.25,190.19,9.19,1,15.3,0.58,normal,proche_banlieue,premium,1
CMD-005664,2025-12-10 14:42:08.821470,14,2,0,3.66,57.33,6.36,1,31.3,0.45,normal,proche_banlieue,standard,1
CMD-005665,2025-12-10 16:09:31.295215,15,2,0,6.09,114.38,15.79,1,22.2,0.3,normal,centre,standard,1
CMD-005666,2025-12-10 17:36:53.768961,14,2,0,3.69,140.2,23.87,1,24.1,0.67,normal,banlieue,standard,1
CMD-005667,2025-12-10 19:04:16.242707,10,2,0,10.99,109.16,7.96,1,8.3,0.85,normal,rurale,premium,1
CMD-005668,2025-12-10 20:31:38.716452,20,2,0,10.31,220.24,9.43,1,20.7,0.83,normal,rurale,standard,1
CMD-005669,2025-12-10 21:59:01.190198,19,2,0,3.97,50.54,11.74,1,19.3,0.39,neige,banlieue,standard,1
CMD-005670,2025-12-10 23:26:23.663943,17,2,0,14.24,195.17,17.26,1,29.2,0.55,pluie,proche_banlieue,standard,1
CMD-005671,2025-12-11 00:53:46.137689,12,3,0,17.39,196.74,10.02,1,22.3,0.64,normal,rurale,premium,1
CMD-005672,2025-12-11 02:21:08.611435,17,3,0,4.45,117.53,10.74,1,5.0,0.84,neige,banlieue,standard,1
CMD-005673,2025-12-11 03:48:31.085180,22,3,0,9.01,139.47,17.58,1,20.8,0.36,normal,proche_banlieue,standard,1
CMD-005674,2025-12-11 05:15:53.558926,17,3,0,18.11,46.85,24.63,1,10.5,0.31,neige,centre,standard,0
CMD-005675,2025-12-11 06:43:16.032672,14,3,0,8.44,56.84,8.05,1,14.6,0.95,pluie,banlieue,standard,1
CMD-005676,2025-12-11 08:10:38.506417,11,3,0,5.18,137.6,14.72,1,35.0,0.32,pluie,banlieue,premium,1
CMD-005677,2025-12-11 09:38:00.980163,15,3,0,6.28,63.92,19.9,1,8.1,0.99,normal,proche_banlieue,standard,1
CMD-005678,2025-12-11 11:05:23.453908,12,3,0,4.4,203.55,5.46,1,27.9,0.68,pluie,centre,standard,1
CMD-005679,2025-12-11 12:32:45.927654,16,3,0,14.55,157.89,20.49,1,19.9,0.6,pluie,proche_banlieue,premium,1
CMD-005680,2025-12-11 14:00:08.401400,7,3,0,13.34,23.58,9.0,1,18.0,0.35,normal,banlieue,premium,1
CMD-005681,2025-12-11 15:27:30.875145,10,3,0,3.58,95.89,2.95,1,15.2,0.89,normal,centre,premium,1
CMD-005682,2025-12-11 16:54:53.348891,19,3,0,4.18,216.02,0.82,0,28.2,0.34,neige,proche_banlieue,standard,1
CMD-005683,2025-12-11 18:22:15.822637,13,3,0,1.71,76.59,1.02,1,29.3,0.52,orage,centre,standard,1
CMD-005684,2025-12-11 19:49:38.296382,13,3,0,9.9,182.73,19.98,1,7.7,0.24,normal,banlieue,premium,1
CMD-005685,2025-12-11 21:17:00.770128,15,3,0,2.45,32.51,16.94,0,36.5,0.22,normal,proche_banlieue,standard,1
CMD-005686,2025-12-11 22:44:23.243873,14,3,0,24.6,233.33,19.88,1,13.1,0.78,normal,proche_banlieue,standard,1
CMD-005687,2025-12-12 00:11:45.717619,19,4,0,3.25,117.84,18.87,1,28.9,0.37,normal,rurale,premium,1
CMD-005688,2025-12-12 01:39:08.191365,10,4,0,0.95,127.98,9.65,1,13.2,0.68,pluie,proche_banlieue,standard,1
CMD-005689,2025-12-12 03:06:30.665110,19,4,0,2.36,146.76,23.34,1,20.4,0.78,normal,proche_banlieue,standard,1
CMD-005690,2025-12-12 04:33:53.138856,10,4,0,8.25,97.22,21.97,1,12.2,0.59,normal,centre,premium,1
CMD-005691,2025-12-12 06:01:15.612602,12,4,0,6.21,184.07,8.84,1,19.7,0.73,normal,banlieue,standard,1
CMD-005692,2025-12-12 07:28:38.086347,16,4,0,3.19,13.5,19.37,1,23.0,0.39,pluie,proche_banlieue,premium,0
CMD-005693,2025-12-12 08:56:00.560093,21,4,0,5.97,48.93,20.53,1,13.5,0.85,neige,proche_banlieue,standard,1
CMD-005694,2025-12-12 10:23:23.033838,10,4,0,4.04,55.32,12.31,1,28.1,0.36,normal,proche_banlieue,premium,1
CMD-005695,2025-12-12 11:50:45.507584,16,4,0,9.72,162.48,3.19,1,29.5,0.67,normal,banlieue,standard,1
CMD-005696,2025-12-12 13:18:07.981330,8,4,0,2.54,223.74,8.48,1,52.1,0.87,normal,proche_banlieue,standard,1
CMD-005697,2025-12-12 14:45:30.455075,8,4,0,7.4,25.27,24.72,1,34.3,0.83,pluie,proche_banlieue,standard,1
CMD-005698,2025-12-12 16:12:52.928821,19,4,0,7.63,214.59,17.96,1,36.8,0.24,normal,banlieue,premium,0
CMD-005699,2025-12-12 17:40:15.402567,18,4,0,6.36,206.68,19.41,0,7.3,0.49,pluie,banlieue,standard,1
CMD-005700,2025-12-12 19:07:37.876312,13,4,0,8.9,28.39,22.82,0,5.4,0.88,normal,banlieue,standard,1
CMD-005701,2025-12-12 20:35:00.350058,16,4,0,5.92,44.37,5.23,1,22.0,0.88,normal,proche_banlieue,standard,0
CMD-005702,2025-12-12 22:02:22.823803,13,4,0,10.91,94.01,24.22,1,42.9,0.71,normal,rurale,standard,1
CMD-005703,2025-12-12 23:29:45.297549,11,4,0,6.36,37.52,13.05,0,49.7,0.29,neige,proche_banlieue,premium,0
CMD-005704,2025-12-13 00:57:07.771295,13,5,1,14.99,191.99,18.67,1,18.1,0.52,pluie,banlieue,premium,1
CMD-005705,2025-12-13 02:24:30.245040,11,5,1,7.37,130.98,8.09,1,19.1,0.97,normal,proche_banlieue,standard,0
CMD-005706,2025-12-13 03:51:52.718786,20,5,1,14.35,108.58,8.37,1,30.4,0.29,normal,proche_banlieue,standard,1
CMD-005707,2025-12-13 05:19:15.192532,13,5,1,4.11,183.99,9.12,1,23.0,0.84,normal,proche_banlieue,standard,1
CMD-005708,2025-12-13 06:46:37.666277,12,5,1,2.82,80.29,8.83,1,23.3,0.53,normal,proche_banlieue,standard,1
CMD-005709,2025-12-13 08:14:00.140023,15,5,1,10.85,219.17,1.75,1,31.3,0.8,neige,proche_banlieue,standard,1
CMD-005710,2025-12-13 09:41:22.613768,19,5,1,6.45,166.95,7.88,1,52.2,0.24,normal,banlieue,standard,0
CMD-005711,2025-12-13 11:08:45.087514,11,5,1,0.61,93.16,16.26,1,38.0,0.21,normal,proche_banlieue,standard,1
CMD-005712,2025-12-13 12:36:07.561260,22,5,1,3.52,139.57,22.57,1,43.7,0.44,neige,banlieue,standard,1
CMD-005713,2025-12-13 14:03:30.035005,14,5,1,8.28,72.27,1.23,0,6.6,0.9,normal,centre,standard,1
CMD-005714,2025-12-13 15:30:52.508751,17,5,1,6.03,246.4,0.61,0,35.7,0.74,normal,proche_banlieue,standard,1
CMD-005715,2025-12-13 16:58:14.982497,22,5,1,3.39,114.55,14.89,1,15.5,0.69,normal,proche_banlieue,standard,1
CMD-005716,2025-12-13 18:25:37.456242,13,5,1,6.41,225.23,17.55,1,41.8,1.0,normal,proche_banlieue,standard,1
CMD-005717,2025-12-13 19:52:59.929988,10,5,1,7.23,244.72,15.28,1,38.6,0.48,normal,banlieue,standard,1
CMD-005718,2025-12-13 21:20:22.403733,18,5,1,1.25,138.59,24.33,1,31.0,0.88,neige,centre,standard,1
CMD-005719,2025-12-13 22:47:44.877479,7,5,1,14.08,185.2,5.88,0,17.6,0.29,normal,centre,standard,0
CMD-005720,2025-12-14 00:15:07.351225,14,6,1,16.28,147.34,12.13,1,20.2,0.34,normal,proche_banlieue,standard,1
CMD-005721,2025-12-14 01:42:29.824970,22,6,1,3.5,31.98,22.91,1,21.0,0.58,normal,centre,premium,1
CMD-005722,2025-12-14 03:09:52.298716,13,6,1,22.03,238.58,15.51,1,32.6,0.97,normal,centre,premium,1
CMD-005723,2025-12-14 04:37:14.772462,17,6,1,6.07,119.59,14.51,1,29.0,0.76,pluie,banlieue,standard,1
CMD-005724,2025-12-14 06:04:37.246207,15,6,1,3.86,224.58,23.33,1,39.2,0.29,normal,centre,premium,1
CMD-005725,2025-12-14 07:31:59.719953,10,6,1,3.76,167.35,8.6,1,41.1,0.96,neige,banlieue,standard,1
CMD-005726,2025-12-14 08:59:22.193698,12,6,1,21.07,35.25,4.1,1,16.5,0.81,normal,proche_banlieue,standard,1
CMD-005727,2025-12-14 10:26:44.667444,15,6,1,2.59,110.09,3.4,1,29.8,0.79,pluie,centre,standard,1
CMD-005728,2025-12-14 11:54:07.141190,8,6,1,7.34,57.0,20.58,1,29.6,0.64,normal,centre,standard,0
CMD-005729,2025-12-14 13:21:29.614935,13,6,1,8.02,50.77,21.45,1,24.0,0.51,normal,centre,standard,1
CMD-005730,2025-12-14 14:48:52.088681,13,6,1,10.9,181.62,6.0,1,34.4,0.29,pluie,centre,premium,1
CMD-005731,2025-12-14 16:16:14.562427,20,6,1,6.91,17.2,11.54,1,29.9,0.7,normal,proche_banlieue,premium,1
CMD-005732,2025-12-14 17:43:37.036172,8,6,1,20.06,241.87,14.7,1,19.3,0.3,pluie,banlieue,standard,0
CMD-005733,2025-12-14 19:10:59.509918,20,6,1,22.6,117.98,3.65,1,23.6,0.67,normal,proche_banlieue,standard,0
CMD-005734,2025-12-14 20:38:21.983663,13,6,1,17.07,127.54,21.25,1,21.5,0.63,pluie,proche_banlieue,standard,1
CMD-005735,2025-12-14 22:05:44.457409,17,6,1,8.61,81.86,10.59,1,17.7,0.68,normal,centre,standard,1
CMD-005736,2025-12-14 23:33:06.931155,15,6,1,12.52,30.55,21.61,0,24.1,0.86,normal,rurale,standard,0
CMD-005737,2025-12-15 01:00:29.404900,11,0,0,5.11,151.18,19.05,0,12.0,0.53,neige,proche_banlieue,standard,1
CMD-005738,2025-12-15 02:27:51.878646,21,0,0,14.44,92.74,7.51,1,29.7,0.55,pluie,centre,standard,1
CMD-005739,2025-12-15 03:55:14.352392,10,0,0,4.05,159.78,17.97,1,39.0,0.25,pluie,proche_banlieue,premium,1
CMD-005740,2025-12-15 05:22:36.826137,7,0,0,3.0,143.38,18.57,1,25.5,0.43,orage,rurale,premium,0
CMD-005741,2025-12-15 06:49:59.299883,19,0,0,2.93,62.06,7.92,1,34.5,0.26,normal,banlieue,standard,1
CMD-005742,2025-12-15 08:17:21.773628,16,0,0,9.9,120.8,6.49,1,26.6,0.31,pluie,centre,standard,1
CMD-005743,2025-12-15 09:44:44.247374,21,0,0,18.44,83.94,20.62,1,14.8,0.54,neige,centre,standard,1
CMD-005744,2025-12-15 11:12:06.721120,14,0,0,19.43,67.53,17.01,1,45.1,0.53,normal,banlieue,standard,1
CMD-005745,2025-12-15 12:39:29.194865,7,0,0,0.67,194.73,18.54,1,5.0,0.95,normal,banlieue,standard,1
CMD-005746,2025-12-15 14:06:51.668611,7,0,0,13.05,12.86,7.96,1,25.1,0.3,normal,centre,standard,1
CMD-005747,2025-12-15 15:34:14.142357,13,0,0,2.82,74.53,18.11,1,17.3,0.32,neige,centre,standard,1
CMD-005748,2025-12-15 17:01:36.616102,10,0,0,28.54,137.46,17.91,1,40.8,0.8,orage,centre,standard,1
CMD-005749,2025-12-15 18:28:59.089848,21,0,0,2.04,124.28,8.47,1,27.2,0.22,neige,centre,standard,1
CMD-005750,2025-12-15 19:56:21.563593,8,0,0,1.28,235.64,6.91,1,50.6,0.72,normal,centre,premium,1
CMD-005751,2025-12-15 21:23:44.037339,21,0,0,13.24,212.48,10.9,1,25.4,0.8,pluie,proche_banlieue,premium,1
CMD-005752,2025-12-15 22:51:06.511085,10,0,0,4.86,190.38,18.53,0,17.4,0.7,normal,centre,standard,1
CMD-005753,2025-12-16 00:18:28.984830,8,1,0,4.63,133.38,5.0,1,7.9,0.43,orage,banlieue,standard,1
CMD-005754,2025-12-16 01:45:51.458576,11,1,0,3.46,112.94,21.88,1,36.1,0.28,neige,proche_banlieue,standard,1
CMD-005755,2025-12-16 03:13:13.932322,9,1,0,3.98,18.78,6.53,1,16.7,1.0,normal,proche_banlieue,standard,1
CMD-005756,2025-12-16 04:40:36.406067,13,1,0,13.64,207.2,21.02,1,20.8,0.89,normal,rurale,standard,1
CMD-005757,2025-12-16 06:07:58.879813,12,1,0,2.92,113.37,4.06,0,37.3,0.78,neige,proche_banlieue,standard,1
CMD-005758,2025-12-16 07:35:21.353558,15,1,0,5.89,87.03,18.54,1,35.5,0.35,neige,centre,premium,0
CMD-005759,2025-12-16 09:02:43.827304,15,1,0,2.64,155.59,14.12,0,18.9,0.54,orage,proche_banlieue,premium,1
CMD-005760,2025-12-16 10:30:06.301050,7,1,0,7.14,190.99,16.6,1,20.5,0.77,normal,proche_banlieue,premium,1
CMD-005761,2025-12-16 11:57:28.774795,8,1,0,4.57,135.53,24.36,1,7.4,0.28,normal,proche_banlieue,premium,1
CMD-005762,2025-12-16 13:24:51.248541,9,1,0,9.3,45.9,1.5,1,5.0,0.97,normal,proche_banlieue,standard,1
CMD-005763,2025-12-16 14:52:13.722287,10,1,0,10.2,231.2,3.9,1,32.6,0.96,normal,proche_banlieue,standard,1
CMD-005764,2025-12-16 16:19:36.196032,8,1,0,18.65,37.08,2.16,1,33.7,0.32,neige,proche_banlieue,standard,0
CMD-005765,2025-12-16 17:46:58.669778,12,1,0,27.32,242.7,13.09,1,28.6,0.36,normal,rurale,standard,0
CMD-005766,2025-12-16 19:14:21.143523,15,1,0,3.77,116.19,20.11,1,26.9,0.49,normal,proche_banlieue,premium,1
CMD-005767,2025-12-16 20:41:43.617269,11,1,0,11.05,237.19,1.56,1,17.9,0.56,neige,proche_banlieue,standard,1
CMD-005768,2025-12-16 22:09:06.091015,12,1,0,4.5,229.52,19.53,1,39.7,0.55,normal,banlieue,standard,1
CMD-005769,2025-12-16 23:36:28.564760,14,1,0,9.98,107.5,10.94,1,7.2,0.75,normal,proche_banlieue,standard,1
CMD-005770,2025-12-17 01:03:51.038506,15,2,0,9.68,202.01,23.55,0,20.3,0.58,pluie,centre,standard,0
CMD-005771,2025-12-17 02:31:13.512252,12,2,0,9.46,31.55,9.69,1,26.6,0.35,normal,proche_banlieue,standard,1
CMD-005772,2025-12-17 03:58:35.985997,10,2,0,11.66,29.86,24.62,1,25.0,0.41,normal,proche_banlieue,standard,1
CMD-005773,2025-12-17 05:25:58.459743,13,2,0,7.48,95.43,14.0,1,25.0,0.53,pluie,rurale,premium,1
CMD-005774,2025-12-17 06:53:20.933488,7,2,0,4.88,156.35,24.75,1,19.8,0.62,normal,rurale,standard,1
CMD-005775,2025-12-17 08:20:43.407234,14,2,0,7.2,12.24,15.87,1,30.4,0.94,pluie,banlieue,standard,1
CMD-005776,2025-12-17 09:48:05.880980,22,2,0,25.98,133.64,8.79,1,12.8,0.28,neige,proche_banlieue,standard,0
CMD-005777,2025-12-17 11:15:28.354725,13,2,0,4.15,244.16,20.12,1,23.6,0.84,normal,centre,standard,1
CMD-005778,2025-12-17 12:42:50.828471,8,2,0,5.2,216.03,12.28,1,29.3,0.45,normal,proche_banlieue,standard,1
CMD-005779,2025-12-17 14:10:13.302217,18,2,0,3.53,65.79,7.86,1,21.7,0.78,normal,proche_banlieue,standard,1
CMD-005780,2025-12-17 15:37:35.775962,9,2,0,1.02,136.74,12.06,1,25.0,0.41,pluie,rurale,standard,1
CMD-005781,2025-12-17 17:04:58.249708,10,2,0,6.31,51.14,21.82,1,27.2,0.51,normal,centre,standard,1
CMD-005782,2025-12-17 18:32:20.723453,9,2,0,10.47,73.18,18.36,1,7.4,0.55,normal,proche_banlieue,standard,1
CMD-005783,2025-12-17 19:59:43.197199,21,2,0,3.04,231.52,4.51,1,8.3,0.8,pluie,proche_banlieue,standard,1
CMD-005784,2025-12-17 21:27:05.670945,22,2,0,16.74,249.47,21.0,1,26.3,0.33,normal,banlieue,premium,0
CMD-005785,2025-12-17 22:54:28.144690,16,2,0,9.1,68.21,10.9,1,18.9,0.48,normal,proche_banlieue,premium,1
CMD-005786,2025-12-18 00:21:50.618436,16,3,0,13.73,60.9,2.26,1,19.5,0.62,neige,centre,standard,1
CMD-005787,2025-12-18 01:49:13.092182,17,3,0,8.48,102.13,3.85,1,30.7,0.73,normal,banlieue,standard,1
CMD-005788,2025-12-18 03:16:35.565927,16,3,0,5.86,117.01,1.84,1,15.1,0.26,neige,proche_banlieue,standard,1
CMD-005789,2025-12-18 04:43:58.039673,15,3,0,4.97,31.42,16.98,1,5.0,0.28,normal,banlieue,standard,1
CMD-005790,2025-12-18 06:11:20.513418,22,3,0,8.22,45.45,6.59,1,41.6,0.77,normal,centre,standard,1
CMD-005791,2025-12-18 07:38:42.987164,18,3,0,8.77,111.96,2.59,1,37.1,0.49,normal,proche_banlieue,standard,1
CMD-005792,2025-12-18 09:06:05.460910,8,3,0,4.4,66.5,9.27,1,37.0,0.33,pluie,proche_banlieue,standard,1
CMD-005793,2025-12-18 10:33:27.934655,13,3,0,5.75,212.78,21.7,1,13.8,0.41,normal,centre,standard,1
CMD-005794,2025-12-18 12:00:50.408401,22,3,0,22.71,190.37,15.79,1,24.2,0.68,pluie,banlieue,standard,0
CMD-005795,2025-12-18 13:28:12.882147,13,3,0,7.3,138.72,12.26,0,12.3,0.96,normal,rurale,standard,0
CMD-005796,2025-12-18 14:55:35.355892,10,3,0,7.87,113.83,18.38,1,24.4,0.79,neige,centre,standard,1
CMD-005797,2025-12-18 16:22:57.829638,20,3,0,19.13,209.44,2.08,1,21.5,0.84,normal,centre,standard,0
CMD-005798,2025-12-18 17:50:20.303383,16,3,0,8.86,49.84,22.09,1,14.2,0.69,pluie,proche_banlieue,standard,0
CMD-005799,2025-12-18 19:17:42.777129,16,3,0,6.62,222.97,4.61,0,30.0,0.5,normal,proche_banlieue,standard,1
CMD-005800,2025-12-18 20:45:05.250875,13,3,0,13.46,21.78,0.73,1,22.4,0.97,normal,banlieue,standard,1
CMD-005801,2025-12-18 22:12:27.724620,8,3,0,11.42,231.61,9.19,1,42.2,0.27,normal,banlieue,premium,0
CMD-005802,2025-12-18 23:39:50.198366,13,3,0,8.02,43.31,1.65,1,25.9,0.85,normal,proche_banlieue,standard,1
CMD-005803,2025-12-19 01:07:12.672112,13,4,0,8.53,204.9,4.34,1,5.0,0.41,normal,rurale,standard,1
CMD-005804,2025-12-19 02:34:35.145857,21,4,0,5.33,14.33,18.53,1,6.9,0.69,normal,proche_banlieue,standard,1
CMD-005805,2025-12-19 04:01:57.619603,11,4,0,2.47,205.62,10.24,1,46.0,0.99,orage,banlieue,premium,1
CMD-005806,2025-12-19 05:29:20.093348,9,4,0,10.28,150.18,0.37,1,21.4,0.87,neige,banlieue,standard,1
CMD-005807,2025-12-19 06:56:42.567094,13,4,0,1.63,14.57,16.17,1,27.4,0.88,orage,centre,standard,1
CMD-005808,2025-12-19 08:24:05.040840,22,4,0,2.57,195.81,17.74,1,25.1,0.86,normal,centre,standard,1
CMD-005809,2025-12-19 09:51:27.514585,14,4,0,5.69,34.37,22.57,1,39.2,0.56,normal,rurale,standard,1
CMD-005810,2025-12-19 11:18:49.988331,13,4,0,5.24,139.58,4.03,1,5.9,0.51,normal,proche_banlieue,standard,1
CMD-005811,2025-12-19 12:46:12.462077,17,4,0,11.08,89.68,21.46,1,38.3,0.61,pluie,banlieue,premium,0
CMD-005812,2025-12-19 14:13:34.935822,17,4,0,13.15,192.2,17.78,1,37.6,0.43,orage,centre,standard,1
CMD-005813,2025-12-19 15:40:57.409568,11,4,0,24.86,214.77,14.18,0,25.1,0.58,normal,banlieue,standard,0
CMD-005814,2025-12-19 17:08:19.883313,22,4,0,1.37,121.43,6.69,1,29.1,0.3,normal,proche_banlieue,premium,1
CMD-005815,2025-12-19 18:35:42.357059,16,4,0,9.43,191.91,11.55,1,21.3,0.91,normal,proche_banlieue,standard,1
CMD-005816,2025-12-19 20:03:04.830805,7,4,0,9.15,229.99,5.12,1,8.1,0.79,normal,centre,standard,1
CMD-005817,2025-12-19 21:30:27.304550,13,4,0,8.34,175.41,18.0,1,30.8,0.25,neige,centre,standard,1
CMD-005818,2025-12-19 22:57:49.778296,21,4,0,10.28,87.28,17.65,1,27.5,0.73,pluie,banlieue,standard,1
CMD-005819,2025-12-20 00:25:12.252042,13,5,1,11.85,121.19,4.95,1,27.7,0.81,pluie,proche_banlieue,standard,1
CMD-005820,2025-12-20 01:52:34.725787,16,5,1,17.1,65.2,6.46,0,29.8,0.89,normal,banlieue,premium,1
CMD-005821,2025-12-20 03:19:57.199533,16,5,1,8.52,120.02,22.55,1,19.0,0.46,normal,centre,standard,1
CMD-005822,2025-12-20 04:47:19.673278,18,5,1,20.65,69.01,11.9,1,39.9,0.7,normal,proche_banlieue,standard,0
CMD-005823,2025-12-20 06:14:42.147024,20,5,1,8.57,203.74,13.87,0,25.1,0.42,pluie,rurale,standard,0
CMD-005824,2025-12-20 07:42:04.620770,9,5,1,4.68,156.38,23.97,1,30.4,0.88,normal,proche_banlieue,standard,1
CMD-005825,2025-12-20 09:09:27.094515,15,5,1,8.01,161.98,5.33,1,22.3,0.9,normal,banlieue,standard,1
CMD-005826,2025-12-20 10:36:49.568261,15,5,1,3.28,36.46,15.75,1,35.5,0.26,normal,centre,standard,1
CMD-005827,2025-12-20 12:04:12.042007,9,5,1,3.43,10.35,19.4,1,26.0,0.43,normal,proche_banlieue,standard,1
CMD-005828,2025-12-20 13:31:34.515752,17,5,1,6.07,199.4,8.12,1,24.1,0.28,normal,banlieue,standard,1
CMD-005829,2025-12-20 14:58:56.989498,8,5,1,5.41,140.15,7.86,1,37.1,0.52,normal,centre,standard,1
CMD-005830,2025-12-20 16:26:19.463243,14,5,1,16.78,233.57,22.44,1,7.8,0.2,neige,centre,standard,0
CMD-005831,2025-12-20 17:53:41.936989,12,5,1,6.01,138.94,2.67,1,22.2,0.83,normal,centre,standard,1
CMD-005832,2025-12-20 19:21:04.410735,9,5,1,2.87,61.52,4.1,1,18.9,0.55,orage,rurale,standard,1
CMD-005833,2025-12-20 20:48:26.884480,20,5,1,6.94,177.63,10.39,1,28.7,0.63,normal,rurale,standard,1
CMD-005834,2025-12-20 22:15:49.358226,10,5,1,8.51,178.24,20.0,0,28.2,0.79,normal,centre,standard,0
CMD-005835,2025-12-20 23:43:11.831971,11,5,1,7.51,25.73,11.48,1,24.9,0.77,pluie,banlieue,standard,1
CMD-005836,2025-12-21 01:10:34.305717,20,6,1,2.75,176.48,6.91,1,17.9,0.45,normal,proche_banlieue,standard,1
CMD-005837,2025-12-21 02:37:56.779463,21,6,1,18.02,61.01,10.62,1,24.8,0.83,neige,rurale,standard,0
CMD-005838,2025-12-21 04:05:19.253208,7,6,1,1.21,71.08,11.25,1,28.2,0.71,pluie,proche_banlieue,standard,1
CMD-005839,2025-12-21 05:32:41.726954,11,6,1,7.42,17.54,18.23,1,23.2,0.37,normal,centre,standard,1
CMD-005840,2025-12-21 07:00:04.200700,18,6,1,2.66,160.57,21.75,1,36.1,0.22,orage,rurale,standard,0
CMD-005841,2025-12-21 08:27:26.674445,19,6,1,14.0,185.62,8.17,1,31.1,0.8,normal,rurale,premium,0
CMD-005842,2025-12-21 09:54:49.148191,22,6,1,9.46,65.32,17.77,1,25.2,0.33,normal,proche_banlieue,standard,0
CMD-005843,2025-12-21 11:22:11.621936,15,6,1,8.51,200.21,17.59,1,5.0,0.29,neige,proche_banlieue,standard,1
CMD-005844,2025-12-21 12:49:34.095682,7,6,1,5.66,192.89,19.22,1,22.8,0.54,normal,banlieue,standard,1
CMD-005845,2025-12-21 14:16:56.569428,20,6,1,16.96,108.34,14.47,1,31.3,0.94,pluie,centre,standard,0
CMD-005846,2025-12-21 15:44:19.043173,9,6,1,5.65,26.37,0.56,0,22.2,0.77,normal,banlieue,premium,1
CMD-005847,2025-12-21 17:11:41.516919,8,6,1,21.87,77.24,16.47,0,28.0,0.84,neige,rurale,standard,0
CMD-005848,2025-12-21 18:39:03.990665,17,6,1,3.34,49.7,15.38,1,22.8,0.42,normal,centre,premium,1
CMD-005849,2025-12-21 20:06:26.464410,16,6,1,6.97,240.12,15.37,1,27.3,0.87,normal,centre,standard,1
CMD-005850,2025-12-21 21:33:48.938156,7,6,1,11.62,206.26,7.18,1,39.0,0.53,orage,centre,standard,0
CMD-005851,2025-12-21 23:01:11.411901,9,6,1,9.93,28.81,2.63,1,32.9,0.98,pluie,rurale,standard,0
CMD-005852,2025-12-22 00:28:33.885647,16,0,0,6.56,133.23,4.9,0,12.0,0.66,pluie,banlieue,standard,1
CMD-005853,2025-12-22 01:55:56.359393,11,0,0,1.4,74.05,5.56,0,8.4,0.68,normal,proche_banlieue,standard,1
CMD-005854,2025-12-22 03:23:18.833138,17,0,0,7.8,17.71,4.51,1,29.4,0.93,pluie,rurale,standard,1
CMD-005855,2025-12-22 04:50:41.306884,13,0,0,5.12,87.35,6.26,1,36.7,0.96,normal,rurale,standard,1
CMD-005856,2025-12-22 06:18:03.780630,16,0,0,4.18,40.62,1.9,1,8.4,0.21,normal,rurale,standard,1
CMD-005857,2025-12-22 07:45:26.254375,14,0,0,12.11,63.46,6.88,0,22.9,0.39,normal,proche_banlieue,standard,0
CMD-005858,2025-12-22 09:12:48.728121,12,0,0,1.1,88.37,24.95,0,48.7,0.69,normal,banlieue,standard,1
CMD-005859,2025-12-22 10:40:11.201866,12,0,0,6.75,108.13,12.88,1,22.3,0.2,normal,centre,standard,1
CMD-005860,2025-12-22 12:07:33.675612,18,0,0,0.32,122.43,8.74,1,50.3,0.45,pluie,centre,standard,1
CMD-005861,2025-12-22 13:34:56.149358,15,0,0,9.98,134.85,18.07,1,16.8,0.36,normal,banlieue,standard,0
CMD-005862,2025-12-22 15:02:18.623103,16,0,0,12.19,98.8,11.84,1,18.5,0.62,normal,centre,standard,1
CMD-005863,2025-12-22 16:29:41.096849,16,0,0,7.72,129.6,0.93,1,18.0,0.68,pluie,centre,standard,1
CMD-005864,2025-12-22 17:57:03.570595,10,0,0,4.74,110.29,13.78,0,12.2,0.35,normal,centre,standard,0
CMD-005865,2025-12-22 19:24:26.044340,21,0,0,16.8,241.47,7.74,1,8.1,0.63,normal,proche_banlieue,standard,0
CMD-005866,2025-12-22 20:51:48.518086,16,0,0,17.57,26.23,14.37,1,22.8,0.52,normal,proche_banlieue,standard,1
CMD-005867,2025-12-22 22:19:10.991831,18,0,0,8.83,150.63,4.5,1,26.4,0.99,normal,rurale,standard,1
CMD-005868,2025-12-22 23:46:33.465577,21,0,0,19.36,56.48,12.17,1,17.8,0.25,pluie,proche_banlieue,standard,0
CMD-005869,2025-12-23 01:13:55.939323,21,1,0,3.34,100.11,5.0,1,20.2,0.87,normal,proche_banlieue,standard,1
CMD-005870,2025-12-23 02:41:18.413068,17,1,0,6.25,141.15,7.61,1,39.5,1.0,normal,banlieue,standard,1
CMD-005871,2025-12-23 04:08:40.886814,19,1,0,0.58,192.35,17.24,1,34.7,0.63,normal,banlieue,premium,1
CMD-005872,2025-12-23 05:36:03.360560,14,1,0,2.49,244.66,5.85,1,22.4,0.74,normal,proche_banlieue,standard,1
CMD-005873,2025-12-23 07:03:25.834305,18,1,0,2.29,128.47,10.55,0,29.3,0.3,normal,banlieue,standard,1
CMD-005874,2025-12-23 08:30:48.308051,12,1,0,9.94,71.67,2.01,1,8.6,0.48,normal,rurale,standard,1
CMD-005875,2025-12-23 09:58:10.781796,18,1,0,2.66,199.98,17.24,0,27.7,0.35,normal,banlieue,premium,1
CMD-005876,2025-12-23 11:25:33.255542,8,1,0,3.91,63.18,13.57,1,24.4,0.67,pluie,proche_banlieue,standard,1
CMD-005877,2025-12-23 12:52:55.729288,21,1,0,4.34,131.88,20.38,1,21.3,0.95,normal,banlieue,standard,1
CMD-005878,2025-12-23 14:20:18.203033,10,1,0,2.05,213.21,13.47,1,25.3,0.22,normal,banlieue,standard,1
CMD-005879,2025-12-23 15:47:40.676779,17,1,0,7.28,106.91,24.86,1,23.7,0.6,pluie,centre,standard,0
CMD-005880,2025-12-23 17:15:03.150525,7,1,0,8.31,143.67,6.18,1,11.9,0.78,normal,banlieue,standard,1
CMD-005881,2025-12-23 18:42:25.624270,9,1,0,1.58,38.69,18.6,0,41.8,0.54,normal,centre,premium,1
CMD-005882,2025-12-23 20:09:48.098016,22,1,0,11.05,23.43,10.92,1,34.5,0.63,orage,centre,standard,1
CMD-005883,2025-12-23 21:37:10.571761,20,1,0,3.14,246.71,9.52,1,21.1,0.56,normal,centre,standard,1
CMD-005884,2025-12-23 23:04:33.045507,10,1,0,4.28,52.93,18.34,1,7.4,0.68,pluie,centre,standard,1
CMD-005885,2025-12-24 00:31:55.519253,9,2,0,9.51,90.53,23.9,1,5.0,0.25,pluie,centre,standard,1
CMD-005886,2025-12-24 01:59:17.992998,20,2,0,4.31,131.12,18.94,0,45.0,0.64,normal,rurale,standard,0
CMD-005887,2025-12-24 03:26:40.466744,22,2,0,2.53,99.87,8.39,1,23.3,0.61,normal,centre,standard,1
CMD-005888,2025-12-24 04:54:02.940490,9,2,0,6.96,33.36,12.85,1,32.6,0.35,normal,centre,premium,0
CMD-005889,2025-12-24 06:21:25.414235,17,2,0,14.11,57.26,5.59,1,15.5,0.63,normal,banlieue,standard,1
CMD-005890,2025-12-24 07:48:47.887981,11,2,0,12.94,128.43,15.58,1,21.9,0.57,normal,banlieue,premium,1
CMD-005891,2025-12-24 09:16:10.361726,18,2,0,3.98,115.31,10.18,1,22.4,0.67,orage,banlieue,standard,1
CMD-005892,2025-12-24 10:43:32.835472,13,2,0,2.93,201.57,5.86,1,27.4,0.65,normal,rurale,premium,1
CMD-005893,2025-12-24 12:10:55.309218,9,2,0,3.5,84.83,0.72,1,25.9,0.52,pluie,banlieue,standard,1
CMD-005894,2025-12-24 13:38:17.782963,12,2,0,13.04,235.68,23.15,1,15.8,0.82,normal,banlieue,premium,0
CMD-005895,2025-12-24 15:05:40.256709,15,2,0,3.45,77.87,2.15,1,15.7,0.49,normal,proche_banlieue,premium,1
CMD-005896,2025-12-24 16:33:02.730455,19,2,0,18.72,89.51,8.37,0,24.2,0.58,normal,proche_banlieue,standard,0
CMD-005897,2025-12-24 18:00:25.204200,7,2,0,9.42,237.84,4.92,1,7.5,0.54,normal,banlieue,standard,1
CMD-005898,2025-12-24 19:27:47.677946,22,2,0,6.37,211.72,12.45,1,16.8,0.59,normal,proche_banlieue,standard,1
CMD-005899,2025-12-24 20:55:10.151691,17,2,0,3.92,86.07,5.03,1,23.5,0.84,normal,centre,standard,1
CMD-005900,2025-12-24 22:22:32.625437,21,2,0,7.04,104.87,18.46,1,29.0,0.77,pluie,proche_banlieue,standard,1
CMD-005901,2025-12-24 23:49:55.099183,21,2,0,2.51,212.14,5.78,1,40.0,0.23,neige,proche_banlieue,standard,1
CMD-005902,2025-12-25 01:17:17.572928,9,3,0,1.63,30.66,4.8,1,20.2,0.6,normal,centre,standard,1
CMD-005903,2025-12-25 02:44:40.046674,8,3,0,9.49,80.72,5.58,0,25.4,0.3,normal,banlieue,standard,1
CMD-005904,2025-12-25 04:12:02.520420,19,3,0,6.35,137.57,7.58,1,6.3,0.78,pluie,banlieue,standard,1
CMD-005905,2025-12-25 05:39:24.994165,10,3,0,11.34,208.94,16.12,1,28.3,0.99,normal,centre,standard,1
CMD-005906,2025-12-25 07:06:47.467911,9,3,0,8.11,145.51,5.4,1,15.9,0.7,neige,proche_banlieue,standard,1
CMD-005907,2025-12-25 08:34:09.941656,14,3,0,3.87,127.55,17.48,1,21.9,0.5,normal,proche_banlieue,premium,1
CMD-005908,2025-12-25 10:01:32.415402,21,3,0,12.93,240.91,10.87,1,29.8,0.26,normal,proche_banlieue,standard,1
CMD-005909,2025-12-25 11:28:54.889148,19,3,0,4.27,37.94,5.09,1,30.2,0.47,normal,centre,premium,1
CMD-005910,2025-12-25 12:56:17.362893,15,3,0,15.5,197.22,6.15,1,10.5,0.62,normal,rurale,premium,1
CMD-005911,2025-12-25 14:23:39.836639,10,3,0,4.16,40.49,13.28,1,33.0,0.9,pluie,centre,premium,1
CMD-005912,2025-12-25 15:51:02.310385,12,3,0,1.92,185.88,9.59,1,24.6,0.61,normal,banlieue,standard,1
CMD-005913,2025-12-25 17:18:24.784130,18,3,0,17.43,140.34,12.94,1,37.7,0.99,neige,centre,standard,1
CMD-005914,2025-12-25 18:45:47.257876,9,3,0,4.04,73.52,20.35,1,39.6,0.5,normal,banlieue,standard,1
CMD-005915,2025-12-25 20:13:09.731621,15,3,0,4.28,140.4,1.34,1,41.1,0.2,pluie,centre,standard,1
CMD-005916,2025-12-25 21:40:32.205367,7,3,0,2.0,221.06,9.96,1,10.8,0.7,pluie,banlieue,premium,1
CMD-005917,2025-12-25 23:07:54.679113,12,3,0,5.95,123.32,10.5,1,29.0,0.38,normal,rurale,standard,1
CMD-005918,2025-12-26 00:35:17.152858,10,4,0,2.26,11.58,6.42,1,9.2,0.4,neige,rurale,standard,1
CMD-005919,2025-12-26 02:02:39.626604,17,4,0,16.74,23.59,11.16,1,38.0,0.21,normal,rurale,standard,0
CMD-005920,2025-12-26 03:30:02.100350,21,4,0,4.83,161.83,14.25,1,39.4,0.63,normal,proche_banlieue,standard,1
CMD-005921,2025-12-26 04:57:24.574095,9,4,0,2.99,172.7,14.71,1,34.8,0.4,normal,proche_banlieue,standard,1
CMD-005922,2025-12-26 06:24:47.047841,19,4,0,6.77,106.43,16.81,1,20.8,1.0,normal,rurale,standard,1
CMD-005923,2025-12-26 07:52:09.521586,17,4,0,26.91,68.27,2.1,1,30.4,0.87,normal,rurale,standard,0
CMD-005924,2025-12-26 09:19:31.995332,22,4,0,7.01,181.83,11.61,1,19.5,0.78,normal,proche_banlieue,premium,1
CMD-005925,2025-12-26 10:46:54.469078,21,4,0,5.38,83.0,18.99,1,25.1,0.48,neige,proche_banlieue,standard,1
CMD-005926,2025-12-26 12:14:16.942823,8,4,0,6.65,27.76,11.49,0,24.1,0.26,pluie,centre,standard,1
CMD-005927,2025-12-26 13:41:39.416569,18,4,0,11.75,108.31,16.48,1,5.0,0.74,neige,proche_banlieue,standard,1
CMD-005928,2025-12-26 15:09:01.890315,16,4,0,11.01,139.39,14.84,1,16.9,0.22,pluie,proche_banlieue,standard,1
CMD-005929,2025-12-26 16:36:24.364060,8,4,0,7.93,241.75,11.73,0,47.7,0.55,pluie,banlieue,premium,0
CMD-005930,2025-12-26 18:03:46.837806,11,4,0,13.3,152.13,2.16,1,24.1,0.24,neige,proche_banlieue,premium,0
CMD-005931,2025-12-26 19:31:09.311551,21,4,0,6.94,60.0,15.9,1,26.6,0.65,normal,proche_banlieue,standard,1
CMD-005932,2025-12-26 20:58:31.785297,15,4,0,5.74,209.73,13.46,1,24.9,0.65,neige,centre,standard,1
CMD-005933,2025-12-26 22:25:54.259043,12,4,0,6.83,79.96,0.34,1,20.9,0.62,normal,centre,standard,1
CMD-005934,2025-12-26 23:53:16.732788,12,4,0,4.18,240.23,5.33,0,25.4,0.77,normal,banlieue,standard,1
CMD-005935,2025-12-27 01:20:39.206534,20,5,1,11.92,88.07,1.72,0,20.9,0.38,normal,centre,standard,0
CMD-005936,2025-12-27 02:48:01.680280,11,5,1,4.01,228.28,14.34,1,5.0,0.39,normal,rurale,standard,1
CMD-005937,2025-12-27 04:15:24.154025,9,5,1,0.87,220.95,0.58,1,32.9,0.53,normal,centre,premium,1
CMD-005938,2025-12-27 05:42:46.627771,16,5,1,1.62,217.36,21.09,1,41.1,0.76,neige,banlieue,standard,0
CMD-005939,2025-12-27 07:10:09.101516,22,5,1,8.53,19.45,23.7,1,13.4,0.29,normal,centre,standard,1
CMD-005940,2025-12-27 08:37:31.575262,9,5,1,3.47,213.97,24.39,1,20.9,0.91,normal,banlieue,standard,1
CMD-005941,2025-12-27 10:04:54.049008,11,5,1,11.19,183.11,5.82,1,40.0,0.4,orage,banlieue,standard,0
CMD-005942,2025-12-27 11:32:16.522753,14,5,1,6.39,90.23,12.48,0,17.3,0.3,neige,centre,standard,0
CMD-005943,2025-12-27 12:59:38.996499,10,5,1,11.86,127.62,22.3,0,28.9,0.68,pluie,proche_banlieue,standard,0
CMD-005944,2025-12-27 14:27:01.470245,17,5,1,0.97,163.58,17.25,1,68.3,0.42,normal,banlieue,standard,1
CMD-005945,2025-12-27 15:54:23.943990,11,5,1,3.98,236.45,7.61,1,31.3,0.53,normal,centre,standard,1
CMD-005946,2025-12-27 17:21:46.417736,9,5,1,2.9,197.22,20.88,0,25.7,0.25,neige,proche_banlieue,standard,1
CMD-005947,2025-12-27 18:49:08.891481,11,5,1,30.43,112.84,14.43,1,33.8,0.57,normal,proche_banlieue,premium,0
CMD-005948,2025-12-27 20:16:31.365227,21,5,1,4.56,164.9,18.3,1,32.8,0.44,normal,banlieue,standard,1
CMD-005949,2025-12-27 21:43:53.838973,21,5,1,1.59,54.61,24.24,1,18.4,0.34,normal,proche_banlieue,standard,1
CMD-005950,2025-12-27 23:11:16.312718,15,5,1,8.42,111.75,24.94,1,7.6,0.51,pluie,banlieue,premium,1
CMD-005951,2025-12-28 00:38:38.786464,13,6,1,2.68,199.91,12.72,1,30.9,0.82,normal,rurale,standard,1
CMD-005952,2025-12-28 02:06:01.260210,20,6,1,12.73,155.58,4.08,1,32.4,0.81,neige,banlieue,standard,1
CMD-005953,2025-12-28 03:33:23.733955,10,6,1,14.23,197.98,15.57,0,22.0,0.49,pluie,centre,standard,0
CMD-005954,2025-12-28 05:00:46.207701,17,6,1,2.92,132.36,16.17,1,41.5,0.98,orage,centre,standard,1
CMD-005955,2025-12-28 06:28:08.681446,17,6,1,3.56,101.23,14.39,1,39.4,0.3,normal,proche_banlieue,standard,0
CMD-005956,2025-12-28 07:55:31.155192,18,6,1,7.85,188.21,10.67,1,32.7,0.88,normal,proche_banlieue,premium,0
CMD-005957,2025-12-28 09:22:53.628938,10,6,1,12.99,32.5,14.62,1,22.2,0.98,pluie,proche_banlieue,premium,1
CMD-005958,2025-12-28 10:50:16.102683,18,6,1,8.53,244.87,13.44,1,5.0,0.66,orage,proche_banlieue,premium,1
CMD-005959,2025-12-28 12:17:38.576429,16,6,1,4.57,237.61,23.63,1,23.3,0.25,normal,rurale,premium,0
CMD-005960,2025-12-28 13:45:01.050175,21,6,1,1.93,221.29,20.97,0,6.6,0.94,normal,banlieue,premium,1
CMD-005961,2025-12-28 15:12:23.523920,9,6,1,19.86,222.23,9.96,1,5.0,0.55,normal,centre,premium,1
CMD-005962,2025-12-28 16:39:45.997666,16,6,1,8.68,132.65,14.36,0,31.5,0.34,pluie,proche_banlieue,standard,0
CMD-005963,2025-12-28 18:07:08.471411,20,6,1,22.72,129.51,14.24,0,36.7,0.91,normal,banlieue,standard,0
CMD-005964,2025-12-28 19:34:30.945157,11,6,1,9.6,206.82,12.87,1,5.5,0.54,normal,centre,standard,1
CMD-005965,2025-12-28 21:01:53.418903,18,6,1,20.76,77.98,1.64,0,22.4,0.6,normal,centre,standard,0
CMD-005966,2025-12-28 22:29:15.892648,8,6,1,3.28,213.98,17.87,0,24.8,0.66,normal,rurale,standard,1
CMD-005967,2025-12-28 23:56:38.366394,18,6,1,3.5,58.21,18.34,1,22.1,0.93,normal,banlieue,premium,1
CMD-005968,2025-12-29 01:24:00.840140,16,0,0,5.57,220.99,12.21,1,11.2,0.6,normal,rurale,premium,1
CMD-005969,2025-12-29 02:51:23.313885,10,0,0,3.05,139.86,22.56,1,38.3,0.91,normal,banlieue,standard,1
CMD-005970,2025-12-29 04:18:45.787631,8,0,0,1.34,212.37,24.6,1,11.5,0.34,normal,banlieue,premium,1
CMD-005971,2025-12-29 05:46:08.261376,18,0,0,3.82,128.35,20.36,1,5.5,0.69,normal,banlieue,standard,1
CMD-005972,2025-12-29 07:13:30.735122,10,0,0,9.5,156.02,23.21,1,11.3,0.62,normal,proche_banlieue,standard,1
CMD-005973,2025-12-29 08:40:53.208868,14,0,0,2.16,232.43,12.29,1,29.8,0.46,pluie,centre,premium,0
CMD-005974,2025-12-29 10:08:15.682613,7,0,0,2.41,110.37,22.87,1,22.3,0.37,normal,centre,premium,1
CMD-005975,2025-12-29 11:35:38.156359,22,0,0,4.03,62.87,23.39,1,17.3,0.26,normal,proche_banlieue,standard,1
CMD-005976,2025-12-29 13:03:00.630105,15,0,0,2.75,31.84,15.66,1,30.3,0.41,normal,centre,standard,1
CMD-005977,2025-12-29 14:30:23.103850,21,0,0,4.23,151.59,3.94,1,28.3,0.74,normal,banlieue,standard,1
CMD-005978,2025-12-29 15:57:45.577596,9,0,0,5.9,156.66,3.98,1,5.0,0.42,pluie,proche_banlieue,standard,1
CMD-005979,2025-12-29 17:25:08.051341,10,0,0,2.31,158.97,11.91,1,30.2,0.78,normal,rurale,standard,1
CMD-005980,2025-12-29 18:52:30.525087,16,0,0,4.11,18.92,18.44,1,36.8,0.9,normal,proche_banlieue,premium,1
CMD-005981,2025-12-29 20:19:52.998833,16,0,0,6.32,16.58,12.63,0,23.8,0.76,pluie,proche_banlieue,standard,1
CMD-005982,2025-12-29 21:47:15.472578,19,0,0,3.16,224.9,20.04,0,22.7,0.84,normal,centre,standard,1
CMD-005983,2025-12-29 23:14:37.946324,21,0,0,1.93,176.92,19.29,0,43.9,0.66,normal,centre,standard,1
CMD-005984,2025-12-30 00:42:00.420070,20,1,0,3.37,37.2,5.25,1,17.9,0.96,normal,proche_banlieue,standard,1
CMD-005985,2025-12-30 02:09:22.893815,9,1,0,4.78,27.91,3.49,1,23.3,0.81,normal,centre,standard,1
CMD-005986,2025-12-30 03:36:45.367561,11,1,0,1.26,48.85,17.7,1,28.3,0.46,neige,banlieue,premium,1
CMD-005987,2025-12-30 05:04:07.841306,21,1,0,9.61,203.66,8.15,1,25.5,0.78,pluie,centre,standard,0
CMD-005988,2025-12-30 06:31:30.315052,15,1,0,5.0,183.54,23.3,1,22.3,0.74,normal,rurale,standard,1
CMD-005989,2025-12-30 07:58:52.788798,20,1,0,3.39,163.28,21.74,1,25.9,0.8,normal,proche_banlieue,premium,1
CMD-005990,2025-12-30 09:26:15.262543,16,1,0,1.49,163.79,11.39,1,40.7,0.46,normal,proche_banlieue,standard,1
CMD-005991,2025-12-30 10:53:37.736289,7,1,0,8.74,216.13,14.6,1,33.1,0.61,normal,rurale,standard,0
CMD-005992,2025-12-30 12:21:00.210035,14,1,0,14.33,90.03,21.21,1,24.3,0.9,normal,banlieue,standard,1
CMD-005993,2025-12-30 13:48:22.683780,20,1,0,3.96,87.34,21.81,0,16.4,0.98,normal,centre,premium,1
CMD-005994,2025-12-30 15:15:45.157526,17,1,0,21.41,112.1,14.01,1,17.7,0.49,neige,proche_banlieue,standard,0
CMD-005995,2025-12-30 16:43:07.631271,9,1,0,6.1,247.52,24.3,1,34.5,0.59,pluie,centre,standard,1
CMD-005996,2025-12-30 18:10:30.105017,10,1,0,6.27,143.18,13.12,1,9.1,0.46,pluie,banlieue,standard,1
CMD-005997,2025-12-30 19:37:52.578763,20,1,0,11.56,141.26,1.22,1,49.0,0.77,neige,banlieue,standard,0
CMD-005998,2025-12-30 21:05:15.052508,22,1,0,9.07,204.3,14.15,0,24.7,0.23,normal,rurale,standard,0
CMD-005999,2025-12-30 22:32:37.526254,19,1,0,2.15,52.74,19.47,1,11.2,0.96,normal,centre,standard,1
CMD-006000,2025-12-31 00:00:00.000000,8,2,0,3.83,107.3,24.63,1,26.8,0.64,normal,centre,premium,1
